# This file uses centimeters as units for non-parametric coordinates.

mtllib bread_sun.mtl
g default
v -795.878176 115.497196 619.856358
v -796.458475 115.523164 619.449823
v -797.370733 115.553911 619.133059
v -798.534547 115.559382 618.932923
v -799.842874 115.499931 618.864754
v -801.151360 115.559382 618.932923
v -802.315121 115.553911 619.133059
v -803.227218 115.523164 619.449823
v -803.807625 115.497196 619.856358
v -804.006650 115.487864 620.314167
v -803.807625 115.497196 620.771975
v -803.227218 115.523164 621.178468
v -802.315121 115.553911 621.495274
v -801.151360 115.559382 621.695368
v -799.842874 115.499931 621.763580
v -798.534547 115.559382 621.695368
v -797.370733 115.553911 621.495274
v -796.458743 115.523164 621.178468
v -795.878176 115.497196 620.771975
v -795.679204 115.487864 620.314167
v -792.175112 115.544732 619.395397
v -793.279481 115.538208 618.596574
v -795.024666 115.556623 617.993223
v -797.275643 115.609275 617.625732
v -799.842874 115.540678 617.503935
v -802.410319 115.609275 617.625732
v -804.661188 115.556623 617.993223
v -806.406534 115.538208 618.596574
v -807.510743 115.544732 619.395397
v -807.888800 115.544612 620.314167
v -807.510743 115.544732 621.232936
v -806.406534 115.538208 622.031759
v -804.661188 115.556623 622.635068
v -802.410319 115.609275 623.002559
v -799.842874 115.540678 623.124398
v -797.275643 115.609275 623.002559
v -795.024666 115.556623 622.635068
v -793.279481 115.538208 622.031759
v -792.175112 115.544732 621.232936
v -791.797108 115.544612 620.314167
v -788.754156 115.755312 618.932587
v -790.343305 115.782737 617.755136
v -792.848518 115.788883 616.900584
v -796.094730 115.763984 616.409069
v -799.842874 115.671984 616.254827
v -803.591125 115.763984 616.409069
v -806.837336 115.788883 616.900584
v -809.342656 115.782737 617.755136
v -810.931751 115.755312 618.932587
v -811.477959 115.742336 620.314167
v -810.931751 115.755312 621.695747
v -809.342656 115.782737 622.873198
v -806.837336 115.788883 623.727749
v -803.591125 115.763984 624.219264
v -799.842874 115.671984 624.373506
v -796.094730 115.763984 624.219264
v -792.848518 115.788883 623.727749
v -790.343305 115.782737 622.873198
v -788.754156 115.755312 621.695747
v -788.207948 115.742336 620.314167
v -785.614935 116.030547 618.479275
v -787.671818 116.091977 616.940258
v -790.876648 116.143536 615.869138
v -795.017322 116.103739 615.298862
v -799.842874 115.937952 615.135626
v -804.668585 116.103739 615.298862
v -808.809206 116.143536 615.869138
v -812.013983 116.091977 616.940258
v -814.071026 116.030547 618.479275
v -814.784795 116.005375 620.314167
v -814.071026 116.030547 622.149059
v -812.013983 116.091977 623.688075
v -808.809206 116.143536 624.759153
v -804.668585 116.103739 625.329471
v -799.842874 115.937952 625.492707
v -795.017322 116.103739 625.329471
v -790.876648 116.143536 624.759153
v -787.671818 116.091977 623.688075
v -785.614935 116.030547 622.149059
v -784.901166 116.005375 620.314167
v -782.779853 116.417540 618.053785
v -785.293160 116.503507 616.177622
v -789.141487 116.590784 614.922251
v -794.067382 116.581871 614.312260
v -799.842874 116.359594 614.161464
v -805.618473 116.581871 614.312260
v -810.544367 116.590784 614.922251
v -814.392801 116.503507 616.177622
v -816.905947 116.417540 618.053785
v -817.788027 116.383954 620.314167
v -816.905947 116.417540 622.574548
v -814.392801 116.503507 624.450711
v -810.544367 116.590784 625.706082
v -805.618473 116.581871 626.316073
v -799.842874 116.359594 626.466869
v -794.067382 116.581871 626.316073
v -789.141487 116.590784 625.706082
v -785.293160 116.503507 624.450711
v -782.779853 116.417540 622.574548
v -781.897880 116.383954 620.314167
v -780.307606 116.938945 617.677090
v -783.251715 117.036198 615.498873
v -787.676642 117.140925 614.089596
v -793.266402 117.154159 613.468720
v -799.842874 116.927667 613.345158
v -806.419560 117.154159 613.468762
v -812.009212 117.140925 614.089596
v -816.434247 117.036198 615.498873
v -819.378302 116.938945 617.677090
v -820.422797 116.900684 620.314167
v -819.378302 116.938945 622.951243
v -816.434247 117.036198 625.129460
v -812.009212 117.140925 626.538695
v -806.419560 117.154159 627.159572
v -799.842874 116.927667 627.283175
v -793.266402 117.154159 627.159572
v -787.676642 117.140925 626.538695
v -783.251715 117.036198 625.129460
v -780.307606 116.938945 622.951243
v -779.263432 116.900684 620.314167
v -778.282295 117.595711 617.368186
v -781.605104 117.691725 614.935868
v -786.517706 117.794545 613.403282
v -792.633304 117.814014 612.788079
v -799.842874 117.601552 612.698140
v -807.052603 117.814014 612.788079
v -813.168149 117.794545 613.403282
v -818.080857 117.691725 614.935868
v -821.403613 117.595711 617.368186
v -822.592513 117.557193 620.314167
v -821.403613 117.595711 623.260148
v -818.080857 117.691725 625.692465
v -813.168149 117.794545 627.225051
v -807.052603 117.814014 627.840212
v -799.842874 117.601552 627.930193
v -792.633304 117.814014 627.840212
v -786.517706 117.794545 627.225051
v -781.605104 117.691725 625.692465
v -778.282295 117.595711 623.260148
v -777.093449 117.557193 620.314167
v -776.794562 118.371765 617.141067
v -780.413256 118.454964 614.516263
v -785.690729 118.539225 612.892392
v -792.182562 118.549562 612.288705
v -799.842874 118.357550 612.229614
v -807.503238 118.549562 612.288705
v -813.995126 118.539225 612.892392
v -819.272652 118.454964 614.516305
v -822.891346 118.371765 617.141067
v -824.194097 118.337116 620.314167
v -822.891346 118.371765 623.487266
v -819.272652 118.454964 626.112028
v -813.995126 118.539225 627.735899
v -807.503238 118.549562 628.339628
v -799.842874 118.357550 628.398677
v -792.182562 118.549562 628.339628
v -785.690729 118.539225 627.735899
v -780.413310 118.454964 626.112028
v -776.794562 118.371765 623.487266
v -775.491757 118.337116 620.314167
v -775.923202 119.238282 617.003678
v -779.727897 119.299044 614.260187
v -785.224067 119.352292 612.580714
v -791.924681 119.342799 611.984928
v -799.842874 119.177624 611.946136
v -807.761173 119.342799 611.984928
v -814.461734 119.352292 612.580714
v -819.958011 119.299044 614.260187
v -823.762759 119.238282 617.003678
v -825.137820 119.210914 620.314167
v -823.762759 119.238282 623.624655
v -819.958011 119.299044 626.368104
v -814.461734 119.352292 628.047619
v -807.761173 119.342799 628.643405
v -799.842874 119.177624 628.682197
v -791.924681 119.342799 628.643405
v -785.224067 119.352292 628.047619
v -779.727897 119.299044 626.368104
v -775.923202 119.238282 623.624655
v -774.548088 119.210914 620.314167
v -775.720692 120.156020 616.959423
v -779.581241 120.189140 614.179284
v -785.128226 120.205246 612.482201
v -791.863950 120.171232 611.885448
v -799.842874 120.036298 611.851322
v -807.821904 120.171232 611.885448
v -814.557682 120.205246 612.482201
v -820.104614 120.189140 614.179284
v -823.965215 120.156020 616.959423
v -825.364076 120.139214 620.314167
v -823.965215 120.156020 623.668910
v -820.104614 120.189140 626.449049
v -814.557682 120.205246 628.146132
v -807.821904 120.171232 628.742885
v -799.842874 120.036298 628.777012
v -791.863950 120.171232 628.742885
v -785.128226 120.205246 628.146132
v -779.581241 120.189140 626.449049
v -775.720692 120.156020 623.668910
v -774.321725 120.139214 620.314167
v -776.202095 121.079252 617.009478
v -779.978380 121.079220 614.276914
v -785.400686 121.053276 612.600131
v -791.998599 120.991508 611.992283
v -799.842874 120.888744 611.946136
v -807.687202 120.991508 611.992283
v -814.285221 121.053276 612.600131
v -819.707527 121.079220 614.276914
v -823.483759 121.079252 617.009478
v -824.854317 121.075053 620.314167
v -823.483759 121.079252 623.618855
v -819.707527 121.079220 626.351377
v -814.285221 121.053276 628.028202
v -807.687202 120.991508 628.636050
v -799.842874 120.888744 628.682197
v -791.998599 120.991508 628.636050
v -785.400686 121.053276 628.028202
v -779.978380 121.079220 626.351377
v -776.202095 121.079252 623.618855
v -774.831590 121.075053 620.314167
v -777.338626 121.951409 617.153339
v -780.893962 121.918393 614.548036
v -786.024350 121.852539 612.927065
v -792.321660 121.766122 612.300935
v -799.842874 121.693719 612.229614
v -807.364247 121.766122 612.300935
v -813.661505 121.852539 612.927065
v -818.791999 121.918393 614.548036
v -822.347336 121.951409 617.153339
v -823.636847 121.960097 620.314167
v -822.347336 121.951409 623.474994
v -818.791999 121.918393 626.080255
v -813.661505 121.852539 627.701268
v -807.364247 121.766122 628.327398
v -799.842874 121.693719 628.398677
v -792.321660 121.766122 628.327398
v -786.024403 121.852539 627.701268
v -780.893962 121.918393 626.080255
v -777.338626 121.951409 623.474994
v -776.048953 121.960097 620.314167
v -779.055670 122.731807 617.387056
v -782.272400 122.672082 614.978232
v -786.969788 122.575698 613.445772
v -792.821234 122.473964 612.803293
v -799.842874 122.432204 612.698140
v -806.864674 122.473964 612.803293
v -812.716227 122.575698 613.445772
v -817.413454 122.672082 614.978232
v -820.630292 122.731807 617.387056
v -821.792337 122.751098 620.314167
v -820.630292 122.731807 623.241277
v -817.413454 122.672082 625.650101
v -812.716227 122.575698 627.182561
v -806.864674 122.473964 627.825040
v -799.842874 122.432204 627.930193
v -792.821234 122.473964 627.825040
v -786.969788 122.575698 627.182561
v -782.272400 122.672082 625.650101
v -779.055670 122.731807 623.241277
v -777.893624 122.751098 620.314167
v -781.240662 123.389457 617.700373
v -784.036132 123.313764 615.544389
v -788.197818 123.201902 614.131540
v -793.482044 123.099693 613.483177
v -799.842874 123.086725 613.345158
v -806.203864 123.099693 613.483177
v -811.487983 123.201902 614.131540
v -815.649723 123.313764 615.544389
v -818.445192 123.389457 617.700373
v -819.446162 123.415571 620.314167
v -818.445192 123.389457 622.927918
v -815.649723 123.313764 625.083944
v -811.487983 123.201902 626.496793
v -806.203864 123.099693 627.145156
v -799.842874 123.086725 627.283175
v -793.482044 123.099693 627.145156
v -788.197871 123.201902 626.496793
v -784.036185 123.313764 625.083944
v -781.240662 123.389457 622.927918
v -780.239692 123.415571 620.314167
v -783.766297 123.907057 618.076816
v -786.103092 123.828106 616.217548
v -789.669684 123.719188 614.956126
v -794.286990 123.631420 614.323607
v -799.842874 123.644790 614.161464
v -805.398810 123.631420 614.323607
v -810.016277 123.719188 614.956126
v -813.582763 123.828106 616.217548
v -815.919664 123.907057 618.076816
v -816.747016 123.935375 620.314167
v -815.919664 123.907057 622.551517
v -813.582763 123.828106 624.410785
v -810.016277 123.719188 625.672207
v -805.398810 123.631420 626.304684
v -799.842874 123.644790 626.466869
v -794.286990 123.631420 626.304684
v -789.669684 123.719188 625.672207
v -786.103092 123.828106 624.410785
v -783.766297 123.907057 622.551517
v -782.938784 123.935375 620.314167
v -788.407296 124.213072 616.968039
v -791.351136 124.125054 615.891118
v -795.217902 124.066070 615.306049
v -804.468059 124.066070 615.306049
v -808.334825 124.125054 615.891118
v -811.278559 124.213072 616.968039
v -813.159787 124.282651 618.496800
v -813.159787 124.282651 622.131533
v -811.278559 124.213088 623.660294
v -808.334825 124.125054 624.737215
v -804.468059 124.066070 625.322284
v -795.217902 124.066070 625.322284
v -791.351136 124.125054 624.737215
v -788.407296 124.213088 623.660294
v -789.472696 124.528909 618.942211
v -790.918887 124.482008 617.769425
v -796.255805 124.403724 616.412599
v -803.430103 124.403724 616.412599
v -808.767074 124.482008 617.769425
v -810.213319 124.528909 618.942211
v -810.708444 124.546261 620.314167
v -810.213319 124.528909 621.686122
v -808.767074 124.482008 622.858908
v -803.430103 124.403724 624.215692
v -796.255805 124.403724 624.215692
v -790.918887 124.482008 622.858908
v -789.472696 124.528909 621.686122
v -788.977410 124.546261 620.314167
v -795.265876 124.644118 617.996711
v -797.384831 124.650811 617.626825
v -802.301077 124.650811 617.626825
v -804.419924 124.644118 617.996711
v -804.419924 124.644118 622.631622
v -802.301077 124.650811 623.001467
v -797.384831 124.650811 623.001467
v -795.265876 124.644118 622.631622
v -796.074093 124.783517 619.856778
v -796.618960 124.785561 619.450453
v -797.479653 124.792785 619.133479
v -798.586971 124.810347 618.933049
v -802.206094 124.792785 619.133479
v -803.066894 124.785561 619.450453
v -803.611762 124.783517 619.856778
v -803.797976 124.783381 620.314167
v -803.611762 124.783517 620.771555
v -803.066894 124.785561 621.177880
v -802.206094 124.792785 621.494812
v -798.586971 124.810347 621.695284
v -797.479653 124.792785 621.494812
v -796.618960 124.785561 621.177880
v -796.074093 124.783517 620.771555
v -795.887824 124.783381 620.314167
v -799.842874 115.495442 620.314167
v -812.841657 124.382382 620.314167
v -814.886908 124.047615 622.394375
v -815.276007 124.122077 620.314167
v -814.864020 124.050728 618.237447
v -807.226114 123.666149 614.573925
v -808.726873 124.599759 619.156931
v -808.703663 124.631769 620.314167
v -808.690530 124.601481 621.466149
v -806.612367 123.654492 626.138506
v -806.031747 124.089915 625.085709
v -805.385624 124.419388 623.894599
v -805.390931 124.541547 623.146883
v -805.397524 124.653651 622.266736
v -805.400633 124.686900 621.844609
v -805.407172 124.729256 621.010525
v -805.412640 124.740333 620.314167
v -805.418321 124.728926 619.616295
v -805.425236 124.685862 618.776705
v -805.428774 124.653957 618.373238
v -805.424539 124.538008 617.463589
v -805.421430 124.419677 616.739618
v -805.941963 124.088539 615.529049
v -801.046193 124.091596 615.179966
v -801.293031 124.431559 616.318541
v -801.443118 124.666514 617.583956
v -801.464398 124.761837 618.535844
v -801.474958 124.804377 619.001176
v -801.467293 124.822792 619.502568
v -801.461611 124.836975 619.880566
v -801.458073 124.843684 620.118191
v -801.455018 124.845824 620.314167
v -801.452338 124.843837 620.509470
v -801.448800 124.837385 620.744321
v -801.443547 124.823757 621.113830
v -801.436096 124.804989 621.634176
v -801.430468 124.766342 622.055631
v -801.191777 124.671108 623.056943
v -801.008671 124.435252 624.322232
v -800.817632 124.093301 625.456815
v -798.965618 124.094033 625.460345
v -798.696105 124.435493 624.323073
v -798.558454 124.672283 623.060179
v -798.589115 124.837844 620.940633
v -798.589704 124.848672 620.649843
v -798.590079 124.853804 620.466181
v -798.590401 124.855405 620.314167
v -798.590079 124.853804 620.162110
v -798.589704 124.848672 619.978448
v -798.589115 124.837860 619.687700
v -798.598495 124.673015 617.566094
v -798.693532 124.435469 616.305386
v -799.024902 124.094476 615.165802
v -792.947575 123.656889 614.507101
v -793.831424 124.087211 615.515810
v -794.193240 124.420240 616.751343
v -794.228885 124.534588 617.446441
v -794.273322 124.653788 618.367271
v -794.291439 124.687173 618.785489
v -794.325691 124.730679 619.624028
v -794.307842 124.741266 620.314167
v -794.287848 124.729537 621.009307
v -794.260243 124.685846 621.851754
v -794.246038 124.654061 622.250934
v -793.763188 124.485379 623.429099
v -793.632881 124.424721 623.784991
v -793.169435 124.097316 625.012329
v -792.515326 123.665095 626.062015
v -791.122254 124.607522 621.447825
v -791.071171 124.635558 620.314167
v -791.008671 124.602108 619.164076
v -787.007792 124.264824 618.105227
v -787.053568 124.326736 618.576569
v -787.207461 124.410273 620.314167
v -787.186341 124.337814 622.031759
v -787.136598 124.260069 622.627713
v -784.956913 124.069119 622.370335
v -784.878546 124.181560 620.314167
v -784.890875 124.060101 618.247954
v -813.240297 124.226555 618.659028
v -812.950309 124.317380 620.314167
v -813.240297 124.226555 621.969306
v -813.625430 123.812571 624.045185
v -814.812990 124.012492 622.208738
v -815.167355 124.080317 620.314167
v -814.792300 124.015332 618.422747
v -813.625430 123.812571 616.583148
v -813.434874 124.085779 618.713706
v -813.825689 124.159389 620.314167
v -813.157642 124.195582 620.314167
v -813.437018 124.085578 621.914333
v -813.758793 123.831983 623.339622
v -814.394356 123.956919 622.093876
v -814.658026 124.023384 620.315217
v -814.381598 123.958600 618.536516
v -813.754505 123.832345 617.288081
v -803.227218 115.523164 619.449823
v -803.807625 115.497196 619.856358
v -807.510743 115.544732 619.395397
v -806.406534 115.538208 618.596574
v -804.006650 115.487864 620.314167
v -803.807625 115.497196 620.771975
v -807.510743 115.544732 621.232936
v -807.888800 115.544612 620.314167
v -799.842874 115.495442 620.314167
v -803.227218 115.523164 621.178468
v -802.315121 115.553911 621.495274
v -804.661188 115.556623 622.635068
v -806.406534 115.538208 622.031759
v -806.837336 115.788883 623.727749
v -803.591125 115.763984 624.219264
v -804.668585 116.103739 625.329471
v -808.809206 116.143536 624.759153
v -805.941963 124.088539 615.529049
v -807.226114 123.666149 614.573925
v -808.334825 124.125054 615.891118
v -808.334825 124.125054 624.737215
v -806.612367 123.654492 626.138506
v -806.031747 124.089915 625.085709
v -805.421430 124.419677 616.739618
v -808.767074 124.482008 617.769425
v -808.767074 124.482008 622.858908
v -805.385624 124.419388 623.894599
v -805.424539 124.538008 617.463589
v -805.428774 124.653957 618.373238
v -808.726873 124.599759 619.156931
v -808.703663 124.631769 620.314167
v -808.690530 124.601481 621.466149
v -805.390931 124.541547 623.146883
v -805.397524 124.653651 622.266736
v -805.425236 124.685862 618.776705
v -805.418321 124.728926 619.616295
v -805.412640 124.740333 620.314167
v -805.407172 124.729256 621.010525
v -805.400633 124.686900 621.844609
v -806.176151 123.950756 615.632101
v -807.208747 123.599345 614.815375
v -808.133548 123.991310 615.988413
v -808.125293 123.990795 624.641728
v -806.721984 123.589370 625.880918
v -806.237044 123.951641 624.986230
v -805.619759 124.256650 616.739029
v -808.516966 124.332794 617.787959
v -808.516055 124.332802 622.840584
v -805.590010 124.256924 623.891994
v -805.638252 124.380354 617.471952
v -805.623297 124.492506 618.343651
v -808.506031 124.455991 619.174204
v -808.529670 124.486143 620.313620
v -808.476121 124.457375 621.449716
v -805.608503 124.383251 623.142092
v -805.596013 124.492337 622.293718
v -805.527938 124.534830 618.811294
v -805.605394 124.572568 619.607847
v -805.632677 124.583356 620.314209
v -805.595638 124.572857 621.019351
v -805.506229 124.535658 621.811827
v -806.947436 123.734996 615.949159
v -807.178462 123.614542 615.583097
v -807.448189 123.789547 616.283868
v -807.413883 123.787609 624.350727
v -807.096611 123.610455 625.059820
v -806.914363 123.734328 624.680561
v -806.322700 123.954264 616.705701
v -806.453544 124.032073 616.987582
v -807.611515 124.078338 617.823851
v -807.607120 124.078290 622.805575
v -806.453490 124.032073 623.640751
v -806.310586 123.955945 623.916622
v -806.369441 124.094130 617.461193
v -806.028263 124.258219 618.637341
v -806.274887 124.196395 618.224376
v -807.708964 124.221816 619.219258
v -807.039739 124.276730 619.417966
v -807.891909 124.246932 620.311897
v -807.384027 124.284220 620.314167
v -807.700870 124.222106 621.407730
v -807.039739 124.276730 621.210325
v -806.028263 124.258219 621.990992
v -806.354486 124.094886 623.164576
v -806.261540 124.196636 622.404924
v -805.933762 124.272868 618.905479
v -806.291021 124.293970 619.570190
v -806.433657 124.302320 620.314461
v -806.285929 124.294074 621.058731
v -805.922183 124.273021 621.723779
v -799.120046 123.998864 615.226154
v -799.860723 123.611992 614.343907
v -800.903450 123.997175 615.239939
v -800.699332 123.997874 625.397892
v -799.847269 123.611541 626.285771
v -799.069928 123.998454 625.400666
v -798.825447 124.331129 616.338210
v -801.132332 124.327179 616.348969
v -800.881044 124.330453 624.290123
v -798.825019 124.330943 624.290417
v -798.737968 124.566261 617.582233
v -801.260012 124.560332 617.594757
v -801.042601 124.564708 623.040678
v -798.704413 124.565698 623.044461
v -798.713204 124.703657 618.945699
v -801.355961 124.658824 618.538660
v -801.376651 124.702233 619.056485
v -801.342346 124.702965 621.575589
v -801.320797 124.662975 622.056892
v -798.712078 124.703577 621.683180
v -798.720012 124.751982 620.178543
v -798.716795 124.747236 620.011608
v -798.707951 124.736689 619.731535
v -801.304609 124.723552 619.571956
v -801.298338 124.736633 619.922257
v -801.291316 124.742851 620.138743
v -801.287725 124.744806 620.314167
v -801.286009 124.742988 620.488918
v -801.286492 124.737011 620.702714
v -801.283758 124.724388 621.045955
v -798.707951 124.736673 620.896798
v -798.716795 124.747236 620.616725
v -798.720012 124.751982 620.449706
v -798.721137 124.753446 620.314083
v -799.321269 123.826899 615.354213
v -799.891544 123.561929 614.709969
v -799.843249 123.819836 615.245025
v -800.607672 123.827285 615.366821
v -800.454476 123.826151 625.272901
v -799.854988 123.560602 625.922441
v -799.843142 123.819836 625.383308
v -799.288089 123.826521 625.274078
v -799.101875 124.136727 616.401210
v -799.843142 124.158263 616.328460
v -800.792707 124.132930 616.406884
v -800.610298 124.135343 624.228300
v -799.843142 124.158287 624.299832
v -799.096782 124.136196 624.227838
v -799.029833 124.367258 617.613796
v -799.843142 124.397820 617.548611
v -800.883724 124.363090 617.618503
v -800.735781 124.366936 623.006804
v -799.843142 124.397820 623.079680
v -799.009035 124.366968 623.013613
v -798.978268 124.505032 618.970916
v -799.843302 124.540461 618.885641
v -801.123970 124.467664 618.548032
v -801.090254 124.509899 618.953853
v -801.165351 124.512771 619.164244
v -801.139568 124.513664 621.461946
v -801.088753 124.471067 622.055505
v -801.090146 124.509899 621.674397
v -799.843302 124.540461 621.742650
v -798.975588 124.504831 621.658846
v -798.994080 124.563445 620.212417
v -798.984378 124.559447 620.079441
v -799.843142 124.587491 620.314167
v -798.958488 124.548932 619.817272
v -800.969059 124.540035 619.712118
v -800.953192 124.551249 620.009423
v -800.939577 124.556438 620.181401
v -800.934324 124.557991 620.314083
v -800.935236 124.556527 620.446176
v -800.943544 124.551555 620.615800
v -800.953621 124.540614 620.908818
v -798.958381 124.548916 620.811187
v -798.984378 124.559447 620.548892
v -798.994027 124.563429 620.415916
v -798.996707 124.564587 620.314083
v -791.520681 123.994713 615.973703
v -792.893115 123.581325 614.716189
v -793.642154 123.953668 615.604741
v -793.043630 123.961343 624.937393
v -792.480538 123.587157 625.859988
v -791.490824 123.994286 624.652739
v -791.117537 124.338787 617.787371
v -794.047710 124.266006 616.752898
v -793.533877 124.268396 623.801886
v -791.119735 124.338803 622.841635
v -791.178590 124.462676 619.177188
v -794.064701 124.385358 617.460142
v -794.119376 124.500881 618.348106
v -793.650141 124.343992 623.372740
v -794.089841 124.501066 622.270519
v -791.276307 124.467278 621.436981
v -791.201425 124.494566 620.312738
v -794.209053 124.542175 618.813354
v -794.172978 124.581385 619.617304
v -794.180483 124.540992 621.822334
v -794.139530 124.580363 621.015148
v -794.132455 124.591545 620.313998
v -792.055471 123.838926 616.183422
v -792.704542 123.591606 615.308739
v -793.045292 123.787013 615.832532
v -792.650564 123.787013 624.754656
v -792.361005 123.590053 625.290679
v -791.937492 123.836939 624.438775
v -791.779419 124.146011 617.812251
v -793.230274 124.098168 616.974763
v -793.564377 124.036023 616.715326
v -793.205938 124.032555 623.892414
v -793.229791 124.098128 623.653780
v -791.785476 124.145930 622.819276
v -791.742380 124.283930 619.204969
v -793.655876 124.325296 618.631289
v -792.643864 124.343992 619.414687
v -793.533824 124.171488 617.463841
v -793.628861 124.277719 618.263504
v -793.286020 124.154916 623.234217
v -793.655769 124.325280 621.996960
v -793.593751 124.277719 622.355919
v -791.789496 124.285957 621.416346
v -792.643864 124.343992 621.213646
v -791.635926 124.311749 620.308661
v -792.299201 124.351546 620.314167
v -793.910220 124.343960 618.881481
v -793.651803 124.370435 619.586203
v -793.889958 124.343332 621.749332
v -793.633363 124.369880 621.043349
v -793.536933 124.379220 620.313536
v -785.106731 123.988124 618.297757
v -786.088136 123.794382 616.552972
v -786.879414 124.155318 618.091568
v -786.103574 123.795814 624.076790
v -785.167302 123.996105 622.322297
v -786.995785 124.152599 622.621157
v -785.047554 124.097452 620.312822
v -786.987101 124.233787 618.676217
v -787.102239 124.242652 621.942534
v -787.083371 124.302899 620.316436
v -785.726160 123.785445 618.484150
v -786.070180 123.697644 617.533691
v -786.530195 123.848137 618.113296
v -786.559408 123.934200 618.534079
v -786.124800 123.702616 623.100232
v -785.770328 123.790432 622.140527
v -786.559891 123.934232 622.094380
v -786.609848 123.850655 622.545381
v -785.572804 123.857445 620.309207
v -785.911517 123.957884 620.314167
v -786.767278 123.959364 618.951289
v -786.831387 123.962365 621.693603
v -786.710835 123.991012 620.322404
vt 0.765254 0.185115
vt 0.765254 0.001992
vt 0.793803 0.372146
vt 0.793803 0.189023
vt 0.948378 0.185115
vt 0.948378 0.001992
vt 0.976927 0.372146
vt 0.976927 0.189023
vt 0.530585 0.559177
vt 0.765254 0.185115
vt 0.765254 0.001992
vt 0.948378 0.001992
vt 0.948378 0.185115
vt 0.793803 0.189023
vt 0.976927 0.189023
vt 0.976927 0.372146
vt 0.793803 0.372146
vt 0.001950 0.998008
vt 0.004628 0.814885
vt 0.115282 0.998008
vt 0.292100 0.185115
vt 0.427103 0.001992
vt 0.401178 0.185115
vt 0.601922 0.185116
vt 0.305455 0.998008
vt 0.108977 0.368239
vt 0.357262 0.368239
vt 0.664915 0.278310
vt 0.727362 0.469248
vt 0.399261 0.559177
vt 0.431380 0.559177
vt 0.521550 0.185115
vt 0.734730 0.469248
vt 0.821647 0.579787
vt 0.709603 0.185115
vt 0.758782 0.001992
vt 0.102970 0.440823
vt 0.089553 0.257700
vt 0.041296 0.074577
vt 0.604674 0.465341
vt 0.604674 0.282217
vt 0.604674 0.282217
vt 0.604674 0.465341
vt 0.787798 0.282217
vt 0.787798 0.282217
vt 0.598669 0.372146
vt 0.598669 0.555269
vt 0.598669 0.555269
vt 0.598669 0.372146
vt 0.415545 0.555269
vt 0.415545 0.555269
vt 0.226416 0.555269
vt 0.226416 0.372146
vt 0.226416 0.372146
vt 0.226416 0.555269
vt 0.409539 0.372146
vt 0.409539 0.372146
vt 0.220410 0.627854
vt 0.220410 0.810978
vt 0.220410 0.810978
vt 0.220410 0.627854
vt 0.037287 0.810978
vt 0.037287 0.810978
vt 0.001950 0.998008
vt 0.004628 0.814885
vt 0.115282 0.998008
vt 0.292100 0.185115
vt 0.427103 0.001992
vt 0.401178 0.185115
vt 0.601922 0.185116
vt 0.551583 0.001992
vt 0.551583 0.001992
vt 0.122331 0.814885
vt 0.305455 0.998008
vt 0.122331 0.814885
vt 0.108977 0.368239
vt 0.357262 0.368239
vt 0.664915 0.278310
vt 0.727362 0.469248
vt 0.637433 0.583317
vt 0.637433 0.583317
vt 0.313110 0.742300
vt 0.399261 0.559177
vt 0.313110 0.742300
vt 0.406591 0.742300
vt 0.431380 0.559177
vt 0.406591 0.742300
vt 0.544241 0.368239
vt 0.521550 0.185115
vt 0.544241 0.368239
vt 0.433300 0.001992
vt 0.433300 0.001992
vt 0.734730 0.469248
vt 0.821647 0.579787
vt 0.731241 0.587224
vt 0.666079 0.683430
vt 0.666079 0.683430
vt 0.731241 0.587224
vt 0.709603 0.185115
vt 0.671773 0.254169
vt 0.671773 0.254169
vt 0.758782 0.001992
vt 0.102970 0.440823
vt 0.088958 0.623947
vt 0.088958 0.623947
vt 0.089553 0.257700
vt 0.041296 0.074577
vt 0.001950 0.001992
vt 0.001950 0.001992
vt 0.439023 0.742300
vt 0.530585 0.559177
vt 0.439023 0.742300
vt 0.538228 0.559177
vt 0.629790 0.742300
vt 0.629790 0.742300
vt 0.538228 0.559177
vt 0.859363 0.514680
vt 0.860071 0.497585
vt 0.867251 0.495918
vt 0.866734 0.513785
vt 0.852762 0.516160
vt 0.853579 0.500318
vt 0.860788 0.487009
vt 0.867703 0.484980
vt 0.874822 0.495391
vt 0.874540 0.513497
vt 0.859068 0.535346
vt 0.866501 0.535346
vt 0.847175 0.518171
vt 0.848003 0.503985
vt 0.854454 0.490337
vt 0.852434 0.535346
vt 0.874959 0.484338
vt 0.882393 0.496027
vt 0.882393 0.513823
vt 0.874397 0.535346
vt 0.859363 0.556011
vt 0.866734 0.556907
vt 0.846850 0.535346
vt 0.852762 0.554532
vt 0.882172 0.485106
vt 0.889531 0.497792
vt 0.889812 0.514760
vt 0.882358 0.535346
vt 0.874540 0.557195
vt 0.860071 0.573106
vt 0.867251 0.574774
vt 0.842455 0.535346
vt 0.842740 0.520625
vt 0.847175 0.552520
vt 0.853579 0.570373
vt 0.888971 0.487235
vt 0.895942 0.500594
vt 0.896450 0.516282
vt 0.889886 0.535346
vt 0.882393 0.556869
vt 0.874822 0.575301
vt 0.860788 0.583682
vt 0.867703 0.585712
vt 0.842740 0.550067
vt 0.848003 0.566707
vt 0.854454 0.580355
vt 0.895122 0.490614
vt 0.901400 0.504281
vt 0.902044 0.518323
vt 0.896614 0.535346
vt 0.889812 0.555932
vt 0.882393 0.574665
vt 0.874959 0.586354
vt 0.902267 0.535346
vt 0.896450 0.554410
vt 0.889531 0.572899
vt 0.882172 0.585586
vt 0.906447 0.520774
vt 0.906688 0.535346
vt 0.902044 0.552369
vt 0.895942 0.570098
vt 0.888971 0.583457
vt 0.906447 0.549917
vt 0.901400 0.566410
vt 0.895122 0.580078
vt 0.930310 0.573106
vt 0.929602 0.556011
vt 0.936973 0.556906
vt 0.937490 0.574774
vt 0.923818 0.570374
vt 0.923001 0.554532
vt 0.929308 0.535346
vt 0.936740 0.535346
vt 0.944779 0.557195
vt 0.945061 0.575301
vt 0.931026 0.583682
vt 0.937943 0.585712
vt 0.918242 0.566707
vt 0.917415 0.552521
vt 0.922673 0.535346
vt 0.924692 0.580355
vt 0.929602 0.514680
vt 0.936973 0.513785
vt 0.944636 0.535346
vt 0.952632 0.556868
vt 0.952632 0.574665
vt 0.945198 0.586354
vt 0.917089 0.535346
vt 0.923001 0.516159
vt 0.930310 0.497586
vt 0.937490 0.495918
vt 0.944779 0.513497
vt 0.952597 0.535346
vt 0.960051 0.555932
vt 0.959770 0.572899
vt 0.952411 0.585586
vt 0.912979 0.550067
vt 0.912694 0.535346
vt 0.917415 0.518171
vt 0.923818 0.500318
vt 0.931026 0.487010
vt 0.937943 0.484979
vt 0.945061 0.495391
vt 0.952632 0.513823
vt 0.960125 0.535346
vt 0.966689 0.554410
vt 0.966181 0.570098
vt 0.959210 0.583456
vt 0.912979 0.520624
vt 0.918242 0.503985
vt 0.924692 0.490337
vt 0.945198 0.484338
vt 0.952632 0.496027
vt 0.960051 0.514760
vt 0.966853 0.535346
vt 0.972283 0.552369
vt 0.971639 0.566410
vt 0.965361 0.580078
vt 0.952411 0.485106
vt 0.959770 0.497793
vt 0.966689 0.516282
vt 0.972505 0.535346
vt 0.959210 0.487235
vt 0.966181 0.500594
vt 0.972283 0.518323
vt 0.976927 0.535346
vt 0.976686 0.549917
vt 0.965361 0.490613
vt 0.971639 0.504281
vt 0.976686 0.520774
vt 0.340849 0.750494
vt 0.339808 0.746207
vt 0.340366 0.747761
vt 0.347379 0.747948
vt 0.346855 0.750643
vt 0.347504 0.746207
vt 0.435211 0.772888
vt 0.434363 0.784724
vt 0.433886 0.783667
vt 0.434658 0.772888
vt 0.430497 0.799568
vt 0.430364 0.797187
vt 0.432688 0.783311
vt 0.433622 0.772888
vt 0.434363 0.761051
vt 0.433886 0.762108
vt 0.430533 0.792596
vt 0.432687 0.762466
vt 0.430497 0.746207
vt 0.430364 0.748588
vt 0.430530 0.753183
vt 0.620571 0.815304
vt 0.616978 0.821525
vt 0.616410 0.819952
vt 0.619399 0.814633
vt 0.616539 0.814953
vt 0.617564 0.812568
vt 0.623387 0.807420
vt 0.622001 0.807424
vt 0.619429 0.807641
vt 0.624394 0.802705
vt 0.623053 0.802651
vt 0.620618 0.802721
vt 0.625380 0.796781
vt 0.624007 0.796974
vt 0.621488 0.797750
vt 0.625652 0.794153
vt 0.624367 0.793928
vt 0.622139 0.793315
vt 0.626018 0.788685
vt 0.624688 0.788740
vt 0.622318 0.788985
vt 0.626115 0.784140
vt 0.624780 0.784140
vt 0.622389 0.784138
vt 0.626021 0.779605
vt 0.624691 0.779547
vt 0.622319 0.779291
vt 0.625661 0.774173
vt 0.624374 0.774386
vt 0.622140 0.774960
vt 0.625378 0.771424
vt 0.624006 0.771248
vt 0.621490 0.770523
vt 0.624424 0.765691
vt 0.623078 0.765722
vt 0.620625 0.765576
vt 0.623385 0.760822
vt 0.622003 0.760839
vt 0.619443 0.760678
vt 0.620583 0.753064
vt 0.619406 0.753712
vt 0.617558 0.755703
vt 0.616879 0.746207
vt 0.616325 0.747885
vt 0.616504 0.753233
vt 0.602106 0.746207
vt 0.606009 0.754786
vt 0.604871 0.755419
vt 0.601537 0.747779
vt 0.609045 0.767019
vt 0.607776 0.767139
vt 0.603155 0.757344
vt 0.601666 0.752779
vt 0.610047 0.776055
vt 0.608824 0.776168
vt 0.605612 0.767373
vt 0.610319 0.783592
vt 0.609080 0.783588
vt 0.606832 0.776461
vt 0.610061 0.791095
vt 0.608835 0.790988
vt 0.607045 0.783577
vt 0.609045 0.800165
vt 0.607776 0.800046
vt 0.606834 0.790714
vt 0.606009 0.812398
vt 0.604867 0.811776
vt 0.605611 0.799818
vt 0.602006 0.821525
vt 0.601452 0.819847
vt 0.603139 0.809881
vt 0.601631 0.814499
vt 0.653601 0.660826
vt 0.649776 0.667367
vt 0.649497 0.666179
vt 0.652787 0.660433
vt 0.649071 0.663795
vt 0.651325 0.659599
vt 0.656501 0.653404
vt 0.655614 0.653190
vt 0.653960 0.652780
vt 0.658522 0.645193
vt 0.657614 0.645088
vt 0.655921 0.644883
vt 0.659690 0.636290
vt 0.658782 0.636208
vt 0.657093 0.636044
vt 0.659924 0.631376
vt 0.659063 0.631090
vt 0.657466 0.630532
vt 0.660016 0.629482
vt 0.659153 0.629266
vt 0.657556 0.628824
vt 0.660060 0.628286
vt 0.659194 0.628179
vt 0.657590 0.627958
vt 0.660073 0.627296
vt 0.659206 0.627296
vt 0.657599 0.627296
vt 0.660060 0.626306
vt 0.659194 0.626413
vt 0.657590 0.626633
vt 0.660016 0.625110
vt 0.659153 0.625325
vt 0.657556 0.625767
vt 0.659924 0.623216
vt 0.659063 0.623501
vt 0.657466 0.624059
vt 0.659690 0.618301
vt 0.658782 0.618379
vt 0.657091 0.618538
vt 0.658515 0.609411
vt 0.657609 0.609514
vt 0.655918 0.609715
vt 0.656501 0.601187
vt 0.655612 0.601399
vt 0.653955 0.601807
vt 0.653597 0.593780
vt 0.652784 0.594168
vt 0.651321 0.594993
vt 0.649776 0.587224
vt 0.649493 0.588404
vt 0.649059 0.590770
vt 0.632837 0.746207
vt 0.636638 0.752840
vt 0.635835 0.753231
vt 0.632558 0.747395
vt 0.639530 0.760256
vt 0.638642 0.760454
vt 0.634390 0.754057
vt 0.632132 0.749779
vt 0.641528 0.768497
vt 0.640625 0.768567
vt 0.636990 0.760831
vt 0.642339 0.774697
vt 0.641463 0.774715
vt 0.638947 0.768722
vt 0.642701 0.777727
vt 0.641832 0.778087
vt 0.639837 0.774776
vt 0.642858 0.780992
vt 0.642013 0.781444
vt 0.640221 0.778789
vt 0.642978 0.783454
vt 0.642125 0.783726
vt 0.640452 0.782357
vt 0.643035 0.785002
vt 0.642178 0.785136
vt 0.640548 0.784294
vt 0.643053 0.786278
vt 0.642194 0.786278
vt 0.640592 0.785414
vt 0.643037 0.787550
vt 0.642179 0.787417
vt 0.640605 0.786278
vt 0.642982 0.789080
vt 0.642128 0.788809
vt 0.640593 0.787138
vt 0.642866 0.791487
vt 0.642020 0.791044
vt 0.640550 0.788243
vt 0.642706 0.794876
vt 0.641838 0.794494
vt 0.640457 0.790151
vt 0.642378 0.797620
vt 0.641498 0.797628
vt 0.640228 0.793753
vt 0.641567 0.804141
vt 0.640662 0.804035
vt 0.639866 0.797620
vt 0.639561 0.812382
vt 0.638670 0.812173
vt 0.638980 0.803815
vt 0.636652 0.819771
vt 0.635841 0.819387
vt 0.637010 0.811770
vt 0.632837 0.826350
vt 0.632555 0.825170
vt 0.634380 0.818574
vt 0.632121 0.822804
vt 0.591104 0.812448
vt 0.587122 0.821462
vt 0.586479 0.820100
vt 0.589995 0.811910
vt 0.586566 0.816241
vt 0.588670 0.810544
vt 0.594140 0.800215
vt 0.592922 0.800098
vt 0.591282 0.799936
vt 0.595162 0.791132
vt 0.593976 0.791047
vt 0.592455 0.790866
vt 0.595446 0.783642
vt 0.594247 0.783651
vt 0.592692 0.783678
vt 0.595208 0.776259
vt 0.594015 0.776329
vt 0.592473 0.776463
vt 0.594140 0.767068
vt 0.592922 0.767181
vt 0.591282 0.767327
vt 0.591104 0.754836
vt 0.589992 0.755386
vt 0.588653 0.756779
vt 0.587192 0.746207
vt 0.586529 0.747523
vt 0.586553 0.751231
vt 0.571249 0.746207
vt 0.574910 0.752777
vt 0.573774 0.753356
vt 0.570607 0.747569
vt 0.577742 0.760823
vt 0.576431 0.760833
vt 0.572357 0.754839
vt 0.570694 0.751428
vt 0.578715 0.765350
vt 0.577446 0.765439
vt 0.574475 0.760589
vt 0.579729 0.771348
vt 0.578429 0.771223
vt 0.575627 0.765464
vt 0.580013 0.774071
vt 0.578780 0.774253
vt 0.576530 0.770672
vt 0.580383 0.779532
vt 0.579113 0.779489
vt 0.577094 0.774697
vt 0.580473 0.784027
vt 0.579200 0.784026
vt 0.577319 0.779286
vt 0.580373 0.788554
vt 0.579105 0.788593
vt 0.577394 0.784023
vt 0.580002 0.794041
vt 0.578770 0.793849
vt 0.577315 0.788776
vt 0.579732 0.796641
vt 0.578431 0.796769
vt 0.577088 0.793374
vt 0.578297 0.804314
vt 0.577094 0.803947
vt 0.576530 0.797325
vt 0.577781 0.806632
vt 0.576451 0.806742
vt 0.575486 0.803045
vt 0.574996 0.814626
vt 0.573839 0.814137
vt 0.574445 0.807332
vt 0.571319 0.821462
vt 0.570656 0.820146
vt 0.572357 0.812947
vt 0.570681 0.816438
vt 0.419407 0.746207
vt 0.423121 0.758501
vt 0.422190 0.758412
vt 0.419120 0.748392
vt 0.423648 0.761571
vt 0.422858 0.762220
vt 0.419577 0.758554
vt 0.418297 0.754779
vt 0.424359 0.772887
vt 0.423445 0.772902
vt 0.420523 0.764011
vt 0.423742 0.784074
vt 0.422933 0.783492
vt 0.420793 0.772941
vt 0.423081 0.787955
vt 0.422167 0.787912
vt 0.420549 0.781871
vt 0.419407 0.799568
vt 0.419132 0.797392
vt 0.419598 0.787419
vt 0.418339 0.791032
vt 0.783866 0.623449
vt 0.781218 0.624931
vt 0.775661 0.616814
vt 0.780864 0.613994
vt 0.786848 0.633572
vt 0.779155 0.627260
vt 0.771732 0.621270
vt 0.770181 0.609317
vt 0.777850 0.605260
vt 0.786848 0.622941
vt 0.786848 0.613029
vt 0.777852 0.630231
vt 0.769339 0.627017
vt 0.764616 0.615714
vt 0.764874 0.602496
vt 0.774898 0.597245
vt 0.786848 0.603865
vt 0.789830 0.623449
vt 0.792832 0.613994
vt 0.777408 0.633572
vt 0.768545 0.633572
vt 0.761415 0.624002
vt 0.757898 0.610679
vt 0.759907 0.596423
vt 0.772126 0.590006
vt 0.786848 0.595422
vt 0.795846 0.605260
vt 0.792477 0.624931
vt 0.798034 0.616814
vt 0.777852 0.636913
vt 0.769339 0.640127
vt 0.760410 0.633572
vt 0.754184 0.621251
vt 0.751731 0.606249
vt 0.755487 0.591211
vt 0.769673 0.583694
vt 0.786848 0.587754
vt 0.798798 0.597245
vt 0.803514 0.609317
vt 0.794540 0.627260
vt 0.801963 0.621270
vt 0.779155 0.639884
vt 0.771732 0.645874
vt 0.761415 0.643142
vt 0.753121 0.633572
vt 0.747759 0.618826
vt 0.746309 0.602509
vt 0.801569 0.590006
vt 0.808821 0.602496
vt 0.809080 0.615714
vt 0.795843 0.630231
vt 0.804357 0.627017
vt 0.781218 0.642213
vt 0.775661 0.650330
vt 0.764616 0.651430
vt 0.754184 0.645893
vt 0.746777 0.633572
vt 0.742265 0.616781
vt 0.741839 0.599550
vt 0.751820 0.587007
vt 0.813788 0.596423
vt 0.815797 0.610679
vt 0.812281 0.624002
vt 0.796287 0.633572
vt 0.805150 0.633572
vt 0.770181 0.657827
vt 0.757898 0.656465
vt 0.747759 0.648318
vt 0.741460 0.633572
vt 0.737832 0.615164
vt 0.804023 0.583694
vt 0.818209 0.591211
vt 0.821964 0.606249
vt 0.819511 0.621251
vt 0.813285 0.633572
vt 0.795843 0.636913
vt 0.804357 0.640127
vt 0.783866 0.643695
vt 0.780864 0.653150
vt 0.777850 0.661884
vt 0.764874 0.664647
vt 0.751731 0.660895
vt 0.742265 0.650364
vt 0.737246 0.633572
vt 0.827387 0.602509
vt 0.825937 0.618826
vt 0.820574 0.633572
vt 0.812281 0.643142
vt 0.794540 0.639884
vt 0.801963 0.645874
vt 0.786848 0.644203
vt 0.786848 0.654115
vt 0.786848 0.663279
vt 0.774898 0.669900
vt 0.759907 0.670721
vt 0.746309 0.664635
vt 0.737832 0.651980
vt 0.821876 0.587007
vt 0.831857 0.599550
vt 0.831431 0.616781
vt 0.826919 0.633572
vt 0.819511 0.645893
vt 0.809080 0.651430
vt 0.792477 0.642213
vt 0.792832 0.653150
vt 0.795846 0.661884
vt 0.786848 0.671722
vt 0.772126 0.677138
vt 0.755487 0.675933
vt 0.741839 0.667594
vt 0.835863 0.615164
vt 0.832235 0.633572
vt 0.825937 0.648318
vt 0.798034 0.650330
vt 0.803514 0.657827
vt 0.789830 0.643695
vt 0.798798 0.669900
vt 0.786848 0.679390
vt 0.769673 0.683450
vt 0.751820 0.680138
vt 0.836449 0.633572
vt 0.831431 0.650364
vt 0.815797 0.656465
vt 0.821964 0.660895
vt 0.808821 0.664647
vt 0.801569 0.677138
vt 0.835863 0.651980
vt 0.827387 0.664635
vt 0.813788 0.670721
vt 0.831857 0.667594
vt 0.818209 0.675933
vt 0.804023 0.683450
vt 0.821876 0.680138
vt 0.381216 0.746207
vt 0.383864 0.747689
vt 0.380862 0.757144
vt 0.375659 0.754325
vt 0.406307 0.756838
vt 0.409289 0.756330
vt 0.412291 0.765785
vt 0.406307 0.766750
vt 0.406307 0.746207
vt 0.360167 0.748536
vt 0.362230 0.746207
vt 0.369654 0.752197
vt 0.365724 0.756654
vt 0.389870 0.754495
vt 0.393071 0.746207
vt 0.400301 0.748958
vt 0.396587 0.759530
vt 0.923203 0.445265
vt 0.916065 0.459307
vt 0.910788 0.454922
vt 0.916754 0.442814
vt 0.905440 0.468508
vt 0.901682 0.463138
vt 0.913883 0.441699
vt 0.920568 0.462994
vt 0.908575 0.472974
vt 0.891948 0.472731
vt 0.889893 0.467257
vt 0.893312 0.466062
vt 0.897389 0.457048
vt 0.904905 0.450034
vt 0.910826 0.452738
vt 0.913332 0.441374
vt 0.918867 0.428242
vt 0.913914 0.428242
vt 0.893635 0.477159
vt 0.875707 0.473630
vt 0.875707 0.468313
vt 0.891056 0.459493
vt 0.887516 0.460859
vt 0.898492 0.444815
vt 0.908478 0.442628
vt 0.910872 0.446350
vt 0.911750 0.440160
vt 0.913483 0.428251
vt 0.916754 0.413670
vt 0.913714 0.414851
vt 0.910989 0.476353
vt 0.894911 0.480431
vt 0.875707 0.477844
vt 0.859466 0.472731
vt 0.861522 0.467257
vt 0.877796 0.461772
vt 0.890132 0.451446
vt 0.884866 0.453652
vt 0.908361 0.439559
vt 0.902185 0.437177
vt 0.909697 0.442576
vt 0.909623 0.439835
vt 0.912142 0.428274
vt 0.913177 0.415164
vt 0.910788 0.401562
vt 0.857779 0.477159
vt 0.845975 0.468508
vt 0.849732 0.463138
vt 0.856856 0.465627
vt 0.863898 0.460859
vt 0.872635 0.461680
vt 0.878642 0.454350
vt 0.890041 0.446919
vt 0.881983 0.445744
vt 0.887393 0.443335
vt 0.898263 0.435732
vt 0.907968 0.428242
vt 0.903449 0.428242
vt 0.909092 0.437118
vt 0.911277 0.428242
vt 0.911638 0.416347
vt 0.910787 0.403737
vt 0.916065 0.397177
vt 0.923203 0.411219
vt 0.842839 0.472974
vt 0.835349 0.459307
vt 0.840626 0.454922
vt 0.854025 0.457048
vt 0.860135 0.459406
vt 0.872005 0.454265
vt 0.866548 0.453652
vt 0.878884 0.446140
vt 0.878914 0.437237
vt 0.881741 0.435931
vt 0.889927 0.440922
vt 0.898103 0.428242
vt 0.908022 0.417056
vt 0.902185 0.419307
vt 0.909236 0.428188
vt 0.909622 0.416648
vt 0.910733 0.410097
vt 0.905439 0.387976
vt 0.901682 0.393346
vt 0.856503 0.480431
vt 0.840425 0.476353
vt 0.830845 0.462994
vt 0.828211 0.445265
vt 0.834659 0.442814
vt 0.846509 0.450034
vt 0.861464 0.451522
vt 0.871621 0.446023
vt 0.869431 0.445744
vt 0.878908 0.432322
vt 0.889881 0.438198
vt 0.883939 0.433867
vt 0.897973 0.420859
vt 0.904905 0.406450
vt 0.908149 0.413174
vt 0.898492 0.411669
vt 0.908929 0.419258
vt 0.909494 0.413711
vt 0.908575 0.383510
vt 0.920568 0.393490
vt 0.897389 0.399436
vt 0.891948 0.383753
vt 0.894416 0.390807
vt 0.889893 0.389227
vt 0.837355 0.441767
vt 0.841706 0.440078
vt 0.852922 0.444815
vt 0.861456 0.446807
vt 0.864021 0.443335
vt 0.871567 0.439824
vt 0.878907 0.430428
vt 0.889794 0.432737
vt 0.885330 0.431221
vt 0.893635 0.379325
vt 0.892746 0.397644
vt 0.887516 0.395625
vt 0.875707 0.382854
vt 0.875707 0.388171
vt 0.832547 0.428242
vt 0.836303 0.428242
vt 0.837538 0.440560
vt 0.840517 0.452541
vt 0.849229 0.437177
vt 0.861445 0.440883
vt 0.869673 0.435931
vt 0.871540 0.436793
vt 0.878906 0.429232
vt 0.889839 0.428242
vt 0.885805 0.428242
vt 0.894911 0.376053
vt 0.910989 0.380131
vt 0.875707 0.378640
vt 0.891563 0.405637
vt 0.884866 0.402832
vt 0.877947 0.394726
vt 0.859466 0.383753
vt 0.861522 0.389227
vt 0.834659 0.413670
vt 0.837296 0.414694
vt 0.836580 0.428242
vt 0.838587 0.439819
vt 0.840188 0.447950
vt 0.842518 0.428242
vt 0.847965 0.428242
vt 0.853024 0.435779
vt 0.861454 0.438255
vt 0.867476 0.433867
vt 0.871560 0.433528
vt 0.878905 0.428242
vt 0.889890 0.423715
vt 0.885330 0.425263
vt 0.857779 0.379325
vt 0.891230 0.407955
vt 0.887393 0.413149
vt 0.881983 0.410740
vt 0.878635 0.402133
vt 0.873218 0.394749
vt 0.863898 0.395625
vt 0.845975 0.387976
vt 0.858423 0.390309
vt 0.849732 0.393346
vt 0.840626 0.401562
vt 0.837485 0.415903
vt 0.837881 0.428235
vt 0.841004 0.438665
vt 0.841706 0.416406
vt 0.849229 0.419307
vt 0.853083 0.428242
vt 0.861472 0.432787
vt 0.866084 0.431221
vt 0.871574 0.431066
vt 0.878906 0.427252
vt 0.889961 0.418228
vt 0.883939 0.422617
vt 0.842839 0.383510
vt 0.889997 0.415628
vt 0.881741 0.420553
vt 0.878914 0.419247
vt 0.878987 0.410358
vt 0.872731 0.402139
vt 0.866548 0.402832
vt 0.859905 0.397166
vt 0.854025 0.399436
vt 0.835349 0.397177
vt 0.828211 0.411219
vt 0.840517 0.403943
vt 0.838554 0.416651
vt 0.840006 0.428242
vt 0.846509 0.406450
vt 0.852922 0.411669
vt 0.853117 0.420739
vt 0.861486 0.428242
vt 0.865609 0.428242
vt 0.871583 0.429518
vt 0.878907 0.426056
vt 0.840425 0.380131
vt 0.856503 0.376053
vt 0.830845 0.393490
vt 0.878908 0.424162
vt 0.872263 0.410379
vt 0.869431 0.410740
vt 0.861555 0.404924
vt 0.840177 0.408538
vt 0.840998 0.417820
vt 0.841711 0.428242
vt 0.861500 0.423707
vt 0.866084 0.425263
vt 0.871591 0.428242
vt 0.871654 0.416900
vt 0.861542 0.409793
vt 0.864021 0.413149
vt 0.861517 0.418274
vt 0.867476 0.422617
vt 0.871598 0.426970
vt 0.871639 0.419645
vt 0.869673 0.420553
vt 0.861525 0.415525
vt 0.871607 0.425440
vt 0.871620 0.423034
vt 0.456987 0.805521
vt 0.455330 0.811218
vt 0.454460 0.807806
vt 0.453135 0.802057
vt 0.453988 0.800367
vt 0.453213 0.797182
vt 0.457692 0.794913
vt 0.452970 0.791974
vt 0.452901 0.789579
vt 0.452252 0.787949
vt 0.457787 0.785842
vt 0.455485 0.784477
vt 0.452912 0.783359
vt 0.458059 0.778654
vt 0.456365 0.778618
vt 0.453205 0.778622
vt 0.457667 0.771440
vt 0.455485 0.772760
vt 0.452959 0.773870
vt 0.457677 0.762303
vt 0.452902 0.767659
vt 0.452304 0.769272
vt 0.453989 0.756868
vt 0.453060 0.765321
vt 0.453846 0.759601
vt 0.457289 0.751756
vt 0.454050 0.755314
vt 0.455468 0.749698
vt 0.456207 0.746207
vt 0.443629 0.805543
vt 0.443039 0.807927
vt 0.442350 0.803363
vt 0.445224 0.800616
vt 0.444890 0.798780
vt 0.441933 0.793334
vt 0.445104 0.795696
vt 0.445975 0.788035
vt 0.445346 0.790725
vt 0.441684 0.784246
vt 0.443393 0.782952
vt 0.441217 0.777130
vt 0.442514 0.777115
vt 0.445305 0.781960
vt 0.446217 0.786289
vt 0.441705 0.769993
vt 0.443393 0.771278
vt 0.444940 0.777113
vt 0.441944 0.760889
vt 0.445975 0.766194
vt 0.445318 0.772265
vt 0.444890 0.755449
vt 0.445143 0.758551
vt 0.445380 0.763498
vt 0.446246 0.767934
vt 0.442438 0.750825
vt 0.445255 0.753653
vt 0.443713 0.748677
vt 0.443248 0.746207
vt 0.469333 0.808217
vt 0.468773 0.815036
vt 0.467440 0.815747
vt 0.467440 0.808691
vt 0.467317 0.819232
vt 0.465488 0.814954
vt 0.465016 0.808180
vt 0.469517 0.800320
vt 0.467440 0.800744
vt 0.464783 0.800289
vt 0.469648 0.791481
vt 0.467440 0.792036
vt 0.464170 0.794235
vt 0.464256 0.791592
vt 0.467440 0.782733
vt 0.464064 0.790222
vt 0.469699 0.785969
vt 0.464565 0.786654
vt 0.469633 0.784262
vt 0.464606 0.784718
vt 0.469608 0.783396
vt 0.464641 0.783597
vt 0.469601 0.782733
vt 0.464654 0.782733
vt 0.469608 0.782070
vt 0.464652 0.781873
vt 0.469633 0.781204
vt 0.464631 0.780769
vt 0.469699 0.779496
vt 0.464605 0.778860
vt 0.469655 0.773975
vt 0.464130 0.775258
vt 0.464256 0.773874
vt 0.467440 0.773429
vt 0.464260 0.771392
vt 0.467440 0.764722
vt 0.469570 0.765152
vt 0.465161 0.765197
vt 0.467440 0.756775
vt 0.469346 0.757244
vt 0.465481 0.757241
vt 0.467440 0.749719
vt 0.468857 0.750430
vt 0.465879 0.750438
vt 0.467410 0.746207
vt 0.562959 0.749755
vt 0.562794 0.765369
vt 0.556537 0.764218
vt 0.556625 0.747643
vt 0.564601 0.783777
vt 0.558170 0.783777
vt 0.549789 0.763560
vt 0.549709 0.746452
vt 0.562794 0.802185
vt 0.556537 0.803336
vt 0.551195 0.783777
vt 0.542743 0.763405
vt 0.542454 0.746207
vt 0.562959 0.817799
vt 0.556625 0.819911
vt 0.549789 0.803994
vt 0.543891 0.783777
vt 0.535766 0.763749
vt 0.535240 0.746903
vt 0.549709 0.821102
vt 0.542743 0.804150
vt 0.536640 0.783777
vt 0.529177 0.764573
vt 0.528441 0.748495
vt 0.542454 0.821347
vt 0.535766 0.803805
vt 0.529793 0.783777
vt 0.535240 0.820651
vt 0.529177 0.802980
vt 0.523511 0.783777
vt 0.523156 0.765849
vt 0.528441 0.819059
vt 0.523156 0.801705
vt 0.477347 0.817800
vt 0.477512 0.802185
vt 0.483769 0.803336
vt 0.483681 0.819911
vt 0.475705 0.783777
vt 0.482136 0.783777
vt 0.490516 0.803994
vt 0.490597 0.821102
vt 0.477512 0.765369
vt 0.483769 0.764219
vt 0.489111 0.783777
vt 0.497563 0.804149
vt 0.497852 0.821347
vt 0.477347 0.749755
vt 0.483681 0.747643
vt 0.490516 0.763560
vt 0.496415 0.783777
vt 0.504540 0.803805
vt 0.505066 0.820652
vt 0.490597 0.746452
vt 0.497563 0.763405
vt 0.503666 0.783777
vt 0.511129 0.802981
vt 0.511864 0.819059
vt 0.497852 0.746207
vt 0.504540 0.763749
vt 0.510513 0.783777
vt 0.505066 0.746903
vt 0.511129 0.764574
vt 0.516795 0.783777
vt 0.517150 0.801705
vt 0.511864 0.748495
vt 0.517150 0.765849
vt 0.354161 0.750643
vt 0.353511 0.746207
vt 0.354036 0.748897
vn 0.006021 -0.999743 -0.021836
vn -0.003103 -0.999392 -0.034727
vn 0.030692 -0.996194 -0.081577
vn 0.039304 -0.998318 -0.042624
vn -0.008160 -0.999184 -0.039544
vn 0.015270 -0.994654 -0.102131
vn 0.015250 -0.999533 -0.026472
vn 0.018979 -0.995996 -0.087364
vn 0.000000 -0.999895 -0.014494
vn 0.000000 -0.997485 -0.070880
vn -0.015249 -0.999533 -0.026472
vn -0.018979 -0.995996 -0.087365
vn 0.008160 -0.999185 -0.039544
vn -0.015270 -0.994654 -0.102132
vn 0.007772 -0.999094 -0.041846
vn -0.036453 -0.994845 -0.094629
vn -0.004745 -0.999730 -0.022758
vn -0.004745 -0.999730 -0.022758
vn -0.004745 -0.999730 -0.022758
vn -0.004745 -0.999730 -0.022758
vn -0.006842 -0.999751 -0.021242
vn -0.009692 -0.999856 -0.013938
vn -0.047259 -0.998879 -0.002570
vn -0.046259 -0.997841 -0.046616
vn -0.009692 -0.999856 0.013938
vn -0.009557 -0.999856 0.014005
vn -0.012998 -0.999840 0.012315
vn -0.012998 -0.999840 0.012315
vn -0.002457 -0.999555 0.029727
vn -0.000101 -0.999299 0.037442
vn -0.038147 -0.995084 0.091397
vn -0.044915 -0.997784 0.049087
vn 0.007861 -0.999498 0.030698
vn 0.007861 -0.999498 0.030698
vn 0.007861 -0.999498 0.030698
vn 0.007861 -0.999498 0.030698
vn 0.008329 -0.998973 0.044548
vn -0.015250 -0.999533 0.026472
vn -0.018979 -0.995996 0.087364
vn -0.020667 -0.992708 0.118756
vn 0.000000 -0.999895 0.014494
vn 0.000000 -0.997485 0.070880
vn 0.015250 -0.999533 0.026472
vn 0.018979 -0.995996 0.087363
vn -0.008160 -0.999185 0.039544
vn 0.015270 -0.994654 0.102131
vn -0.003103 -0.999392 0.034730
vn 0.030692 -0.996194 0.081577
vn 0.006021 -0.999743 0.021835
vn 0.039304 -0.998318 0.042624
vn 0.009693 -0.999953 -0.000000
vn 0.041347 -0.999145 -0.000000
vn 0.058528 -0.987866 -0.143860
vn 0.067940 -0.994994 -0.073294
vn 0.043022 -0.980199 -0.193286
vn 0.033802 -0.979677 -0.197711
vn 0.000000 -0.982649 -0.185473
vn -0.033802 -0.979677 -0.197711
vn -0.043022 -0.980199 -0.193287
vn -0.058528 -0.987865 -0.143862
vn -0.067940 -0.994994 -0.073294
vn -0.070845 -0.997487 0.000000
vn -0.067940 -0.994994 0.073294
vn -0.058528 -0.987865 0.143863
vn -0.042298 -0.985186 0.166191
vn -0.029782 -0.983610 0.177832
vn 0.000000 -0.982650 0.185472
vn 0.033802 -0.979678 0.197709
vn 0.043022 -0.980199 0.193287
vn 0.058527 -0.987866 0.143861
vn 0.067940 -0.994994 0.073294
vn 0.070846 -0.997487 -0.000000
vn 0.081815 -0.974713 -0.207943
vn 0.099899 -0.989253 -0.106769
vn 0.059808 -0.955438 -0.289070
vn 0.045888 -0.943567 -0.327989
vn -0.000000 -0.944039 -0.329833
vn -0.045887 -0.943566 -0.327989
vn -0.059808 -0.955438 -0.289070
vn -0.081814 -0.974713 -0.207945
vn -0.099900 -0.989252 -0.106771
vn -0.106503 -0.994312 -0.000000
vn -0.099900 -0.989252 0.106771
vn -0.081814 -0.974713 0.207946
vn -0.063348 -0.952472 0.297967
vn -0.044451 -0.967147 0.250302
vn -0.044451 -0.967147 0.250302
vn -0.044451 -0.967147 0.250302
vn -0.044451 -0.967147 0.250302
vn -0.000000 -0.944039 0.329833
vn -0.046270 -0.935034 0.351526
vn 0.045888 -0.943567 0.327988
vn 0.059808 -0.955438 0.289068
vn 0.081815 -0.974713 0.207944
vn 0.099899 -0.989253 0.106769
vn 0.106502 -0.994313 -0.000000
vn 0.117810 -0.949758 -0.289967
vn 0.151063 -0.976916 -0.151047
vn 0.075766 -0.913188 -0.400434
vn 0.049680 -0.883175 -0.466404
vn -0.000000 -0.877639 -0.479322
vn -0.049680 -0.883173 -0.466409
vn -0.075765 -0.913188 -0.400435
vn -0.117809 -0.949759 -0.289965
vn -0.151060 -0.976916 -0.151048
vn -0.162866 -0.986648 -0.000000
vn -0.151060 -0.976916 0.151048
vn -0.117809 -0.949758 0.289966
vn -0.075765 -0.913187 0.400437
vn -0.049681 -0.883173 0.466409
vn -0.000000 -0.877638 0.479324
vn 0.049682 -0.883173 0.466408
vn 0.075766 -0.913186 0.400438
vn 0.117810 -0.949758 0.289968
vn 0.151063 -0.976916 0.151047
vn 0.162870 -0.986647 0.000000
vn 0.169178 -0.903083 -0.394740
vn 0.224342 -0.951347 -0.211209
vn 0.097633 -0.842006 -0.530560
vn 0.049460 -0.790654 -0.610262
vn -0.000001 -0.777979 -0.628290
vn -0.049460 -0.790656 -0.610260
vn -0.097632 -0.842006 -0.530560
vn -0.169177 -0.903084 -0.394739
vn -0.224340 -0.951347 -0.211213
vn -0.244100 -0.969750 -0.000000
vn -0.224340 -0.951347 0.211213
vn -0.169176 -0.903083 0.394740
vn -0.097632 -0.842005 0.530561
vn -0.049461 -0.790652 0.610265
vn -0.000000 -0.777975 0.628295
vn 0.049461 -0.790651 0.610266
vn 0.097632 -0.842005 0.530561
vn 0.169177 -0.903083 0.394741
vn 0.224342 -0.951347 0.211209
vn 0.244101 -0.969750 0.000000
vn 0.237265 -0.815029 -0.528614
vn 0.328774 -0.896645 -0.296539
vn 0.125155 -0.724591 -0.677720
vn 0.048526 -0.654789 -0.754253
vn -0.000001 -0.637765 -0.770231
vn -0.048526 -0.654792 -0.754250
vn -0.125155 -0.724589 -0.677723
vn -0.237267 -0.815024 -0.528621
vn -0.328782 -0.896639 -0.296549
vn -0.363907 -0.931435 -0.000000
vn -0.328782 -0.896639 0.296549
vn -0.237266 -0.815023 0.528623
vn -0.125153 -0.724586 0.677725
vn -0.048526 -0.654790 0.754251
vn -0.000000 -0.637762 0.770234
vn 0.048526 -0.654792 0.754250
vn 0.125154 -0.724588 0.677723
vn 0.237267 -0.815024 0.528622
vn 0.328775 -0.896644 0.296542
vn 0.363892 -0.931441 0.000000
vn 0.320812 -0.647688 -0.691071
vn 0.480485 -0.769277 -0.421125
vn 0.154564 -0.540628 -0.826941
vn 0.047395 -0.469071 -0.881887
vn 0.000000 -0.453646 -0.891182
vn -0.047394 -0.469070 -0.881889
vn -0.154565 -0.540625 -0.826943
vn -0.320812 -0.647686 -0.691073
vn -0.480485 -0.769278 -0.421124
vn -0.553564 -0.832806 -0.000000
vn -0.480485 -0.769277 0.421125
vn -0.320812 -0.647680 0.691079
vn -0.154566 -0.540627 0.826941
vn -0.047394 -0.469080 0.881883
vn -0.000000 -0.453656 0.891177
vn 0.047394 -0.469081 0.881882
vn 0.154567 -0.540631 0.826938
vn 0.320813 -0.647683 0.691076
vn 0.480485 -0.769275 0.421129
vn 0.553566 -0.832805 0.000000
vn 0.401664 -0.349109 -0.846634
vn 0.674074 -0.457461 -0.579960
vn 0.178183 -0.279871 -0.943357
vn 0.045879 -0.240260 -0.969624
vn 0.000000 -0.235116 -0.971967
vn -0.045878 -0.240261 -0.969623
vn -0.178181 -0.279878 -0.943356
vn -0.401660 -0.349112 -0.846635
vn -0.674077 -0.457457 -0.579960
vn -0.843907 -0.536490 -0.000000
vn -0.674076 -0.457457 0.579961
vn -0.401661 -0.349118 0.846632
vn -0.178182 -0.279889 0.943352
vn -0.045879 -0.240273 0.969621
vn 0.000000 -0.235127 0.971965
vn 0.045879 -0.240271 0.969621
vn 0.178184 -0.279889 0.943352
vn 0.401662 -0.349128 0.846627
vn 0.674069 -0.457468 0.579960
vn 0.843900 -0.536500 -0.000000
vn 0.431901 0.066605 -0.899458
vn 0.756699 0.113961 -0.643754
vn 0.186846 0.030181 -0.981926
vn 0.044067 0.009297 -0.998985
vn 0.000000 -0.002185 -0.999998
vn -0.044067 0.009297 -0.998985
vn -0.186847 0.030176 -0.981926
vn -0.431899 0.066608 -0.899459
vn -0.756699 0.113983 -0.643750
vn -0.989100 0.147247 -0.000000
vn -0.756698 0.113983 0.643752
vn -0.431896 0.066607 0.899460
vn -0.186848 0.030176 0.981925
vn -0.044067 0.009297 0.998985
vn 0.000000 -0.002185 0.999998
vn 0.044067 0.009297 0.998985
vn 0.186848 0.030181 0.981925
vn 0.431899 0.066604 0.899460
vn 0.756698 0.113961 0.643755
vn 0.989104 0.147217 -0.000000
vn 0.387004 0.452779 -0.803255
vn 0.612358 0.596925 -0.518361
vn 0.176749 0.333468 -0.926045
vn 0.041910 0.258926 -0.964987
vn -0.000000 0.232518 -0.972592
vn -0.041908 0.258926 -0.964988
vn -0.176749 0.333466 -0.926046
vn -0.387006 0.452769 -0.803260
vn -0.612365 0.596916 -0.518363
vn -0.732639 0.680617 0.000000
vn -0.612363 0.596918 0.518363
vn -0.387006 0.452777 0.803255
vn -0.176751 0.333472 0.926043
vn -0.041908 0.258932 0.964986
vn 0.000000 0.232529 0.972589
vn 0.041909 0.258933 0.964986
vn 0.176751 0.333477 0.926041
vn 0.387002 0.452789 0.803251
vn 0.612355 0.596928 0.518361
vn 0.732634 0.680623 -0.000000
vn 0.306462 0.704098 -0.640568
vn 0.435618 0.820729 -0.369650
vn 0.152133 0.578918 -0.801068
vn 0.038982 0.486592 -0.872759
vn -0.000000 0.454581 -0.890705
vn -0.038982 0.486591 -0.872760
vn -0.152132 0.578914 -0.801071
vn -0.306464 0.704095 -0.640570
vn -0.435624 0.820726 -0.369650
vn -0.488210 0.872726 0.000000
vn -0.435624 0.820724 0.369653
vn -0.306466 0.704092 0.640573
vn -0.152134 0.578912 0.801072
vn -0.038981 0.486591 0.872760
vn -0.000000 0.454582 0.890705
vn 0.038981 0.486593 0.872759
vn 0.152135 0.578916 0.801069
vn 0.306463 0.704095 0.640571
vn 0.435618 0.820728 0.369653
vn 0.488201 0.872731 -0.000000
vn 0.229443 0.841329 -0.489410
vn 0.307374 0.914211 -0.264083
vn 0.121876 0.747963 -0.652456
vn 0.035334 0.669041 -0.742385
vn -0.000000 0.641120 -0.767441
vn -0.035334 0.669041 -0.742385
vn -0.121877 0.747966 -0.652451
vn -0.229439 0.841332 -0.489405
vn -0.307371 0.914213 -0.264080
vn -0.335032 0.942207 0.000000
vn -0.307370 0.914213 0.264082
vn -0.229440 0.841331 0.489408
vn -0.121879 0.747964 0.652453
vn -0.035333 0.669037 0.742388
vn -0.000000 0.641112 0.767447
vn 0.035334 0.669037 0.742388
vn 0.121877 0.747962 0.652456
vn 0.229443 0.841328 0.489412
vn 0.307372 0.914211 0.264084
vn 0.335032 0.942207 0.000000
vn 0.166247 0.914628 -0.368534
vn 0.217125 0.957101 -0.191873
vn 0.092519 0.854844 -0.510570
vn 0.031443 0.800396 -0.598647
vn -0.000000 0.780960 -0.624581
vn -0.031442 0.800397 -0.598645
vn -0.092517 0.854845 -0.510569
vn -0.166246 0.914629 -0.368533
vn -0.217122 0.957102 -0.191872
vn -0.234286 0.972168 -0.000000
vn -0.217122 0.957102 0.191870
vn -0.166247 0.914629 0.368532
vn -0.092517 0.854844 0.510570
vn -0.031442 0.800397 0.598645
vn -0.000000 0.780964 0.624576
vn 0.031442 0.800398 0.598643
vn 0.092518 0.854845 0.510569
vn 0.166246 0.914629 0.368533
vn 0.217125 0.957101 0.191872
vn 0.234290 0.972167 0.000000
vn 0.115418 0.949559 -0.291576
vn 0.163170 0.976332 -0.141957
vn 0.071061 0.918426 -0.389159
vn 0.026663 0.876781 -0.480150
vn 0.043941 0.885638 -0.462292
vn 0.000488 0.869837 -0.493339
vn -0.026841 0.877620 -0.478605
vn -0.071625 0.918164 -0.389672
vn -0.043826 0.886083 -0.461450
vn -0.117300 0.949616 -0.290639
vn -0.164443 0.975802 -0.144113
vn -0.172395 0.985028 -0.000070
vn -0.164573 0.975771 0.144173
vn -0.117305 0.949601 0.290684
vn -0.070919 0.918490 0.389032
vn -0.026737 0.876779 0.480150
vn -0.043920 0.886188 0.461239
vn 0.000125 0.870328 0.492473
vn 0.027047 0.878904 0.476232
vn 0.071559 0.918194 0.389614
vn 0.043626 0.888228 0.457327
vn 0.115425 0.949378 0.292161
vn 0.162830 0.976408 0.141823
vn 0.169855 0.985469 0.000182
vn 0.185439 0.977423 -0.101272
vn 0.148974 0.976142 -0.157969
vn 0.147466 0.976332 -0.158207
vn 0.154154 0.983622 -0.093406
vn 0.061218 0.958472 -0.278537
vn 0.070393 0.975960 -0.206268
vn -0.157756 0.975343 -0.154333
vn 0.294659 0.943781 -0.149843
vn 0.212249 0.958623 -0.189717
vn 0.055656 0.949945 -0.307420
vn -0.015789 0.901257 -0.432997
vn -0.003867 0.942326 -0.334673
vn -0.045744 0.950730 -0.306625
vn -0.267316 0.958401 -0.100045
vn 0.046245 0.997083 -0.060721
vn 0.203325 0.967026 -0.153361
vn -0.072156 0.976274 -0.204164
vn -0.062353 0.959191 -0.275798
vn -0.073786 0.992250 -0.099979
vn -0.125957 0.992036 -0.000349
vn -0.121216 0.988767 -0.087441
vn -0.121258 0.988785 0.087181
vn -0.073786 0.992250 0.099975
vn -0.072156 0.976274 0.204164
vn -0.060929 0.958286 0.279242
vn 0.206361 0.969160 0.134702
vn -0.343718 0.923389 0.170909
vn -0.283030 0.950918 0.125093
vn -0.052098 0.950184 0.307306
vn -0.004145 0.901257 0.433265
vn -0.000852 0.941981 0.335664
vn 0.054355 0.950032 0.307385
vn 0.292930 0.944658 0.147695
vn 0.409351 0.905289 0.113503
vn -0.188449 0.969350 0.157633
vn 0.069900 0.975825 0.207074
vn 0.062222 0.959108 0.276116
vn 0.470984 0.876428 -0.100241
vn 0.186905 0.976773 0.104788
vn 0.149938 0.984070 0.095526
vn 0.384057 0.923170 0.016052
vn 0.206811 0.978379 -0.001768
vn 0.140101 0.990137 0.000633
vn 0.045340 0.998574 -0.028191
vn -0.095413 0.988063 -0.120949
vn 0.053648 0.980936 -0.186777
vn 0.191491 0.962404 -0.192637
vn 0.051137 0.972526 -0.227107
vn -0.002853 0.970302 -0.241879
vn -0.044042 0.972443 -0.228945
vn -0.246235 0.957690 -0.148989
vn -0.069924 0.980254 -0.184965
vn 0.137008 0.983476 -0.118335
vn -0.063927 0.995147 -0.074804
vn -0.059278 0.988800 -0.136973
vn -0.076918 0.997037 0.000000
vn -0.066205 0.997806 0.000040
vn -0.063842 0.995157 0.074748
vn -0.059230 0.988818 0.136863
vn 0.136991 0.983418 0.118838
vn -0.071060 0.979924 0.186277
vn -0.250882 0.957558 0.141921
vn -0.049187 0.972391 0.228117
vn -0.000624 0.970234 0.242170
vn 0.050593 0.972431 0.227635
vn 0.040163 0.966912 0.251930
vn 0.060113 0.981519 0.181678
vn -0.103468 0.986575 0.126353
vn 0.045939 0.998532 0.028678
vn 0.046488 0.998918 0.001501
vn -0.072265 0.994421 -0.076840
vn 0.042469 0.994275 -0.098052
vn 0.042947 0.997406 -0.057758
vn 0.120514 0.984490 -0.127496
vn 0.113113 0.987229 -0.112184
vn 0.049007 0.989083 -0.138970
vn -0.000842 0.988804 -0.149216
vn -0.036816 0.989408 -0.140416
vn -0.170505 0.976574 -0.131269
vn -0.049737 0.993437 -0.102996
vn -0.171845 0.979970 -0.100642
vn 0.102907 0.992013 -0.072942
vn -0.048430 0.996921 -0.061671
vn 0.162490 0.986708 -0.002087
vn -0.046227 0.998931 0.000123
vn 0.104031 0.991895 0.072945
vn -0.048487 0.996923 0.061585
vn -0.049635 0.993449 0.102937
vn -0.168312 0.976897 0.131694
vn -0.168720 0.980456 0.101191
vn -0.038363 0.989755 0.137525
vn 0.000732 0.988868 0.148796
vn 0.048646 0.989089 0.139056
vn 0.133393 0.986257 0.097482
vn 0.043221 0.994326 0.097202
vn 0.133594 0.987115 0.088076
vn -0.074688 0.994219 0.077137
vn 0.043260 0.997398 0.057666
vn -0.120938 0.992640 -0.006390
vn 0.041648 0.999132 0.000096
vn 0.192988 0.979891 -0.050681
vn 0.143612 0.988577 -0.045734
vn 0.025346 0.992154 -0.122428
vn 0.023976 0.988865 -0.146868
vn 0.023633 0.995906 -0.087254
vn 0.023810 0.996801 -0.076292
vn 0.045547 0.996096 -0.075622
vn 0.001920 0.996399 -0.084770
vn -0.032642 0.993385 -0.110098
vn -0.032713 0.996150 -0.081329
vn -0.025839 0.999027 -0.035741
vn -0.250641 0.966320 -0.058354
vn -0.187268 0.980462 -0.060202
vn -0.163778 0.986497 0.000757
vn -0.186011 0.980588 0.062027
vn -0.248421 0.966777 0.060241
vn -0.025655 0.999037 0.035594
vn -0.033356 0.993306 0.110590
vn -0.033153 0.996211 0.080399
vn 0.002619 0.996442 0.084246
vn 0.045342 0.996087 0.075867
vn 0.023809 0.988806 0.147293
vn 0.025447 0.991983 0.123784
vn 0.023800 0.996801 0.076295
vn 0.023634 0.995910 0.087203
vn 0.195427 0.979441 0.050030
vn 0.145282 0.988422 0.043772
vn 0.124997 0.992155 -0.001909
vn -0.000088 -1.000000 -0.000946
vn 0.001820 -0.999807 0.019590
vn 0.025639 0.999424 -0.022240
vn 0.022742 0.999087 -0.036168
vn -0.003671 0.999993 -0.000093
vn 0.014735 0.998577 -0.051254
vn -0.025237 0.999044 -0.035703
vn 0.188808 0.981094 -0.042506
vn 0.202969 0.978723 -0.030071
vn 0.207141 0.978305 -0.003591
vn 0.203289 0.978848 0.023024
vn 0.189243 0.981234 0.036972
vn -0.025189 0.999048 0.035628
vn 0.014693 0.998573 0.051345
vn 0.022739 0.999087 0.036173
vn 0.025661 0.999424 0.022198
vn 0.027049 0.999634 0.000066
vn -0.241628 0.968202 -0.064814
vn -0.119203 0.992870 0.000026
vn -0.054099 0.998536 0.000016
vn -0.240651 0.968434 0.064982
vn -0.008691 0.998007 0.062495
vn -0.128110 0.990708 0.045665
vn -0.041454 0.999140 0.000756
vn -0.007922 0.998062 -0.061725
vn -0.128206 0.990715 -0.045247
vn -0.041354 0.998345 -0.039953
vn -0.043053 0.999073 0.000237
vn -0.041338 0.998341 0.040072
vn -0.032999 0.953471 0.299672
vn -0.023059 0.937884 0.346182
vn -0.026809 0.980137 0.196502
vn -0.024166 0.972985 0.229602
vn -0.025524 0.986115 0.164089
vn -0.023946 0.988689 0.148056
vn -0.025295 0.992171 0.122302
vn -0.025298 0.996676 0.077438
vn -0.025056 0.997367 0.068060
vn -0.023767 0.996666 0.078054
vn -0.025060 0.998100 0.056282
vn -0.027318 0.999018 0.034887
vn -0.026788 0.999261 0.027567
vn -0.027540 0.999621 -0.000056
vn -0.027200 0.999630 -0.000014
vn -0.027308 0.999013 -0.035035
vn -0.026787 0.999259 -0.027653
vn -0.025032 0.997364 -0.068111
vn -0.025053 0.998096 -0.056354
vn -0.025298 0.992153 -0.122447
vn -0.025326 0.996658 -0.077660
vn -0.023736 0.996659 -0.078154
vn -0.025496 0.986132 -0.163991
vn -0.024253 0.973232 -0.228542
vn -0.026782 0.980355 -0.195414
vn -0.023924 0.988832 -0.147102
vn -0.023314 0.937503 -0.347196
vn -0.033255 0.950712 -0.308287
vn -0.018094 0.930297 -0.366361
vn -0.021133 0.967972 -0.250165
vn -0.022718 0.985215 -0.169808
vn -0.023479 0.995437 -0.092487
vn -0.023441 0.995670 -0.089952
vn -0.022073 0.999069 -0.037067
vn -0.023869 0.999254 -0.030351
vn -0.025830 0.999518 -0.017233
vn -0.026644 0.999645 0.000048
vn -0.025820 0.999517 0.017308
vn -0.023855 0.999253 0.030391
vn -0.022074 0.999069 0.037066
vn -0.023497 0.995684 0.089787
vn -0.023535 0.995426 0.092587
vn -0.022887 0.985252 0.169572
vn -0.021326 0.968250 0.249073
vn -0.018312 0.931228 0.363978
vn 0.023951 0.939375 0.342055
vn 0.018341 0.931223 0.363988
vn 0.021331 0.968211 0.249224
vn 0.024300 0.973028 0.229403
vn 0.022971 0.986178 0.164088
vn 0.022095 0.999070 0.037014
vn 0.024989 0.998139 0.055631
vn 0.023818 0.999250 0.030532
vn 0.026753 0.999266 0.027427
vn 0.025814 0.999516 0.017357
vn 0.027179 0.999631 0.000064
vn 0.026644 0.999645 -0.000000
vn 0.026759 0.999270 -0.027279
vn 0.025814 0.999516 -0.017357
vn 0.025002 0.998140 -0.055600
vn 0.023821 0.999250 -0.030528
vn 0.022104 0.999071 -0.037005
vn 0.023011 0.986227 -0.163786
vn 0.024159 0.973004 -0.229520
vn 0.021330 0.968188 -0.249314
vn 0.022982 0.937694 -0.346700
vn 0.018351 0.931166 -0.364135
vn 0.033156 0.953253 -0.300348
vn 0.026759 0.980536 -0.194508
vn 0.025414 0.986133 -0.163998
vn 0.025389 0.996645 -0.077812
vn 0.025044 0.997353 -0.068268
vn 0.027351 0.999016 -0.034911
vn 0.027542 0.999621 0.000203
vn 0.027325 0.999008 0.035163
vn 0.025024 0.997357 0.068214
vn 0.025945 0.996445 0.080148
vn 0.024963 0.986193 0.163706
vn 0.026587 0.979396 0.200192
vn 0.032678 0.953944 0.298200
vn 0.058906 0.988834 0.136882
vn 0.062281 0.995124 0.076482
vn 0.041341 0.998341 0.040077
vn 0.064100 0.997943 -0.000308
vn 0.043055 0.999072 0.000714
vn 0.062719 0.995088 -0.076592
vn 0.041375 0.998353 -0.039734
vn 0.059118 0.988794 -0.137083
vn 0.069170 0.989359 -0.128002
vn 0.068777 0.992695 -0.099128
vn 0.076923 0.997036 -0.001112
vn 0.068814 0.992710 0.098954
vn 0.069095 0.989382 0.127860
vn 0.061020 0.995620 0.070827
vn 0.071944 0.997409 -0.000093
vn 0.060433 0.995720 -0.069928
vn -0.512455 0.857653 0.042678
vn -0.512455 0.857653 0.042678
vn -0.524021 0.851686 -0.005807
vn -0.530910 0.847429 -0.000032
vn -0.512453 0.857654 -0.042678
vn -0.512453 0.857654 -0.042678
vn -0.521860 0.853006 0.006454
vn 0.273727 0.959062 -0.072619
vn 0.273727 0.959062 -0.072619
vn 0.262579 0.962753 -0.064493
vn 0.199540 0.979884 -0.003360
vn -0.624198 0.780252 0.039781
vn -0.624198 0.780252 0.039781
vn -0.607000 0.793503 0.043629
vn 0.358605 0.932882 -0.033681
vn 0.358605 0.932882 -0.033681
vn 0.177821 0.984061 0.001675
vn 0.358759 0.932610 0.039115
vn 0.358759 0.932610 0.039115
vn 0.202725 0.979220 0.005471
vn 0.282164 0.956542 0.073554
vn 0.282164 0.956542 0.073554
vn 0.270694 0.960444 0.065359
vn -0.624198 0.780252 -0.039781
vn -0.624198 0.780252 -0.039781
vn -0.607784 0.792914 -0.043425
vn -0.541968 0.840399 -0.000057
vn 0.000000 0.000000 0.000000
vn 0.000000 0.000000 0.000000
vn 0.000000 0.000000 0.000000
vn 0.000000 0.000000 0.000000
vn 0.000000 0.000000 0.000000
vn 0.000000 0.000000 0.000000
vn 0.000000 0.000000 0.000000
vn 0.000000 0.000000 0.000000
vn 0.000000 0.000000 0.000000
vn 0.000000 0.000000 0.000000
vn 0.000000 0.000000 0.000000
vn 0.000000 0.000000 0.000000
vn 0.000000 0.000000 0.000000
vn 0.000000 0.000000 0.000000
vn 0.000000 0.000000 0.000000
vn 0.000000 0.000000 0.000000
vn 0.000000 0.000000 0.000000
vn 0.000000 0.000000 0.000000
vn 0.000000 0.000000 0.000000
vn 0.000000 0.000000 0.000000
vn 0.000000 0.000000 0.000000
vn 0.000000 0.000000 0.000000
vn 0.000000 0.000000 0.000000
vn 0.000000 0.000000 0.000000
vn 0.000000 0.000000 0.000000
vn 0.000000 0.000000 0.000000
vn 0.000000 0.000000 0.000000
vn 0.000000 0.000000 0.000000
vn 0.000000 0.000000 0.000000
vn 0.000000 0.000000 0.000000
vn 0.000000 0.000000 0.000000
vn 0.000000 0.000000 0.000000
vn 0.000000 0.000000 0.000000
vn 0.000000 0.000000 0.000000
vn 0.000000 0.000000 0.000000
vn 0.000000 0.000000 0.000000
vn 0.000000 0.000000 0.000000
vn 0.000000 0.000000 0.000000
vn 0.000000 0.000000 0.000000
vn 0.000000 0.000000 0.000000
vn 0.000000 0.000000 0.000000
vn 0.000000 0.000000 0.000000
vn 0.000000 0.000000 0.000000
vn 0.000000 0.000000 0.000000
vn 0.000000 0.000000 0.000000
vn 0.000000 0.000000 0.000000
vn 0.000000 0.000000 0.000000
vn 0.000000 0.000000 0.000000
vn 0.000000 0.000000 0.000000
vn 0.000000 0.000000 0.000000
vn 0.000000 0.000000 0.000000
vn 0.000000 0.000000 0.000000
vn 0.000000 0.000000 0.000000
vn 0.000000 0.000000 0.000000
vn 0.000000 0.000000 0.000000
vn 0.000000 0.000000 0.000000
vn 0.000000 0.000000 0.000000
vn 0.000000 0.000000 0.000000
vn 0.000000 0.000000 0.000000
vn 0.000000 0.000000 0.000000
vn 0.000000 0.000000 0.000000
vn 0.000000 0.000000 0.000000
vn 0.000000 0.000000 0.000000
vn 0.000000 0.000000 0.000000
vn 0.000000 0.000000 0.000000
vn 0.000000 0.000000 0.000000
vn 0.000000 0.000000 0.000000
vn 0.000000 0.000000 0.000000
vn 0.000000 0.000000 0.000000
vn 0.000000 0.000000 0.000000
vn 0.000000 0.000000 0.000000
vn 0.000000 0.000000 0.000000
vn 0.000000 0.000000 0.000000
vn 0.000000 0.000000 0.000000
vn 0.000000 0.000000 0.000000
vn 0.000000 0.000000 0.000000
vn 0.000000 0.000000 0.000000
vn 0.000000 0.000000 0.000000
vn 0.000000 0.000000 0.000000
vn 0.000000 0.000000 0.000000
vn 0.000000 0.000000 0.000000
vn 0.000000 0.000000 0.000000
vn 0.000000 0.000000 0.000000
vn 0.000000 0.000000 0.000000
vn 0.000000 0.000000 0.000000
vn 0.000000 0.000000 0.000000
vn 0.000000 0.000000 0.000000
vn 0.000000 0.000000 0.000000
vn 0.000000 0.000000 0.000000
vn 0.000000 0.000000 0.000000
vn 0.000000 0.000000 0.000000
vn 0.000000 0.000000 0.000000
vn 0.000000 0.000000 0.000000
vn 0.000000 0.000000 0.000000
vn 0.000000 0.000000 0.000000
vn 0.000000 0.000000 0.000000
vn 0.000000 0.000000 0.000000
vn 0.000000 0.000000 0.000000
vn 0.000000 0.000000 0.000000
vn 0.000000 0.000000 0.000000
vn 0.000000 0.000000 0.000000
vn 0.000000 0.000000 0.000000
vn 0.000000 0.000000 0.000000
vn 0.000000 0.000000 0.000000
vn 0.000000 0.000000 0.000000
vn 0.000000 0.000000 0.000000
vn 0.000000 0.000000 0.000000
vn 0.000000 0.000000 0.000000
vn 0.000000 0.000000 0.000000
vn 0.000000 0.000000 0.000000
vn 0.000000 0.000000 0.000000
vn 0.000000 0.000000 0.000000
vn 0.000000 0.000000 0.000000
vn 0.000000 0.000000 0.000000
vn 0.000000 0.000000 0.000000
vn 0.000000 0.000000 0.000000
vn 0.000000 0.000000 0.000000
vn 0.000000 0.000000 0.000000
vn 0.000000 0.000000 0.000000
vn 0.000000 0.000000 0.000000
vn 0.000000 0.000000 0.000000
vn 0.000000 0.000000 0.000000
vn 0.000000 0.000000 0.000000
vn 0.000000 0.000000 0.000000
vn 0.000000 0.000000 0.000000
vn 0.000000 0.000000 0.000000
vn 0.000000 0.000000 0.000000
vn 0.000000 0.000000 0.000000
vn 0.000000 0.000000 0.000000
vn 0.000000 0.000000 0.000000
vn 0.000000 0.000000 0.000000
vn 0.000000 0.000000 0.000000
vn 0.000000 0.000000 0.000000
vn 0.000000 0.000000 0.000000
vn 0.000000 0.000000 0.000000
vn 0.000000 0.000000 0.000000
vn 0.000000 0.000000 0.000000
vn 0.000000 0.000000 0.000000
vn 0.000000 0.000000 0.000000
vn 0.000000 0.000000 0.000000
vn 0.000000 0.000000 0.000000
vn 0.000000 0.000000 0.000000
vn 0.000000 0.000000 0.000000
vn 0.000000 0.000000 0.000000
vn 0.000000 0.000000 0.000000
vn 0.000000 0.000000 0.000000
vn 0.000000 0.000000 0.000000
vn 0.000000 0.000000 0.000000
vn 0.000000 0.000000 0.000000
vn 0.000000 0.000000 0.000000
vn 0.000000 0.000000 0.000000
vn 0.000000 0.000000 0.000000
vn 0.000000 0.000000 0.000000
vn 0.000000 0.000000 0.000000
vn 0.000000 0.000000 0.000000
vn 0.000000 0.000000 0.000000
vn -0.515416 0.847252 0.128490
vn -0.457908 0.860606 0.222884
vn -0.416622 0.898316 0.139481
vn -0.399092 0.916697 0.019791
vn 0.532161 0.833278 0.149842
vn 0.537899 0.841834 0.044494
vn 0.396760 0.916198 -0.056234
vn 0.483676 0.870546 0.090594
vn 0.522505 0.843091 -0.127222
vn 0.493921 0.809520 -0.317363
vn 0.469548 0.843701 -0.260179
vn 0.398406 0.917207 -0.002224
vn -0.565016 0.824584 0.028605
vn -0.570262 0.820614 -0.037327
vn -0.429700 0.901480 0.051879
vn -0.499788 0.862958 0.074271
vn -0.588000 0.807649 -0.044261
vn -0.430830 0.898332 -0.085938
vn 0.534989 0.842731 -0.059926
vn 0.358794 0.928650 -0.094211
vn 0.533479 0.843209 0.066331
vn 0.357679 0.928841 0.096543
vn -0.590395 0.806977 0.014870
vn -0.434907 0.897958 0.067284
vn -0.609965 0.784158 -0.114190
vn -0.440019 0.888730 -0.128615
vn -0.654155 0.754466 -0.053507
vn -0.487760 0.872598 -0.025742
vn 0.556697 0.828710 -0.057680
vn 0.361094 0.931131 -0.051054
vn 0.594850 0.803783 -0.009295
vn 0.391400 0.920208 -0.004870
vn 0.562501 0.824781 0.057699
vn 0.365455 0.929452 0.050616
vn -0.602089 0.789886 0.116486
vn -0.647990 0.759381 0.058729
vn -0.479993 0.876773 0.029603
vn -0.433024 0.892044 0.129415
vn -0.727775 0.685085 -0.031654
vn -0.537934 0.841888 -0.043030
vn -0.667195 0.743694 -0.042069
vn -0.467939 0.879520 -0.086472
vn -0.608935 0.793208 0.004408
vn -0.415811 0.909448 0.002394
vn -0.663933 0.745983 0.051986
vn -0.464681 0.880687 0.091991
vn -0.721634 0.690933 0.043084
vn -0.530936 0.845910 0.050434
vn 0.361775 0.931276 -0.042934
vn -0.636858 0.769435 0.048790
vn -0.595413 0.790914 0.141203
vn -0.579080 0.804429 0.132514
vn -0.610159 0.791831 0.026643
vn 0.484279 0.852269 0.197768
vn 0.535783 0.843741 0.032226
vn 0.512032 0.858903 0.010402
vn 0.474594 0.861427 0.180842
vn 0.612127 0.790382 -0.024454
vn 0.553230 0.814616 -0.174176
vn 0.542107 0.824889 -0.160243
vn 0.587204 0.809419 -0.005661
vn -0.585438 0.794602 -0.160842
vn -0.632191 0.773758 -0.040414
vn -0.606821 0.794618 -0.018745
vn -0.572174 0.806500 -0.148914
vn -0.642970 0.762404 -0.072999
vn -0.616309 0.782389 -0.089611
vn 0.545984 0.830710 -0.108728
vn 0.519150 0.845641 -0.123992
vn 0.630301 0.771509 0.086566
vn 0.603062 0.791087 0.102458
vn -0.637875 0.766174 0.078056
vn -0.610722 0.786073 0.095433
vn -0.626074 0.775208 -0.084164
vn -0.597319 0.797214 -0.087522
vn 0.552721 0.829858 -0.076385
vn 0.524001 0.848758 -0.070941
vn 0.619488 0.784991 -0.004931
vn 0.591582 0.806242 0.002031
vn -0.619157 0.780596 0.085524
vn -0.590375 0.802264 0.088485
vn -0.636780 0.769057 -0.055342
vn -0.606887 0.793005 -0.053213
vn 0.626683 0.778011 -0.044356
vn 0.594387 0.803968 -0.018415
vn 0.676994 0.733798 -0.056737
vn 0.647135 0.758079 -0.080826
vn 0.681605 0.730079 0.048977
vn 0.655651 0.753629 -0.046521
vn 0.623625 0.779446 -0.059625
vn 0.652798 0.754294 0.069965
vn -0.632523 0.771630 0.067091
vn -0.602545 0.795628 0.062573
vn -0.620427 0.783976 -0.021240
vn -0.636348 0.770577 -0.035669
vn -0.606612 0.793207 -0.053327
vn -0.590266 0.806645 -0.030168
vn -0.648789 0.760347 -0.030758
vn -0.616047 0.786936 -0.034892
vn 0.600302 0.796979 -0.066797
vn 0.576639 0.808354 -0.118538
vn 0.529663 0.847304 -0.039142
vn 0.500390 0.864577 -0.046006
vn 0.522172 0.852345 -0.029066
vn 0.491651 0.870068 -0.035504
vn 0.517894 0.855407 -0.008057
vn 0.487381 0.873154 -0.007825
vn 0.521917 0.852901 0.012744
vn 0.491531 0.870634 0.019856
vn 0.530415 0.847412 0.023523
vn 0.501323 0.864657 0.032316
vn 0.605927 0.794003 0.049108
vn 0.582703 0.806028 0.103807
vn -0.650282 0.759056 0.031104
vn -0.617274 0.785934 0.035801
vn -0.636347 0.770577 0.035693
vn -0.606663 0.793166 0.053370
vn -0.620430 0.783974 0.021237
vn -0.590287 0.806630 0.030146
vn -0.616347 0.787475 0.000004
vn -0.585863 0.810410 0.000056
vn -0.546973 0.829118 0.115690
vn -0.594870 0.803796 0.006383
vn 0.497896 0.867153 -0.012081
vn 0.454931 0.878251 0.147351
vn 0.519526 0.844103 -0.132601
vn 0.573120 0.819337 0.014872
vn -0.592235 0.805761 0.002472
vn -0.545535 0.828647 -0.125443
vn -0.601858 0.792420 -0.099183
vn 0.504841 0.852879 -0.133163
vn 0.588234 0.800882 0.112114
vn -0.596111 0.795946 0.105459
vn -0.581430 0.808529 -0.090664
vn 0.506507 0.859008 -0.074543
vn 0.575955 0.817396 0.011808
vn -0.574459 0.813416 0.091385
vn -0.591210 0.804831 -0.052130
vn 0.574825 0.818269 -0.003442
vn 0.630348 0.766449 -0.123362
vn 0.603789 0.794040 -0.070277
vn 0.636581 0.762788 0.113666
vn -0.586829 0.807464 0.060287
vn -0.589118 0.805785 -0.060421
vn -0.571647 0.819796 -0.033962
vn -0.602044 0.797401 -0.041170
vn 0.542835 0.832758 -0.108830
vn 0.548590 0.830436 0.097081
vn -0.603090 0.796558 0.042173
vn -0.589185 0.805735 0.060437
vn -0.571690 0.819767 0.033954
vn -0.566823 0.823840 0.000093
vn -0.577097 0.802421 0.151918
vn -0.531621 0.776454 0.338375
vn -0.490806 0.829807 0.265576
vn -0.419321 0.907670 0.017450
vn 0.552183 0.824053 0.126610
vn 0.604545 0.793930 0.064806
vn 0.440427 0.896490 -0.048271
vn 0.478428 0.877328 0.037437
vn 0.735798 0.661953 -0.142896
vn 0.695379 0.704667 -0.141040
vn 0.627879 0.775068 -0.070971
vn 0.578835 0.814868 -0.030648
vn -0.631942 0.718034 -0.291678
vn -0.637682 0.760375 -0.123258
vn -0.475505 0.879697 0.005309
vn -0.590143 0.775323 -0.224957
vn -0.604952 0.794377 -0.054757
vn -0.393858 0.914657 -0.090990
vn 0.673356 0.738345 -0.037923
vn 0.481095 0.871591 -0.094219
vn 0.779435 0.609331 -0.145593
vn 0.626192 0.778462 -0.043356
vn -0.628223 0.774486 0.074211
vn -0.415797 0.903432 0.104515
vn -0.641792 0.762820 -0.078792
vn -0.409956 0.909631 -0.067136
vn 0.692027 0.718416 -0.070544
vn 0.724087 0.689408 -0.020332
vn 0.524777 0.851022 -0.019277
vn 0.482980 0.869109 -0.106678
vn 0.734517 0.654009 -0.180989
vn 0.563473 0.823964 -0.059846
vn 0.737144 0.660061 -0.144700
vn 0.559126 0.823290 -0.097837
vn -0.659852 0.747282 0.078520
vn -0.426032 0.902242 0.066753
vn -0.692711 0.720401 -0.034253
vn -0.457808 0.888829 -0.019865
vn 0.782561 0.622558 -0.004501
vn 0.727140 0.685541 -0.036068
vn 0.499828 0.863300 -0.069887
vn 0.569658 0.821446 -0.026756
vn 0.788505 0.614982 0.007550
vn 0.576915 0.816433 0.024600
vn 0.734645 0.678133 0.020786
vn 0.507422 0.859500 0.061509
vn 0.675637 0.737042 -0.016873
vn 0.447635 0.894169 -0.009178
vn -0.335322 0.941742 0.026094
vn -0.422626 0.906301 -0.002201
vn 0.499361 0.866391 -0.002276
vn -0.331369 0.939910 0.082241
vn -0.353110 0.935369 0.019967
vn 0.581833 0.807125 0.100100
vn 0.622546 0.778925 0.075572
vn 0.609332 0.786607 0.099821
vn 0.574895 0.811163 0.107288
vn -0.356214 0.934111 -0.023425
vn -0.335055 0.939472 -0.071626
vn 0.582126 0.809147 -0.080066
vn 0.540898 0.832651 -0.118832
vn 0.533995 0.836308 -0.124248
vn 0.569645 0.815973 -0.098457
vn -0.371158 0.928542 -0.007209
vn 0.718463 0.695340 0.017697
vn 0.706837 0.706869 0.026785
vn 0.689527 0.723926 0.021973
vn 0.678628 0.734389 0.011646
vn 0.710899 0.702857 0.024797
vn 0.701222 0.712623 0.021351
vn -0.336662 0.939207 0.067450
vn -0.355749 0.934570 0.004676
vn 0.594807 0.795819 0.113473
vn 0.553880 0.822608 0.128581
vn -0.359015 0.933251 -0.012300
vn -0.337238 0.939464 -0.060653
vn -0.366398 0.930432 -0.006934
vn 0.704660 0.709536 0.003515
vn 0.679378 0.733119 0.031326
vn 0.697215 0.716575 0.020284
s 1
g pSphere4
usemtl blinn10SG
f 1/541/1 2/542/2 22/543/3 21/544/4
f 2/542/2 3/546/5 23/547/6 22/543/3
f 3/546/5 4/552/7 24/553/8 23/547/6
f 4/552/7 5/560/9 25/561/10 24/553/8
f 5/560/9 6/570/11 26/571/12 25/561/10
f 6/570/11 7/582/13 27/583/14 26/571/12
f 7/582/13 8/593/15 28/594/16 27/583/14
s off
f 449/674/17 450/675/18 451/676/19 452/677/20
s 1
f 9/618/21 10/631/22 30/632/23 29/619/24
s 3
f 453/678/25 454/679/26 455/680/27 456/681/28
s 1
f 11/656/29 12/644/30 32/654/31 31/645/32
s off
f 458/683/33 459/684/34 460/685/35 461/686/36
s 1
f 13/629/37 14/616/38 34/617/39 33/630/40
f 14/616/38 15/604/41 35/605/42 34/617/39
f 15/604/41 16/591/43 36/592/44 35/605/42
f 16/591/43 17/580/45 37/581/46 36/592/44
f 17/580/45 18/568/47 38/569/48 37/581/46
f 18/568/47 19/558/49 39/559/50 38/569/48
f 19/558/49 20/550/51 40/551/52 39/559/50
f 20/550/51 1/541/1 21/544/4 40/551/52
f 21/544/4 22/543/3 42/548/53 41/549/54
f 22/543/3 23/547/6 43/554/55 42/548/53
f 23/547/6 24/553/8 44/562/56 43/554/55
f 24/553/8 25/561/10 45/572/57 44/562/56
f 25/561/10 26/571/12 46/584/58 45/572/57
f 26/571/12 27/583/14 47/595/59 46/584/58
f 27/583/14 28/594/16 48/606/60 47/595/59
f 28/594/16 29/619/24 49/620/61 48/606/60
f 29/619/24 30/632/23 50/633/62 49/620/61
f 30/632/23 31/645/32 51/646/63 50/633/62
f 31/645/32 32/654/31 52/655/64 51/646/63
f 32/654/31 33/630/40 53/643/65 52/655/64
f 33/630/40 34/617/39 54/628/66 53/643/65
f 34/617/39 35/605/42 55/615/67 54/628/66
f 35/605/42 36/592/44 56/603/68 55/615/67
f 36/592/44 37/581/46 57/590/69 56/603/68
f 37/581/46 38/569/48 58/579/70 57/590/69
f 38/569/48 39/559/50 59/567/71 58/579/70
f 39/559/50 40/551/52 60/557/72 59/567/71
f 40/551/52 21/544/4 41/549/54 60/557/72
f 41/549/54 42/548/53 62/555/73 61/556/74
f 42/548/53 43/554/55 63/563/75 62/555/73
f 43/554/55 44/562/56 64/573/76 63/563/75
f 44/562/56 45/572/57 65/585/77 64/573/76
f 45/572/57 46/584/58 66/596/78 65/585/77
f 46/584/58 47/595/59 67/607/79 66/596/78
f 47/595/59 48/606/60 68/621/80 67/607/79
f 48/606/60 49/620/61 69/634/81 68/621/80
f 49/620/61 50/633/62 70/647/82 69/634/81
f 50/633/62 51/646/63 71/657/83 70/647/82
f 51/646/63 52/655/64 72/665/84 71/657/83
f 52/655/64 53/643/65 73/663/85 72/665/84
s off
f 462/687/86 463/688/87 464/689/88 465/690/89
s 1
f 54/628/66 55/615/67 75/627/90 74/642/91
f 55/615/67 56/603/68 76/614/92 75/627/90
f 56/603/68 57/590/69 77/602/93 76/614/92
f 57/590/69 58/579/70 78/589/94 77/602/93
f 58/579/70 59/567/71 79/578/95 78/589/94
f 59/567/71 60/557/72 80/566/96 79/578/95
f 60/557/72 41/549/54 61/556/74 80/566/96
f 61/556/74 62/555/73 82/564/97 81/565/98
f 62/555/73 63/563/75 83/574/99 82/564/97
f 63/563/75 64/573/76 84/586/100 83/574/99
f 64/573/76 65/585/77 85/597/101 84/586/100
f 65/585/77 66/596/78 86/608/102 85/597/101
f 66/596/78 67/607/79 87/622/103 86/608/102
f 67/607/79 68/621/80 88/635/104 87/622/103
f 68/621/80 69/634/81 89/648/105 88/635/104
f 69/634/81 70/647/82 90/658/106 89/648/105
f 70/647/82 71/657/83 91/666/107 90/658/106
f 71/657/83 72/665/84 92/669/108 91/666/107
f 72/665/84 73/663/85 93/664/109 92/669/108
f 73/663/85 74/642/91 94/653/110 93/664/109
f 74/642/91 75/627/90 95/641/111 94/653/110
f 75/627/90 76/614/92 96/626/112 95/641/111
f 76/614/92 77/602/93 97/613/113 96/626/112
f 77/602/93 78/589/94 98/601/114 97/613/113
f 78/589/94 79/578/95 99/588/115 98/601/114
f 79/578/95 80/566/96 100/577/116 99/588/115
f 80/566/96 61/556/74 81/565/98 100/577/116
f 81/565/98 82/564/97 102/575/117 101/576/118
f 82/564/97 83/574/99 103/587/119 102/575/117
f 83/574/99 84/586/100 104/598/120 103/587/119
f 84/586/100 85/597/101 105/609/121 104/598/120
f 85/597/101 86/608/102 106/623/122 105/609/121
f 86/608/102 87/622/103 107/636/123 106/623/122
f 87/622/103 88/635/104 108/649/124 107/636/123
f 88/635/104 89/648/105 109/659/125 108/649/124
f 89/213/105 90/214/106 110/204/126 109/195/125
f 90/214/106 91/225/107 111/215/127 110/204/126
f 91/666/107 92/669/108 112/671/128 111/672/127
f 92/669/108 93/664/109 113/668/129 112/671/128
f 93/664/109 94/653/110 114/662/130 113/668/129
f 94/653/110 95/641/111 115/652/131 114/662/130
f 95/641/111 96/626/112 116/640/132 115/652/131
f 96/626/112 97/613/113 117/625/133 116/640/132
f 97/613/113 98/601/114 118/612/134 117/625/133
f 98/601/114 99/588/115 119/611/135 118/612/134
f 99/160/115 100/148/116 120/139/136 119/150/135
f 100/148/116 81/149/98 101/129/118 120/139/136
f 101/129/118 102/130/117 122/122/137 121/121/138
f 102/575/117 103/587/119 123/599/139 122/600/137
f 103/587/119 104/598/120 124/610/140 123/599/139
f 104/598/120 105/609/121 125/624/141 124/610/140
f 105/609/121 106/623/122 126/637/142 125/624/141
f 106/623/122 107/636/123 127/650/143 126/637/142
f 107/636/123 108/649/124 128/660/144 127/650/143
f 108/194/124 109/195/125 129/187/145 128/186/144
f 109/195/125 110/204/126 130/196/146 129/187/145
f 110/204/126 111/215/127 131/205/147 130/196/146
f 111/215/127 112/226/128 132/216/148 131/205/147
f 112/671/128 113/668/129 133/670/149 132/673/148
f 113/668/129 114/662/130 134/667/150 133/670/149
f 114/662/130 115/652/131 135/661/151 134/667/150
f 115/652/131 116/640/132 136/651/152 135/661/151
f 116/640/132 117/625/133 137/639/153 136/651/152
f 117/625/133 118/612/134 138/638/154 137/639/153
f 118/161/134 119/150/135 139/140/155 138/151/154
f 119/150/135 120/139/136 140/132/156 139/140/155
f 120/139/136 101/129/118 121/121/138 140/132/156
f 121/121/138 122/122/137 142/118/157 141/117/158
f 122/122/137 123/131/139 143/123/159 142/118/157
f 123/1016/139 124/1017/140 144/1018/160 143/1019/159
f 124/1017/140 125/1020/141 145/1021/161 144/1018/160
f 125/1020/141 126/1024/142 146/1025/162 145/1021/161
f 126/1024/142 127/1029/143 147/1030/163 146/1025/162
f 127/197/143 128/186/144 148/182/164 147/192/163
f 128/186/144 129/187/145 149/183/165 148/182/164
f 129/187/145 130/196/146 150/188/166 149/183/165
f 130/196/146 131/205/147 151/198/167 150/188/166
f 131/205/147 132/216/148 152/206/168 151/198/167
f 132/216/148 133/227/149 153/217/169 152/206/168
f 133/1049/149 134/1050/150 154/1051/170 153/1052/169
f 134/1050/150 135/1053/151 155/1054/171 154/1051/170
f 135/1053/151 136/1057/152 156/1058/172 155/1054/171
f 136/1057/152 137/1062/153 157/1063/173 156/1058/172
f 137/162/153 138/151/154 158/146/174 157/158/173
f 138/151/154 139/140/155 159/137/175 158/146/174
f 139/140/155 140/132/156 160/127/176 159/137/175
f 140/132/156 121/121/138 141/117/158 160/127/176
f 141/117/158 142/118/157 162/119/177 161/120/178
f 142/118/157 143/123/159 163/124/179 162/119/177
f 143/1019/159 144/1018/160 164/1022/180 163/1023/179
f 144/1018/160 145/1021/161 165/1026/181 164/1022/180
f 145/1021/161 146/1025/162 166/1031/182 165/1026/181
f 146/1025/162 147/1030/163 167/1035/183 166/1031/182
f 147/192/163 148/182/164 168/185/184 167/193/183
f 148/182/164 149/183/165 169/184/185 168/185/184
f 149/183/165 150/188/166 170/189/186 169/184/185
f 150/188/166 151/198/167 171/199/187 170/189/186
f 151/198/167 152/206/168 172/207/188 171/199/187
f 152/206/168 153/217/169 173/218/189 172/207/188
f 153/1052/169 154/1051/170 174/1055/190 173/1056/189
f 154/1051/170 155/1054/171 175/1059/191 174/1055/190
f 155/1054/171 156/1058/172 176/1064/192 175/1059/191
f 156/1058/172 157/1063/173 177/1068/193 176/1064/192
f 157/158/173 158/146/174 178/147/194 177/159/193
f 158/146/174 159/137/175 179/138/195 178/147/194
f 159/137/175 160/127/176 180/128/196 179/138/195
f 160/127/176 141/117/158 161/120/178 180/128/196
f 161/120/178 162/119/177 182/125/197 181/126/198
f 162/119/177 163/124/179 183/133/199 182/125/197
f 163/1023/179 164/1022/180 184/1027/200 183/1028/199
f 164/1022/180 165/1026/181 185/1032/201 184/1027/200
f 165/1026/181 166/1031/182 186/1036/202 185/1032/201
f 166/1031/182 167/1035/183 187/1040/203 186/1036/202
f 167/193/183 168/185/184 188/191/204 187/203/203
f 168/185/184 169/184/185 189/190/205 188/191/204
f 169/184/185 170/189/186 190/200/206 189/190/205
f 170/189/186 171/199/187 191/208/207 190/200/206
f 171/199/187 172/207/188 192/219/208 191/208/207
f 172/207/188 173/218/189 193/228/209 192/219/208
f 173/1056/189 174/1055/190 194/1060/210 193/1061/209
f 174/1055/190 175/1059/191 195/1065/211 194/1060/210
f 175/1059/191 176/1064/192 196/1069/212 195/1065/211
f 176/1064/192 177/1068/193 197/1073/213 196/1069/212
f 177/159/193 178/147/194 198/157/214 197/169/213
f 178/147/194 179/138/195 199/145/215 198/157/214
f 179/138/195 180/128/196 200/136/216 199/145/215
f 180/128/196 161/120/178 181/126/198 200/136/216
f 181/126/198 182/125/197 202/134/217 201/135/218
f 182/125/197 183/133/199 203/141/219 202/134/217
f 183/1028/199 184/1027/200 204/1033/220 203/1034/219
f 184/1027/200 185/1032/201 205/1037/221 204/1033/220
f 185/1032/201 186/1036/202 206/1041/222 205/1037/221
f 186/1036/202 187/1040/203 207/1043/223 206/1041/222
f 187/203/203 188/191/204 208/202/224 207/212/223
f 188/191/204 189/190/205 209/201/225 208/202/224
f 189/190/205 190/200/206 210/209/226 209/201/225
f 190/200/206 191/208/207 211/220/227 210/209/226
f 191/208/207 192/219/208 212/229/228 211/220/227
f 192/219/208 193/228/209 213/235/229 212/229/228
f 193/1061/209 194/1060/210 214/1066/230 213/1067/229
f 194/1060/210 195/1065/211 215/1070/231 214/1066/230
f 195/1065/211 196/1069/212 216/1074/232 215/1070/231
f 196/1069/212 197/1073/213 217/1076/233 216/1074/232
f 197/169/213 198/157/214 218/168/234 217/173/233
f 198/157/214 199/145/215 219/156/235 218/168/234
f 199/145/215 200/136/216 220/144/236 219/156/235
f 200/136/216 181/126/198 201/135/218 220/144/236
f 201/135/218 202/134/217 222/142/237 221/143/238
f 202/134/217 203/141/219 223/152/239 222/142/237
f 203/1034/219 204/1033/220 224/1038/240 223/1039/239
f 204/1033/220 205/1037/221 225/1042/241 224/1038/240
f 205/1037/221 206/1041/222 226/1044/242 225/1042/241
f 206/1041/222 207/1043/223 227/1047/243 226/1044/242
f 207/212/223 208/202/224 228/211/244 227/224/243
f 208/202/224 209/201/225 229/210/245 228/211/244
f 209/201/225 210/209/226 230/221/246 229/210/245
f 210/209/226 211/220/227 231/230/247 230/221/246
f 211/220/227 212/229/228 232/236/248 231/230/247
f 212/229/228 213/235/229 233/239/249 232/236/248
f 213/1067/229 214/1066/230 234/1071/250 233/1072/249
f 214/1066/230 215/1070/231 235/1075/251 234/1071/250
f 215/1070/231 216/1074/232 236/1077/252 235/1075/251
f 216/1074/232 217/1076/233 237/1080/253 236/1077/252
f 217/173/233 218/168/234 238/172/254 237/178/253
f 218/168/234 219/156/235 239/167/255 238/172/254
f 219/156/235 220/144/236 240/155/256 239/167/255
f 220/144/236 201/135/218 221/143/238 240/155/256
f 221/143/238 222/142/237 242/153/257 241/154/258
f 222/142/237 223/152/239 243/163/259 242/153/257
f 223/721/239 224/722/240 244/709/260 243/699/259
f 224/1038/240 225/1042/241 245/1045/261 244/1046/260
f 225/1042/241 226/1044/242 246/1048/262 245/1045/261
f 226/774/242 227/775/243 247/755/263 246/736/262
f 227/224/243 228/211/244 248/223/264 247/234/263
f 228/211/244 229/210/245 249/222/265 248/223/264
f 229/210/245 230/221/246 250/231/266 249/222/265
f 230/221/246 231/230/247 251/237/267 250/231/266
f 231/230/247 232/236/248 252/240/268 251/237/267
f 232/236/248 233/239/249 253/244/269 252/240/268
f 233/889/249 234/890/250 254/845/270 253/868/269
f 234/1071/250 235/1075/251 255/1078/271 254/1079/270
f 235/1075/251 236/1077/252 256/1081/272 255/1078/271
f 236/823/252 237/824/253 257/792/273 256/807/272
f 237/178/253 238/172/254 258/177/274 257/181/273
f 238/172/254 239/167/255 259/171/275 258/177/274
f 239/167/255 240/155/256 260/166/276 259/171/275
f 240/155/256 221/143/238 241/154/258 260/166/276
f 241/154/258 242/153/257 262/164/277 261/165/278
f 242/698/257 243/699/259 263/695/279 262/692/277
f 243/699/259 244/709/260 264/700/280 263/695/279
f 244/709/260 245/723/261 265/710/281 264/700/280
f 245/723/261 246/736/262 266/724/282 265/710/281
f 246/736/262 247/755/263 267/737/283 266/724/282
f 247/755/263 248/776/264 268/756/284 267/737/283
f 248/223/264 249/222/265 269/232/285 268/233/284
f 249/222/265 250/231/266 270/238/286 269/232/285
f 250/231/266 251/237/267 271/241/287 270/238/286
f 251/237/267 252/240/268 272/245/288 271/241/287
f 252/891/268 253/868/269 273/852/289 272/877/288
f 253/868/269 254/845/270 274/829/290 273/852/289
f 254/845/270 255/825/271 275/810/291 274/829/290
f 255/825/271 256/807/272 276/795/292 275/810/291
f 256/807/272 257/792/273 277/772/293 276/795/292
f 257/792/273 258/793/274 278/753/294 277/772/293
f 258/177/274 259/171/275 279/176/295 278/180/294
f 259/171/275 260/166/276 280/170/296 279/176/295
f 260/166/276 241/154/258 261/165/278 280/170/296
f 261/691/278 262/692/277 282/693/297 281/694/298
f 262/692/277 263/695/279 283/696/299 282/693/297
f 263/695/279 264/700/280 284/701/300 406/702/301 283/696/299
f 264/700/280 265/710/281 285/711/302 284/701/300
f 265/710/281 266/724/282 286/725/303 285/711/302
f 266/724/282 267/737/283 287/738/304 358/739/305 286/725/303
f 267/737/283 268/756/284 288/757/306 287/738/304
f 268/756/284 269/777/285 289/778/307 288/757/306
f 269/232/285 270/238/286 290/242/308 289/243/307
f 270/238/286 271/241/287 291/246/309 290/242/308
f 271/878/287 272/877/288 292/855/310 291/831/309
f 272/877/288 273/852/289 293/854/311 292/855/310
f 273/852/289 274/829/290 294/830/312 362/853/313 293/854/311
f 274/829/290 275/810/291 295/811/314 294/830/312
f 275/810/291 276/795/292 296/797/315 295/811/314
f 276/795/292 277/772/293 297/773/316 420/796/317 296/797/315
f 277/772/293 278/753/294 298/735/318 297/773/316
f 278/753/294 279/754/295 299/719/319 298/735/318
f 279/176/295 280/170/296 300/175/320 299/179/319
f 280/170/296 261/165/278 281/174/298 300/175/320
s 6
usemtl blinn9SG
f 679/717/321 680/716/322 681/731/323 682/732/324
s 1
usemtl blinn10SG
f 282/693/297 283/696/299 302/703/325 301/704/326
s 7
usemtl blinn9SG
f 640/913/327 641/914/328 642/915/329
s 8
f 573/972/330 574/975/331 575/973/332
f 574/975/331 576/976/333 575/973/332
s 9
f 510/942/334 511/943/335 512/944/336
s 1
usemtl blinn10SG
f 287/738/304 288/757/306 306/779/337 305/758/338
f 288/757/306 307/799/339 306/779/337
f 289/778/307 290/812/308 356/813/340 357/798/341
f 290/812/308 291/831/309 355/832/342 356/813/340
f 308/859/343 292/855/310 309/882/344
f 292/855/310 293/854/311 310/876/345 309/882/344
s 9
usemtl blinn9SG
f 513/967/346 514/970/347 515/969/348
s 8
f 577/1014/349 578/1015/350 579/1012/351
f 578/1015/350 580/1013/352 579/1012/351
s 7
f 643/940/353 644/941/354 645/938/355
s 1
usemtl blinn10SG
f 297/773/316 298/735/318 314/787/356 313/794/357
s 6
usemtl blinn9SG
f 683/771/358 684/751/359 685/770/360 686/791/361
f 684/751/359 687/733/362 688/750/363 685/770/360
f 687/733/362 679/717/321 682/732/324 688/750/363
f 682/732/324 681/731/323 689/749/364
s 7
f 646/919/365 640/913/327 647/917/366
f 640/913/327 642/915/329 648/916/367 647/917/366
s 8
f 581/971/368 573/972/330 575/973/332 582/974/369
f 575/973/332 576/976/333 583/977/370 582/974/369
s 9
f 516/945/371 510/942/334 512/944/336 517/946/372
f 512/944/336 518/947/373 517/946/372
s 1
usemtl blinn10SG
f 306/779/337 307/799/339 320/816/374 319/800/375
f 307/799/339 354/836/376 321/837/377 320/816/374
f 354/836/376 308/859/343 322/860/378 321/837/377
f 308/859/343 309/882/344 323/883/379 322/860/378
s 9
usemtl blinn9SG
f 519/960/380 513/967/346 520/963/381
f 513/967/346 515/969/348 521/968/382 520/963/381
s 8
f 584/1011/383 577/1014/349 579/1012/351 585/1009/384
f 579/1012/351 580/1013/352 586/1010/385 585/1009/384
s 7
f 649/939/386 643/940/353 645/938/355 650/935/387
f 645/938/355 651/932/388 650/935/387
s 6
f 690/790/389 686/791/361 685/770/360
f 685/770/360 688/750/363 691/769/390 690/790/389
f 688/750/363 682/732/324 689/749/364 691/769/390
s 7
f 652/923/391 646/919/365 653/921/392 654/924/393
f 646/919/365 647/917/366 655/918/394 656/920/395 653/921/392
f 647/917/366 648/916/367 655/918/394
s 8
f 587/978/396 581/971/368 582/974/369 588/979/397
f 582/974/369 583/977/370 589/980/398 588/979/397
s 9
f 522/948/399 516/945/371 517/946/372
f 517/946/372 518/947/373 523/949/400 524/950/401 522/948/399
f 518/947/373 525/951/402 526/952/403 523/949/400
f 525/951/402 527/953/404 528/954/405 526/952/403
f 527/953/404 529/957/406 530/958/407 528/954/405
f 529/957/406 519/960/380 531/961/408 530/958/407
f 519/960/380 520/963/381 532/964/409 533/965/410 531/961/408
f 520/963/381 521/968/382 532/964/409
s 8
f 590/1008/411 584/1011/383 585/1009/384 591/1006/412
f 585/1009/384 586/1010/385 592/1007/413 591/1006/412
s 7
f 657/247/414 649/248/386 650/249/387
f 650/935/387 651/932/388 658/933/415 659/936/416 657/937/414
f 651/932/388 660/929/417 661/930/418 658/933/415
f 660/929/417 662/926/419 663/927/420 661/930/418
f 662/926/419 652/923/391 654/924/393 663/927/420
f 654/924/393 653/921/392 664/922/421 665/925/422
f 653/921/392 656/920/395 664/922/421
s 1
usemtl blinn10SG
f 329/745/423 330/744/424 340/763/425 339/764/426
s 8
usemtl blinn9SG
f 593/981/427 587/978/396 588/979/397 594/982/428
f 588/979/397 589/980/398 595/983/429 596/984/430 594/982/428
f 595/983/429 597/986/431 596/984/430
s 9
usemtl blinn10SG
f 534/1082/432 524/1083/401 523/1084/400
usemtl blinn9SG
f 523/949/400 526/952/403 535/955/433 534/956/432
f 526/952/403 528/954/405 536/959/434 535/955/433
f 528/954/405 530/958/407 537/962/435 536/959/434
f 530/958/407 531/961/408 538/966/436 537/962/435
usemtl blinn10SG
f 531/250/408 533/251/410 538/252/436
s 8
f 598/1002/437 599/1005/438 600/1003/439
usemtl blinn9SG
f 599/1005/438 590/1008/411 591/1006/412 601/1004/440 600/1003/439
f 591/1006/412 592/1007/413 602/1001/441 601/1004/440
s 1
usemtl blinn10SG
f 335/848/442 336/847/443 349/870/444 348/871/445
s 7
usemtl blinn9SG
f 666/934/446 659/936/416 658/933/415
f 658/933/415 661/930/418 667/931/447 666/934/446
f 661/930/418 663/927/420 668/928/448 667/931/447
f 663/927/420 654/924/393 665/925/422 668/928/448
s 1
usemtl blinn10SG
f 2/542/2 1/541/1 353/545/449
f 3/546/5 2/542/2 353/545/449
f 4/552/7 3/546/5 353/545/449
f 5/560/9 4/552/7 353/545/449
f 6/570/11 5/560/9 353/545/449
f 7/582/13 6/570/11 353/545/449
f 8/593/15 7/582/13 353/545/449
f 9/618/21 8/593/15 353/545/449
f 10/631/22 9/618/21 353/545/449
s 3
f 454/679/26 453/678/25 457/682/450
s 1
f 12/644/30 11/656/29 353/545/449
f 13/629/37 12/644/30 353/545/449
f 14/616/38 13/629/37 353/545/449
f 15/604/41 14/616/38 353/545/449
f 16/591/43 15/604/41 353/545/449
f 17/580/45 16/591/43 353/545/449
f 18/568/47 17/580/45 353/545/449
f 19/558/49 18/568/47 353/545/449
f 20/550/51 19/558/49 353/545/449
f 1/541/1 20/550/51 353/545/449
s 8
usemtl blinn9SG
f 603/991/451 604/989/452 605/985/453
f 604/989/452 606/987/454 605/985/453
f 606/987/454 593/981/427 605/985/453
f 593/981/427 594/982/428 605/985/453
f 594/982/428 596/984/430 605/985/453
f 596/984/430 597/986/431 607/988/455 605/985/453
f 607/988/455 608/990/456 605/985/453
f 608/990/456 609/992/457 605/985/453
f 609/992/457 610/994/458 605/985/453
f 610/994/458 611/996/459 605/985/453
f 611/996/459 612/998/460 605/985/453
f 612/998/460 613/1000/461 605/985/453
f 613/1000/461 598/1002/437 600/1003/439 605/985/453
f 600/1003/439 601/1004/440 605/985/453
f 601/1004/440 602/1001/441 605/985/453
f 602/1001/441 614/999/462 605/985/453
f 614/999/462 615/997/463 605/985/453
f 615/997/463 616/995/464 605/985/453
f 616/995/464 617/993/465 605/985/453
f 617/993/465 603/991/451 605/985/453
s 1
usemtl blinn10SG
f 288/757/306 289/778/307 357/798/341
s 20
usemtl blinn9SG
f 440/858/466 441/881/467 442/898/468
f 441/881/467 443/897/469 442/898/468
s 1
usemtl blinn10SG
f 291/831/309 292/855/310 355/832/342
s 20
usemtl blinn9SG
f 445/880/470 444/896/471 443/897/469
f 446/857/472 445/880/470 443/897/469 441/881/467
f 447/834/473 446/857/472 441/881/467 440/858/466
f 448/835/474 447/834/473 440/858/466
s 1
usemtl blinn10SG
f 305/758/338 358/739/305 287/738/304
f 305/758/338 306/779/337 319/800/375
f 319/800/375 320/816/374 359/838/475
f 320/816/374 321/837/377 360/861/476 359/838/475
f 321/837/377 322/860/378 361/884/477 360/861/476
f 322/860/378 323/883/379 361/884/477
f 309/882/344 310/876/345 323/883/379
f 293/854/311 362/853/313 310/876/345
f 363/875/478 362/853/313 294/830/312 311/851/479
f 364/895/480 363/875/478 311/851/479 324/874/481
f 365/903/482 364/895/480 324/874/481 334/894/483 333/904/484
f 366/910/485 365/903/482 333/904/484
f 367/905/486 366/910/485 333/904/484 347/909/487 346/906/488
f 368/899/489 367/905/486 346/906/488 345/900/490
f 369/885/491 368/899/489 345/900/490 344/886/492
f 370/862/493 369/885/491 344/886/492 343/863/494
f 371/839/495 370/862/493 343/863/494 342/840/496
f 332/802/497 372/817/498 371/839/495 342/840/496 341/818/499
f 373/801/500 372/817/498 332/802/497
f 318/761/501 374/780/502 373/801/500 332/802/497 331/782/503
f 304/740/504 375/759/505 374/780/502 318/761/501
f 286/725/303 358/739/305 375/759/505 304/740/504
f 285/711/302 286/725/303 304/740/504 376/741/506
f 377/760/507 376/741/506 304/740/504 318/761/501
f 378/781/508 377/760/507 318/761/501 331/782/503
f 379/803/509 378/781/508 331/782/503
f 331/782/503 332/802/497 341/818/499 380/819/510 379/803/509
f 381/841/511 380/819/510 341/818/499
f 341/818/499 342/840/496 382/864/512 381/841/511
f 342/840/496 343/863/494 383/887/513 382/864/512
f 343/863/494 344/886/492 384/901/514 383/887/513
f 344/886/492 345/900/490 385/907/515 384/901/514
f 345/900/490 346/906/488 386/911/516 385/907/515
f 346/906/488 347/909/487 387/912/517 386/911/516
f 347/909/487 388/908/518 387/912/517
f 333/904/484 334/894/483 389/902/519 388/908/518 347/909/487
f 334/894/483 390/893/520 389/902/519
f 324/874/481 391/873/521 390/893/520 334/894/483
f 311/851/479 392/850/522 391/873/521 324/874/481
f 294/830/312 295/811/314 392/850/522 311/851/479
f 295/811/314 296/797/315 312/809/523 393/828/524
f 394/849/525 393/828/524 312/809/523 325/827/526
f 395/872/527 394/849/525 325/827/526 335/848/442
f 348/871/445 395/872/527 335/848/442
f 348/871/445 349/870/444 396/892/528
f 349/870/444 350/867/529 397/888/530 396/892/528
f 350/867/529 351/844/531 398/865/532 397/888/530
f 351/844/531 352/822/533 399/842/534 398/865/532
f 352/822/533 337/806/535 400/820/536 399/842/534
f 337/806/535 338/785/537 401/804/538 400/820/536
f 338/785/537 339/764/426 402/783/539 401/804/538
f 339/764/426 340/763/425 402/783/539
f 330/744/424 403/762/540 340/763/425
f 317/728/541 404/742/542 403/762/540 330/744/424
f 303/713/543 405/726/544 404/742/542 317/728/541
f 284/701/300 285/711/302 405/726/544 303/713/543
f 407/712/545 406/702/301 284/701/300 303/713/543
f 408/727/546 407/712/545 303/713/543 317/728/541
f 409/743/547 408/727/546 317/728/541 330/744/424 329/745/423
f 410/765/548 409/743/547 329/745/423
f 411/784/549 410/765/548 329/745/423 339/764/426 338/785/537
f 412/805/550 411/784/549 338/785/537 337/806/535
f 413/821/551 412/805/550 337/806/535 352/822/533
f 414/843/552 413/821/551 352/822/533 351/844/531
f 415/866/553 414/843/552 351/844/531 350/867/529
f 336/847/443 416/869/554 415/866/553 350/867/529 349/870/444
f 417/846/555 416/869/554 336/847/443
f 325/827/526 418/826/556 417/846/555 336/847/443 335/848/442
f 312/809/523 419/808/557 418/826/556 325/827/526
f 296/797/315 420/796/317 419/808/557 312/809/523
f 313/794/357 420/796/317 297/773/316
f 313/794/357 314/787/356 326/789/558
f 326/789/558 327/768/559 421/786/560
f 327/768/559 328/748/561 422/766/562 421/786/560
f 328/748/561 315/730/563 423/746/564 422/766/562
f 315/730/563 316/714/565 423/746/564
f 301/704/326 302/703/325 316/714/565
f 283/696/299 406/702/301 302/703/325
f 424/715/566 282/693/297 301/704/326
f 425/729/567 424/715/566 301/704/326 316/714/565 315/730/563
f 426/747/568 425/729/567 315/730/563 328/748/561
f 427/767/569 426/747/568 328/748/561 327/768/559
f 314/787/356 428/788/570 427/767/569 327/768/559 326/789/558
f 298/735/318 428/788/570 314/787/356
f 298/735/318 299/719/319 429/720/571
f 299/719/319 300/707/320 430/708/572 429/720/571
f 300/707/320 281/694/298 431/697/573 430/708/572
f 281/694/298 282/693/297 431/697/573
s 20
usemtl blinn11SG
f 354/253/574 307/254/575 432/255/576 433/256/577
f 308/261/578 354/253/579 433/256/577 434/262/580
f 355/832/581 292/855/582 435/879/583 436/856/584
f 292/265/585 308/261/586 434/262/580 435/266/587
f 356/813/588 355/832/589 436/856/584 437/833/590
f 357/798/591 356/813/592 437/833/590 438/814/593
f 288/757/594 357/798/595 438/814/593 439/815/596
f 307/254/597 288/257/598 439/258/599 432/255/576
usemtl blinn9SG
f 433/256/577 432/255/576 440/259/466 442/260/600
f 434/262/580 433/256/577 442/260/600 443/264/469
f 436/856/584 435/879/583 444/896/471 445/880/470
f 435/266/587 434/262/580 443/264/469 444/267/471
f 437/833/590 436/856/584 445/880/470 446/857/472
f 438/814/593 437/833/590 446/857/472 447/834/473
f 439/815/596 438/814/593 447/834/473 448/835/474
f 432/255/576 439/258/599 448/263/474 440/259/466
s off
usemtl blinn10SG
f 8/1/601 9/2/602 450/11/603 449/10/604
f 9/2/605 29/6/606 451/12/607 450/11/608
f 29/6/609 28/5/610 452/13/611 451/12/612
f 28/5/613 8/1/614 449/10/615 452/13/616
f 11/4/617 31/8/618 455/15/619 454/14/620
f 31/8/621 30/7/622 456/16/623 455/15/624
f 30/7/625 10/3/626 453/17/627 456/16/628
f 10/40/629 353/41/630 457/42/631 453/43/632
f 353/41/633 11/44/634 454/45/635 457/42/636
f 12/46/637 13/47/638 459/48/639 458/49/640
f 13/47/641 33/50/642 460/51/643 459/48/644
f 33/52/645 32/53/646 461/54/647 460/55/648
f 32/53/649 12/56/650 458/57/651 461/54/652
f 53/58/653 54/59/654 463/60/655 462/61/656
f 54/59/657 74/62/658 464/63/659 463/60/660
f 74/64/661 73/65/662 465/19/663 464/18/664
f 73/65/665 53/66/666 462/20/667 465/19/668
f 375/67/669 358/68/670 467/22/671 466/21/672
f 358/68/673 305/69/674 468/23/675 467/22/676
f 310/70/677 362/71/678 470/72/679 469/24/680
f 362/73/681 363/74/682 471/25/683 470/75/684
f 374/76/685 375/67/686 466/21/687 472/26/688
f 305/69/689 319/77/690 473/27/691 468/23/692
f 323/78/693 310/70/694 469/24/695 474/28/696
f 363/79/697 364/80/698 475/81/699 471/29/700
f 373/82/701 374/83/702 472/30/703 476/84/704
f 372/85/705 373/86/706 476/31/707 477/87/708
f 319/88/709 359/89/710 478/32/711 473/90/712
f 359/89/713 360/91/714 479/92/715 478/32/716
f 360/93/717 361/94/718 480/34/719 479/33/720
f 361/95/721 323/96/722 474/97/723 480/98/724
f 365/99/725 366/100/726 482/101/727 481/35/728
f 364/102/729 365/99/730 481/35/731 475/36/732
f 371/103/733 372/104/734 477/105/735 483/37/736
f 370/106/737 371/103/738 483/37/739 484/38/740
f 369/107/741 370/106/742 484/38/743 485/39/744
f 368/108/745 369/107/746 485/39/747 486/109/748
f 367/110/749 368/9/750 486/111/751 487/112/752
f 366/113/753 367/114/754 487/115/755 482/116/756
s 9
usemtl blinn11SG
f 466/268/757 467/269/758 489/270/759 488/271/760
f 467/313/761 468/314/762 490/315/763 489/316/764
f 469/333/765 470/336/766 492/337/767 491/334/768
f 470/310/769 471/307/770 493/308/771 492/311/772
f 472/274/773 466/268/757 488/271/760 494/275/774
f 468/314/762 473/317/775 495/318/776 490/315/763
f 474/330/777 469/333/765 491/334/768 496/331/778
f 471/307/770 475/304/779 497/305/780 493/308/771
f 476/277/781 472/274/773 494/275/774 498/278/782
f 477/280/783 476/277/781 498/278/782 499/281/784
f 473/317/775 478/321/785 500/322/786 495/318/776
f 478/321/785 479/324/787 501/325/788 500/322/786
f 479/324/787 480/327/789 502/328/790 501/325/788
f 480/327/789 474/330/777 496/331/778 502/328/790
f 481/301/791 482/298/792 504/299/793 503/302/794
f 475/304/779 481/301/791 503/302/794 497/305/780
f 483/283/795 477/280/783 499/281/784 505/284/796
f 484/286/797 483/283/795 505/284/796 506/287/798
f 485/289/799 484/286/797 506/287/798 507/290/800
f 486/292/801 485/289/799 507/290/800 508/293/802
f 487/295/803 486/292/801 508/293/802 509/296/804
f 482/298/792 487/295/803 509/296/804 504/299/793
usemtl blinn9SG
f 488/271/760 489/270/759 511/272/335 510/273/334
f 489/316/764 490/315/763 512/319/336 511/320/335
f 491/334/768 492/337/767 514/339/805 513/338/346
f 492/311/772 493/308/771 515/309/348 514/312/347
f 494/275/774 488/271/760 510/273/334 516/276/371
f 490/315/763 495/318/776 518/323/373 512/319/336
f 496/331/778 491/334/768 513/338/346 519/335/380
f 493/308/771 497/305/780 521/306/382 515/309/348
f 498/278/782 494/275/774 516/276/371 522/279/399
f 499/281/784 498/278/782 522/279/399 524/282/401
f 495/318/776 500/322/786 525/326/402 518/323/373
f 500/322/786 501/325/788 527/329/404 525/326/402
f 501/325/788 502/328/790 529/332/406 527/329/404
f 502/328/790 496/331/778 519/335/380 529/332/406
f 503/302/794 504/299/793 533/300/410 532/303/409
f 497/305/780 503/302/794 532/303/409 521/306/382
f 505/284/796 499/281/784 524/282/401 534/285/432
f 506/287/798 505/284/796 534/285/432 535/288/433
f 507/290/800 506/287/798 535/288/433 536/291/434
f 508/293/802 507/290/800 536/291/434 537/294/435
f 509/296/804 508/293/802 537/294/435 538/297/436
f 504/299/793 509/296/804 538/297/436 533/300/410
s 28
usemtl blinn11SG
f 405/340/806 285/341/807 540/342/808 539/343/809
s 8
f 285/391/810 376/392/811 541/393/812 540/394/813
f 392/441/814 295/444/815 543/445/816 542/442/817
s 28
f 295/388/818 393/385/819 544/386/820 543/389/821
f 404/346/822 405/340/806 539/343/809 545/347/823
s 8
f 376/392/811 377/395/824 546/396/825 541/393/812
f 391/438/826 392/441/814 542/442/817 547/439/827
s 28
f 393/385/819 394/382/828 548/383/829 544/386/820
f 403/349/830 404/346/822 545/347/823 549/350/831
s 8
f 377/395/824 378/399/832 550/400/833 546/396/825
f 390/435/834 391/438/826 547/439/827 551/436/835
s 28
f 394/382/828 395/379/836 552/380/837 548/383/829
f 340/352/838 403/349/830 549/350/831 553/353/839
s 8
f 378/399/832 379/402/840 554/403/841 550/400/833
f 379/402/840 380/405/842 555/406/843 554/403/841
f 388/429/844 389/432/845 557/433/846 556/430/847
f 389/432/845 390/435/834 551/436/835 557/433/846
s 28
f 395/379/836 348/376/848 558/377/849 552/380/837
f 400/361/850 401/358/851 560/359/852 559/362/853
f 401/358/851 402/355/854 561/356/855 560/359/852
f 402/355/854 340/352/838 553/353/839 561/356/855
s 8
f 380/405/842 381/408/856 562/409/857 555/406/843
f 381/408/856 382/411/858 563/412/859 562/409/857
f 382/411/858 383/414/860 564/415/861 563/412/859
f 383/414/860 384/417/862 565/418/863 564/415/861
f 384/417/862 385/420/864 566/421/865 565/418/863
f 385/420/864 386/423/866 567/424/867 566/421/865
f 386/423/866 387/426/868 568/427/869 567/424/867
f 387/426/868 388/429/844 556/430/847 568/427/869
s 28
f 348/376/848 396/373/870 569/374/871 558/377/849
f 396/373/870 397/370/872 570/371/873 569/374/871
f 397/370/872 398/367/874 571/368/875 570/371/873
f 398/367/874 399/364/876 572/365/877 571/368/875
f 399/364/876 400/361/850 559/362/853 572/365/877
usemtl blinn9SG
f 539/343/809 540/342/808 574/344/878 573/345/879
s 8
f 540/394/813 541/393/812 576/397/880 574/398/881
f 542/442/817 543/445/816 578/447/882 577/446/883
s 28
f 543/389/821 544/386/820 580/387/884 578/390/885
f 545/347/823 539/343/809 573/345/879 581/348/886
s 8
f 541/393/812 546/396/825 583/401/887 576/397/880
f 547/439/827 542/442/817 577/446/883 584/443/888
s 28
f 544/386/820 548/383/829 586/384/889 580/387/884
f 549/350/831 545/347/823 581/348/886 587/351/890
s 8
f 546/396/825 550/400/833 589/404/891 583/401/887
f 551/436/835 547/439/827 584/443/888 590/440/892
s 28
f 548/383/829 552/380/837 592/381/893 586/384/889
f 553/353/839 549/350/831 587/351/890 593/354/894
s 8
f 550/400/833 554/403/841 595/407/895 589/404/891
f 554/403/841 555/406/843 597/410/896 595/407/895
f 556/430/847 557/433/846 599/437/897 598/434/898
f 557/433/846 551/436/835 590/440/892 599/437/897
s 28
f 552/380/837 558/377/849 602/378/899 592/381/893
f 559/362/853 560/359/852 604/360/900 603/363/901
f 560/359/852 561/356/855 606/357/902 604/360/900
f 561/356/855 553/353/839 593/354/894 606/357/902
s 8
f 555/406/843 562/409/857 607/413/903 597/410/896
f 562/409/857 563/412/859 608/416/456 607/413/903
f 563/412/859 564/415/861 609/419/457 608/416/456
f 564/415/861 565/418/863 610/422/458 609/419/457
f 565/418/863 566/421/865 611/425/459 610/422/458
f 566/421/865 567/424/867 612/428/460 611/425/459
f 567/424/867 568/427/869 613/431/904 612/428/460
f 568/427/869 556/430/847 598/434/898 613/431/904
s 28
f 558/377/849 569/374/871 614/375/905 602/378/899
f 569/374/871 570/371/873 615/372/906 614/375/905
f 570/371/873 571/368/875 616/369/907 615/372/906
f 571/368/875 572/365/877 617/366/908 616/369/907
f 572/365/877 559/362/853 603/363/901 617/366/908
s 7
usemtl blinn11SG
f 302/448/909 406/449/910 619/450/911 618/451/912
f 406/475/913 407/476/914 620/477/915 619/478/916
f 419/513/917 420/516/918 622/517/919 621/514/920
f 420/472/921 313/469/922 623/470/923 622/473/924
f 316/454/925 302/448/909 618/451/912 624/455/926
f 407/476/914 408/479/927 625/480/928 620/477/915
f 418/510/929 419/513/917 621/514/920 626/511/930
f 313/469/922 326/466/931 627/467/932 623/470/923
f 423/457/933 316/454/925 624/455/926 628/458/934
f 409/483/935 410/486/936 630/487/937 629/484/938
f 408/479/927 409/483/935 629/484/938 625/480/928
f 417/507/939 418/510/929 626/511/930 631/508/940
f 416/504/941 417/507/939 631/508/940 632/505/942
f 326/466/931 421/463/943 633/464/944 627/467/932
f 421/463/943 422/460/945 634/461/946 633/464/944
f 422/460/945 423/457/933 628/458/934 634/461/946
f 411/489/947 412/492/948 636/493/949 635/490/950
f 410/486/936 411/489/947 635/490/950 630/487/937
f 415/501/951 416/504/941 632/505/942 637/502/952
f 414/498/953 415/501/951 637/502/952 638/499/954
f 413/495/955 414/498/953 638/499/954 639/496/956
f 412/492/948 413/495/955 639/496/956 636/493/949
usemtl blinn9SG
f 618/451/912 619/450/911 641/452/957 640/453/327
f 619/478/916 620/477/915 642/481/329 641/482/328
f 621/514/920 622/517/919 644/519/354 643/518/353
f 622/473/924 623/470/923 645/471/355 644/474/958
f 624/455/926 618/451/912 640/453/327 646/456/365
f 620/477/915 625/480/928 648/485/367 642/481/329
f 626/511/930 621/514/920 643/518/353 649/515/959
f 623/470/923 627/467/932 651/468/388 645/471/355
f 628/458/934 624/455/926 646/456/365 652/459/391
f 629/484/938 630/487/937 656/491/395 655/488/394
f 625/480/928 629/484/938 655/488/394 648/485/367
f 631/508/940 626/511/930 649/515/959 657/512/414
f 632/505/942 631/508/940 657/512/414 659/509/416
f 627/467/932 633/464/944 660/465/417 651/468/388
f 633/464/944 634/461/946 662/462/419 660/465/417
f 634/461/946 628/458/934 652/459/391 662/462/419
f 635/490/950 636/493/949 665/497/422 664/494/421
f 630/487/937 635/490/950 664/494/421 656/491/395
f 637/502/952 632/505/942 659/509/416 666/506/446
f 638/499/954 637/502/952 666/506/446 667/503/447
f 639/496/956 638/499/954 667/503/447 668/500/448
f 636/493/949 639/496/956 668/500/448 665/497/422
s 1
usemtl blinn11SG
f 431/697/573 282/693/297 670/705/960 669/706/961
s 6
f 282/520/962 424/521/963 671/522/964 670/523/965
s 1
f 298/735/318 429/720/571 673/734/966 672/752/967
s 6
f 428/534/968 298/537/969 672/538/970 674/535/971
s 1
f 429/720/571 430/708/572 675/718/972 673/734/966
f 430/708/572 431/697/573 669/706/961 675/718/972
s 6
f 424/521/963 425/524/973 676/525/974 671/522/964
f 427/531/975 428/534/968 674/535/971 677/532/976
f 426/528/977 427/531/975 677/532/976 678/529/978
f 425/524/973 426/528/977 678/529/978 676/525/974
s 1
usemtl blinn9SG
f 669/706/961 670/705/960 680/716/979 679/717/980
s 6
f 670/523/965 671/522/964 681/526/981 680/527/982
s 1
f 672/752/967 673/734/966 684/751/983 683/771/984
s 6
f 674/535/971 672/538/970 683/540/358 686/539/361
s 1
f 673/734/966 675/718/972 687/733/985 684/751/983
f 675/718/972 669/706/961 679/717/980 687/733/985
s 6
f 671/522/964 676/525/974 689/530/986 681/526/981
f 677/532/976 674/535/971 686/539/361 690/536/987
f 678/529/978 677/532/976 690/536/987 691/533/988
f 676/525/974 678/529/978 691/533/988 689/530/986
g default
v -864.022522 117.089542 580.721375
v -864.470154 117.089542 579.842773
v -865.167419 117.089542 579.145508
v -866.046021 117.089542 578.697815
v -867.019958 117.089542 578.543579
v -867.993896 117.089542 578.697815
v -868.872559 117.089542 579.145508
v -869.569824 117.089542 579.842773
v -870.017456 117.089542 580.721375
v -870.171692 117.089542 581.695312
v -870.017456 117.089542 582.669250
v -869.569824 117.089542 583.547852
v -868.872559 117.089542 584.245117
v -867.993896 117.089542 584.692810
v -867.019958 117.089542 584.847046
v -866.046021 117.089542 584.692810
v -865.167419 117.089542 584.245117
v -864.470154 117.089542 583.547852
v -864.022522 117.089542 582.669250
v -863.868286 117.089542 581.695312
v -861.098877 117.364903 579.771423
v -861.983154 117.364903 578.035828
v -863.360535 117.364903 576.658508
v -865.096069 117.364903 575.774170
v -867.019958 117.364903 575.469482
v -868.943909 117.364903 575.774231
v -870.679443 117.364903 576.658508
v -872.056763 117.364903 578.035828
v -872.941101 117.364903 579.771423
v -873.245850 117.364903 581.695312
v -872.941101 117.364903 583.619202
v -872.056763 117.364903 585.354797
v -870.679443 117.364903 586.732117
v -868.943909 117.364903 587.616394
v -867.019958 117.364903 587.921143
v -865.096069 117.364903 587.616394
v -863.360535 117.364903 586.732117
v -861.983154 117.364903 585.354797
v -861.098877 117.364903 583.619202
v -860.794128 117.364903 581.695312
v -858.320984 117.782139 578.868835
v -859.620178 117.782139 576.319031
v -861.643738 117.782139 574.295471
v -864.193481 117.782139 572.996338
v -867.019958 117.782139 572.548645
v -869.846497 117.782139 572.996338
v -872.396240 117.782139 574.295471
v -874.419800 117.782139 576.319031
v -875.718933 117.782139 578.868835
v -876.166626 117.782139 581.695312
v -875.718933 117.782139 584.521790
v -874.419800 117.782139 587.071594
v -872.396240 117.782139 589.095154
v -869.846497 117.782139 590.394287
v -867.019958 117.782139 590.841919
v -864.193481 117.782139 590.394287
v -861.643738 117.782139 589.095154
v -859.620178 117.782139 587.071594
v -858.321045 117.782139 584.521790
v -857.873352 117.782139 581.695312
v -855.757324 118.321461 578.035828
v -857.439392 118.321461 574.734619
v -860.059265 118.321461 572.114746
v -863.360535 118.321461 570.432678
v -867.019958 118.321461 569.853088
v -870.679443 118.321461 570.432678
v -873.980713 118.321461 572.114746
v -876.600525 118.321461 574.734619
v -878.282654 118.321461 578.035828
v -878.862183 118.321461 581.695312
v -878.282654 118.321461 585.354797
v -876.600525 118.321461 588.656006
v -873.980713 118.321461 591.275879
v -870.679443 118.321461 592.957947
v -867.019958 118.321461 593.537537
v -863.360535 118.321461 592.957947
v -860.059265 118.321461 591.275879
v -857.439392 118.321461 588.656006
v -855.757324 118.321461 585.354797
v -855.177734 118.321461 581.695312
v -853.471008 119.020664 577.292969
v -855.494507 119.020664 573.321533
v -858.646240 119.020664 570.169861
v -862.617676 119.020664 568.146362
v -867.019958 119.020664 567.449097
v -871.422302 119.020664 568.146362
v -875.393738 119.020664 570.169861
v -878.545471 119.020664 573.321533
v -880.568970 119.020664 577.292969
v -881.266174 119.020664 581.695312
v -880.568970 119.020664 586.097656
v -878.545471 119.020664 590.069031
v -875.393738 119.020664 593.220764
v -871.422302 119.020664 595.244263
v -867.019958 119.020664 595.941528
v -862.617676 119.020664 595.244263
v -858.646240 119.020664 593.220764
v -855.494507 119.020664 590.069031
v -853.471008 119.020664 586.097656
v -852.773743 119.020664 581.695312
v -851.518311 119.984303 576.658508
v -853.833496 119.984303 572.114746
v -857.439392 119.984303 568.508789
v -861.983154 119.984303 566.193604
v -867.019958 119.984303 565.395874
v -872.056763 119.984303 566.193604
v -876.600525 119.984303 568.508789
v -880.206482 119.984303 572.114746
v -882.521667 119.984303 576.658508
v -883.319458 119.984303 581.695312
v -882.521667 119.984303 586.732117
v -880.206482 119.984303 591.275879
v -876.600525 119.984303 594.881836
v -872.056763 119.984303 597.196960
v -867.019958 119.984303 597.994751
v -861.983154 119.984303 597.196960
v -857.439392 119.984303 594.881836
v -853.833496 119.984303 591.275879
v -851.518311 119.984303 586.732117
v -850.720520 119.984303 581.695312
v -849.947266 121.343266 576.148071
v -852.497070 121.343266 571.143799
v -856.468445 121.343266 567.172424
v -861.472717 121.343266 564.622620
v -867.019958 121.343266 563.744019
v -872.567261 121.343266 564.622620
v -877.571533 121.343266 567.172424
v -881.542908 121.343266 571.143799
v -884.092712 121.343266 576.148071
v -884.971252 121.343266 581.695312
v -884.092712 121.343266 587.242554
v -881.542908 121.343266 592.246826
v -877.571533 121.343266 596.218201
v -872.567261 121.343266 598.768005
v -867.019958 121.343266 599.646606
v -861.472717 121.343266 598.768005
v -856.468445 121.343266 596.218201
v -852.497070 121.343266 592.246826
v -849.947266 121.343266 587.242554
v -849.068726 121.343266 581.695312
v -848.796692 123.212376 575.774170
v -851.518311 123.212376 570.432678
v -855.757324 123.212376 566.193604
v -861.098877 123.212376 563.471985
v -867.019958 123.212376 562.534180
v -872.941101 123.212376 563.471985
v -878.282654 123.212376 566.193604
v -882.521667 123.212376 570.432678
v -885.243286 123.212376 575.774231
v -886.181091 123.212376 581.695312
v -885.243286 123.212376 587.616394
v -882.521667 123.212376 592.957947
v -878.282654 123.212376 597.197021
v -872.941101 123.212376 599.918640
v -867.019958 123.212376 600.856445
v -861.098877 123.212376 599.918640
v -855.757324 123.212376 597.196960
v -851.518311 123.212376 592.957947
v -848.796692 123.212376 587.616394
v -847.858826 123.212376 581.695312
v -848.094727 125.584843 575.546082
v -850.921204 125.584843 569.998840
v -855.323547 125.584843 565.596497
v -860.870789 125.584843 562.770081
v -867.019958 125.584843 561.796143
v -873.169189 125.584843 562.770081
v -878.716431 125.584843 565.596497
v -883.118774 125.584843 569.998840
v -885.945190 125.584843 575.546082
v -886.919128 125.584843 581.695312
v -885.945190 125.584843 587.844543
v -883.118774 125.584843 593.391785
v -878.716431 125.584843 597.794067
v -873.169189 125.584843 600.620544
v -867.019958 125.584843 601.594482
v -860.870789 125.584843 600.620544
v -855.323547 125.584843 597.794067
v -850.921204 125.584843 593.391785
v -848.094788 125.584843 587.844543
v -847.120850 125.584843 581.695312
v -847.858826 128.350498 575.469482
v -850.720520 128.350498 569.853088
v -855.177734 128.350498 565.395874
v -860.794128 128.350498 562.534180
v -867.019958 128.350498 561.548096
v -873.245850 128.350498 562.534180
v -878.862183 128.350498 565.395874
v -883.319458 128.350498 569.853088
v -886.181091 128.350498 575.469482
v -887.167175 128.350498 581.695312
v -886.181091 128.350498 587.921143
v -883.319458 128.350498 593.537537
v -878.862183 128.350498 597.994751
v -873.245850 128.350498 600.856445
v -867.019958 128.350498 601.842529
v -860.794128 128.350498 600.856445
v -855.177734 128.350498 597.994751
v -850.720520 128.350498 593.537537
v -847.858826 128.350498 587.921143
v -846.872742 128.350498 581.695312
v -848.094727 131.116139 575.546082
v -850.921204 131.116139 569.998840
v -855.323547 131.116139 565.596497
v -860.870789 131.116139 562.770081
v -867.019958 131.116139 561.796143
v -873.169189 131.116139 562.770081
v -878.716431 131.116139 565.596497
v -883.118774 131.116139 569.998840
v -885.945190 131.116139 575.546082
v -886.919128 131.116139 581.695312
v -885.945190 131.116139 587.844543
v -883.118774 131.116139 593.391785
v -878.716431 131.116139 597.794067
v -873.169189 131.116139 600.620544
v -867.019958 131.116139 601.594482
v -860.870789 131.116139 600.620544
v -855.323547 131.116139 597.794067
v -850.921204 131.116139 593.391785
v -848.094788 131.116139 587.844543
v -847.120850 131.116139 581.695312
v -848.796692 133.488606 575.774170
v -851.518311 133.488606 570.432678
v -855.757324 133.488606 566.193604
v -861.098877 133.488606 563.471985
v -867.019958 133.488606 562.534180
v -872.941101 133.488606 563.471985
v -878.282654 133.488606 566.193604
v -882.521667 133.488606 570.432678
v -885.243286 133.488606 575.774231
v -886.181091 133.488606 581.695312
v -885.243286 133.488606 587.616394
v -882.521667 133.488606 592.957947
v -878.282654 133.488606 597.197021
v -872.941101 133.488606 599.918640
v -867.019958 133.488606 600.856445
v -861.098877 133.488606 599.918640
v -855.757324 133.488606 597.196960
v -851.518311 133.488606 592.957947
v -848.796692 133.488606 587.616394
v -847.858826 133.488606 581.695312
v -849.947266 135.357716 576.148071
v -852.497070 135.357716 571.143799
v -856.468445 135.357716 567.172424
v -861.472717 135.357716 564.622620
v -867.019958 135.357716 563.744019
v -872.567261 135.357716 564.622620
v -877.571533 135.357716 567.172424
v -881.542908 135.357716 571.143799
v -884.092712 135.357716 576.148071
v -884.971252 135.357716 581.695312
v -884.092712 135.357716 587.242554
v -881.542908 135.357716 592.246826
v -877.571533 135.357716 596.218201
v -872.567261 135.357716 598.768005
v -867.019958 135.357716 599.646606
v -861.472717 135.357716 598.768005
v -856.468445 135.357716 596.218201
v -852.497070 135.357716 592.246826
v -849.947266 135.357716 587.242554
v -849.068726 135.357716 581.695312
v -851.518311 136.716679 576.658508
v -853.833496 136.716679 572.114746
v -857.439392 136.716679 568.508789
v -861.983154 136.716679 566.193604
v -867.019958 136.716679 565.395874
v -872.056763 136.716679 566.193604
v -876.600525 136.716679 568.508789
v -880.206482 136.716679 572.114746
v -882.521667 136.716679 576.658508
v -883.319458 136.716679 581.695312
v -882.521667 136.716679 586.732117
v -880.206482 136.716679 591.275879
v -876.600525 136.716679 594.881836
v -872.056763 136.716679 597.196960
v -867.019958 136.716679 597.994751
v -861.983154 136.716679 597.196960
v -857.439392 136.716679 594.881836
v -853.833496 136.716679 591.275879
v -851.518311 136.716679 586.732117
v -850.720520 136.716679 581.695312
v -853.471008 137.680317 577.292969
v -855.494507 137.680317 573.321533
v -858.646240 137.680317 570.169861
v -862.617676 137.680317 568.146362
v -867.019958 137.680317 567.449097
v -871.422302 137.680317 568.146362
v -875.393738 137.680317 570.169861
v -878.545471 137.680317 573.321533
v -880.568970 137.680317 577.292969
v -881.266174 137.680317 581.695312
v -880.568970 137.680317 586.097656
v -878.545471 137.680317 590.069031
v -875.393738 137.680317 593.220764
v -871.422302 137.680317 595.244263
v -867.019958 137.680317 595.941528
v -862.617676 137.680317 595.244263
v -858.646240 137.680317 593.220764
v -855.494507 137.680317 590.069031
v -853.471008 137.680317 586.097656
v -852.773743 137.680317 581.695312
v -855.757324 138.379520 578.035828
v -857.439392 138.379520 574.734619
v -860.059265 138.379520 572.114746
v -863.360535 138.379520 570.432678
v -867.019958 138.379520 569.853088
v -870.679443 138.379520 570.432678
v -873.980713 138.379520 572.114746
v -876.600525 138.379520 574.734619
v -878.282654 138.379520 578.035828
v -878.862183 138.379520 581.695312
v -878.282654 138.379520 585.354797
v -876.600525 138.379520 588.656006
v -873.980713 138.379520 591.275879
v -870.679443 138.379520 592.957947
v -867.019958 138.379520 593.537537
v -863.360535 138.379520 592.957947
v -860.059265 138.379520 591.275879
v -857.439392 138.379520 588.656006
v -855.757324 138.379520 585.354797
v -855.177734 138.379520 581.695312
v -858.320984 138.918858 578.868835
v -859.620178 138.918858 576.319031
v -861.643738 138.918858 574.295471
v -864.193481 138.918858 572.996338
v -867.019958 138.918858 572.548645
v -869.846497 138.918858 572.996338
v -872.396240 138.918858 574.295471
v -874.419800 138.918858 576.319031
v -875.718933 138.918858 578.868835
v -876.166626 138.918858 581.695312
v -875.718933 138.918858 584.521790
v -874.419800 138.918858 587.071594
v -872.396240 138.918858 589.095154
v -869.846497 138.918858 590.394287
v -867.019958 138.918858 590.841919
v -864.193481 138.918858 590.394287
v -861.643738 138.918858 589.095154
v -859.620178 138.918858 587.071594
v -858.321045 138.918858 584.521790
v -857.873352 138.918858 581.695312
v -861.098877 139.336094 579.771423
v -861.983154 139.336094 578.035828
v -863.360535 139.336094 576.658508
v -865.096069 139.336094 575.774170
v -867.019958 139.336094 575.469482
v -868.943909 139.336094 575.774231
v -870.679443 139.336094 576.658508
v -872.056763 139.336094 578.035828
v -872.941101 139.336094 579.771423
v -873.245850 139.336094 581.695312
v -872.941101 139.336094 583.619202
v -872.056763 139.336094 585.354797
v -870.679443 139.336094 586.732117
v -868.943909 139.336094 587.616394
v -867.019958 139.336094 587.921143
v -865.096069 139.336094 587.616394
v -863.360535 139.336094 586.732117
v -861.983154 139.336094 585.354797
v -861.098877 139.336094 583.619202
v -860.794128 139.336094 581.695312
v -864.022522 139.611439 580.721375
v -864.470154 139.611439 579.842773
v -865.167419 139.611439 579.145508
v -866.046021 139.611439 578.697815
v -867.019958 139.611439 578.543579
v -867.993896 139.611439 578.697815
v -868.872559 139.611439 579.145508
v -869.569824 139.611439 579.842773
v -870.017456 139.611439 580.721375
v -870.171692 139.611439 581.695312
v -870.017456 139.611439 582.669250
v -869.569824 139.611439 583.547852
v -868.872559 139.611439 584.245117
v -867.993896 139.611439 584.692810
v -867.019958 139.611439 584.847046
v -866.046021 139.611439 584.692810
v -865.167419 139.611439 584.245117
v -864.470154 139.611439 583.547852
v -864.022522 139.611439 582.669250
v -863.868286 139.611439 581.695312
v -867.019958 116.992298 581.695312
v -867.019958 139.708683 581.695312
vt 0.821678 0.641752
vt 0.821678 0.572006
vt 0.852656 0.566341
vt 0.852656 0.638773
vt 0.797272 0.646634
vt 0.797272 0.581291
vt 0.821678 0.516655
vt 0.852656 0.508858
vt 0.888768 0.564438
vt 0.888768 0.637773
vt 0.821678 0.719066
vt 0.852656 0.719066
vt 0.779528 0.653299
vt 0.779528 0.593969
vt 0.797272 0.529436
vt 0.797272 0.719066
vt 0.888768 0.506239
vt 0.924880 0.566341
vt 0.924880 0.638773
vt 0.888768 0.719066
vt 0.821678 0.796380
vt 0.852656 0.799359
vt 0.779528 0.719066
vt 0.797272 0.791498
vt 0.924880 0.508858
vt 0.955858 0.572006
vt 0.955858 0.641752
vt 0.924880 0.719066
vt 0.888768 0.800359
vt 0.821678 0.866126
vt 0.852656 0.871791
vt 0.779528 0.784833
vt 0.797272 0.856841
vt 0.955858 0.516655
vt 0.980264 0.581291
vt 0.980264 0.646634
vt 0.955858 0.719066
vt 0.924880 0.799359
vt 0.888768 0.873694
vt 0.821678 0.921477
vt 0.852656 0.929273
vt 0.779528 0.844163
vt 0.797272 0.908697
vt 0.980264 0.529436
vt 0.998008 0.593969
vt 0.998008 0.653299
vt 0.980264 0.719066
vt 0.955858 0.796380
vt 0.924880 0.871791
vt 0.888768 0.931893
vt 0.998008 0.719066
vt 0.980264 0.791498
vt 0.955858 0.866126
vt 0.924880 0.929273
vt 0.998008 0.784833
vt 0.980264 0.856841
vt 0.955858 0.921477
vt 0.998008 0.844163
vt 0.980264 0.908697
vt 0.597063 0.866126
vt 0.597063 0.796380
vt 0.628041 0.799359
vt 0.628041 0.871791
vt 0.572657 0.856841
vt 0.572657 0.791498
vt 0.597063 0.719066
vt 0.628041 0.719066
vt 0.664153 0.800359
vt 0.664153 0.873694
vt 0.597063 0.921477
vt 0.628041 0.929273
vt 0.554913 0.844163
vt 0.554913 0.784833
vt 0.572657 0.719066
vt 0.572657 0.908696
vt 0.597063 0.641752
vt 0.628041 0.638773
vt 0.664153 0.719066
vt 0.700265 0.799359
vt 0.700265 0.871791
vt 0.664153 0.931893
vt 0.554913 0.719066
vt 0.572657 0.646633
vt 0.597063 0.572006
vt 0.628041 0.566341
vt 0.664153 0.637773
vt 0.700265 0.719066
vt 0.731243 0.796380
vt 0.731243 0.866126
vt 0.700265 0.929273
vt 0.554913 0.653298
vt 0.572657 0.581291
vt 0.597063 0.516655
vt 0.628041 0.508859
vt 0.664153 0.564438
vt 0.700265 0.638773
vt 0.731243 0.719066
vt 0.755649 0.791498
vt 0.755649 0.856841
vt 0.731243 0.921477
vt 0.554913 0.593969
vt 0.572657 0.529435
vt 0.664153 0.506239
vt 0.700265 0.566341
vt 0.731243 0.641752
vt 0.755649 0.719066
vt 0.773393 0.784833
vt 0.773393 0.844163
vt 0.755649 0.908696
vt 0.700265 0.508859
vt 0.731243 0.572006
vt 0.755649 0.646633
vt 0.773393 0.719066
vt 0.731243 0.516655
vt 0.755649 0.581291
vt 0.773393 0.653298
vt 0.755649 0.529435
vt 0.773393 0.593969
vt 0.253959 0.239337
vt 0.248115 0.227864
vt 0.280588 0.204270
vt 0.292134 0.226933
vt 0.214821 0.252054
vt 0.239010 0.218760
vt 0.262603 0.186287
vt 0.311442 0.181854
vt 0.328406 0.215148
vt 0.255973 0.252054
vt 0.296113 0.252054
vt 0.227537 0.212914
vt 0.239942 0.174740
vt 0.285019 0.155432
vt 0.339918 0.161166
vt 0.361881 0.204270
vt 0.334251 0.252054
vt 0.253959 0.264771
vt 0.292134 0.277175
vt 0.214821 0.210901
vt 0.214821 0.170761
vt 0.251726 0.138469
vt 0.305709 0.126957
vt 0.365313 0.142714
vt 0.391734 0.194571
vt 0.369448 0.252054
vt 0.328405 0.288960
vt 0.248115 0.276243
vt 0.280588 0.299837
vt 0.202104 0.212914
vt 0.189699 0.174740
vt 0.214821 0.132622
vt 0.262603 0.104994
vt 0.324159 0.101562
vt 0.387001 0.126957
vt 0.417231 0.186287
vt 0.400839 0.252054
vt 0.361881 0.299837
vt 0.311442 0.322254
vt 0.239010 0.285348
vt 0.262603 0.317821
vt 0.190630 0.218760
vt 0.167038 0.186287
vt 0.177914 0.138469
vt 0.214821 0.097426
vt 0.272303 0.075140
vt 0.339918 0.079873
vt 0.427648 0.252054
vt 0.391734 0.309537
vt 0.339918 0.342942
vt 0.285019 0.348676
vt 0.227537 0.291193
vt 0.239942 0.329367
vt 0.181526 0.227864
vt 0.149053 0.204270
vt 0.144621 0.155432
vt 0.167038 0.104994
vt 0.214821 0.066036
vt 0.280588 0.049643
vt 0.352595 0.062424
vt 0.404450 0.114279
vt 0.417231 0.317821
vt 0.365313 0.361393
vt 0.305709 0.377150
vt 0.251726 0.365639
vt 0.214821 0.293207
vt 0.214821 0.333346
vt 0.175681 0.239337
vt 0.137507 0.226933
vt 0.118199 0.181854
vt 0.123932 0.126957
vt 0.157337 0.075140
vt 0.214821 0.039226
vt 0.287253 0.029130
vt 0.387001 0.377150
vt 0.324159 0.402546
vt 0.262603 0.399114
vt 0.214821 0.371484
vt 0.202104 0.291193
vt 0.189699 0.329367
vt 0.173667 0.252054
vt 0.133527 0.252054
vt 0.101235 0.215148
vt 0.089724 0.161166
vt 0.105481 0.101562
vt 0.149053 0.049643
vt 0.214821 0.017658
vt 0.292134 0.014106
vt 0.361881 0.049643
vt 0.339918 0.424235
vt 0.272303 0.428967
vt 0.214821 0.406682
vt 0.177914 0.365639
vt 0.190630 0.285348
vt 0.167038 0.317821
vt 0.175681 0.264771
vt 0.137507 0.277175
vt 0.095390 0.252054
vt 0.067759 0.204270
vt 0.064328 0.142714
vt 0.089724 0.079873
vt 0.142388 0.029130
vt 0.214821 0.001860
vt 0.404450 0.389829
vt 0.352595 0.441684
vt 0.280588 0.454464
vt 0.214821 0.438072
vt 0.167038 0.399114
vt 0.144621 0.348676
vt 0.181526 0.276243
vt 0.149053 0.299837
vt 0.101235 0.288960
vt 0.060193 0.252054
vt 0.037906 0.194571
vt 0.042640 0.126957
vt 0.077045 0.062424
vt 0.137507 0.014106
vt 0.287253 0.474978
vt 0.214821 0.464881
vt 0.157337 0.428967
vt 0.123932 0.377150
vt 0.118199 0.322254
vt 0.067759 0.299837
vt 0.028802 0.252054
vt 0.012410 0.186287
vt 0.025190 0.114279
vt 0.067759 0.049643
vt 0.361881 0.454464
vt 0.292134 0.490002
vt 0.214821 0.486450
vt 0.149053 0.454464
vt 0.105481 0.402546
vt 0.089724 0.342942
vt 0.037906 0.309537
vt 0.001992 0.252054
vt 0.214821 0.502247
vt 0.142388 0.474978
vt 0.089724 0.424235
vt 0.064328 0.361393
vt 0.012410 0.317821
vt 0.137507 0.490002
vt 0.077045 0.441684
vt 0.042640 0.377150
vt 0.067759 0.454465
vt 0.025190 0.389829
vt 0.837313 0.389829
vt 0.785457 0.441684
vt 0.772780 0.424235
vt 0.819863 0.377150
vt 0.720116 0.474978
vt 0.713450 0.454465
vt 0.757021 0.402545
vt 0.798175 0.361393
vt 0.794743 0.454465
vt 0.724997 0.490002
vt 0.647683 0.486450
vt 0.647683 0.464881
vt 0.705165 0.428967
vt 0.738572 0.377150
vt 0.772780 0.342942
vt 0.850094 0.317821
vt 0.824596 0.309537
vt 0.647683 0.502247
vt 0.575250 0.474978
vt 0.581916 0.454465
vt 0.647683 0.438071
vt 0.695465 0.399114
vt 0.717882 0.348676
vt 0.744305 0.322254
vt 0.794743 0.299837
vt 0.860510 0.252053
vt 0.833701 0.252053
vt 0.570369 0.490002
vt 0.509907 0.441684
vt 0.522586 0.424235
vt 0.590200 0.428967
vt 0.647683 0.406682
vt 0.684589 0.365639
vt 0.695465 0.317821
vt 0.713450 0.299837
vt 0.761268 0.288960
vt 0.802311 0.252053
vt 0.850094 0.186286
vt 0.824596 0.194571
vt 0.500622 0.454465
vt 0.458052 0.389829
vt 0.475502 0.377150
vt 0.538343 0.402545
vt 0.599900 0.399114
vt 0.647683 0.371485
vt 0.672804 0.329368
vt 0.671872 0.285348
vt 0.680977 0.276243
vt 0.724997 0.277174
vt 0.767113 0.252053
vt 0.794743 0.204270
vt 0.819863 0.126957
vt 0.798175 0.142715
vt 0.497191 0.361393
vt 0.556794 0.377150
vt 0.610776 0.365639
vt 0.647683 0.333346
vt 0.660400 0.291193
vt 0.647683 0.252053
vt 0.686822 0.264771
vt 0.728976 0.252053
vt 0.761267 0.215147
vt 0.772780 0.161165
vt 0.772780 0.079872
vt 0.757021 0.101562
vt 0.445272 0.317821
vt 0.470769 0.309537
vt 0.522586 0.342942
vt 0.577483 0.348676
vt 0.622562 0.329367
vt 0.647683 0.293207
vt 0.688836 0.252053
vt 0.724997 0.226933
vt 0.744305 0.181854
vt 0.738572 0.126957
vt 0.785457 0.062423
vt 0.837313 0.114279
vt 0.713450 0.049643
vt 0.705165 0.075140
vt 0.434854 0.252053
vt 0.461665 0.252053
vt 0.500622 0.299837
vt 0.551061 0.322254
vt 0.599900 0.317821
vt 0.634966 0.291193
vt 0.686822 0.239337
vt 0.713450 0.204270
vt 0.717882 0.155431
vt 0.695465 0.104994
vt 0.720116 0.029129
vt 0.647683 0.039226
vt 0.647683 0.066036
vt 0.445272 0.186286
vt 0.470769 0.194571
vt 0.493055 0.252053
vt 0.534097 0.288960
vt 0.581916 0.299837
vt 0.623493 0.285348
vt 0.680977 0.227864
vt 0.695465 0.186286
vt 0.684589 0.138468
vt 0.647683 0.097426
vt 0.724997 0.014105
vt 0.794743 0.049643
vt 0.647683 0.017658
vt 0.581916 0.049643
vt 0.590200 0.075140
vt 0.475502 0.126957
vt 0.497191 0.142715
vt 0.500622 0.204270
vt 0.528252 0.252053
vt 0.570369 0.277174
vt 0.614389 0.276243
vt 0.671872 0.218760
vt 0.672804 0.174740
vt 0.647683 0.132623
vt 0.599900 0.104994
vt 0.647683 0.001860
vt 0.575250 0.029129
vt 0.522586 0.079872
vt 0.538343 0.101562
vt 0.522586 0.161165
vt 0.534097 0.215147
vt 0.566389 0.252053
vt 0.608543 0.264771
vt 0.660400 0.212914
vt 0.647683 0.170761
vt 0.610776 0.138468
vt 0.556794 0.126957
vt 0.570369 0.014105
vt 0.509907 0.062423
vt 0.458052 0.114279
vt 0.551061 0.181854
vt 0.570369 0.226933
vt 0.606529 0.252053
vt 0.647683 0.210900
vt 0.622562 0.174740
vt 0.577483 0.155431
vt 0.500622 0.049643
vt 0.581916 0.204270
vt 0.608543 0.239337
vt 0.634966 0.212914
vt 0.599900 0.186286
vt 0.614389 0.227864
vt 0.623493 0.218760
vt 0.548777 0.513806
vt 0.548777 0.583553
vt 0.517799 0.580575
vt 0.517799 0.508142
vt 0.548777 0.660866
vt 0.517799 0.660866
vt 0.481687 0.579574
vt 0.481687 0.506239
vt 0.548777 0.738180
vt 0.517799 0.741159
vt 0.481687 0.660866
vt 0.445575 0.580575
vt 0.445575 0.508142
vt 0.548777 0.807928
vt 0.517799 0.813592
vt 0.481687 0.742160
vt 0.445575 0.660866
vt 0.414597 0.583553
vt 0.414597 0.513806
vt 0.481687 0.815494
vt 0.445575 0.741159
vt 0.414597 0.660866
vt 0.445575 0.813592
vt 0.414597 0.738180
vt 0.414597 0.807928
vt 0.274282 0.807928
vt 0.274282 0.738180
vt 0.305260 0.741159
vt 0.305260 0.813592
vt 0.274282 0.660866
vt 0.305260 0.660866
vt 0.341372 0.742160
vt 0.341372 0.815494
vt 0.274282 0.583553
vt 0.305260 0.580575
vt 0.341372 0.660866
vt 0.377484 0.741159
vt 0.377484 0.813592
vt 0.274282 0.513806
vt 0.305260 0.508142
vt 0.341372 0.579574
vt 0.377484 0.660866
vt 0.408462 0.738180
vt 0.408462 0.807928
vt 0.341372 0.506239
vt 0.377484 0.580575
vt 0.408462 0.660866
vt 0.377484 0.508142
vt 0.408462 0.583553
vt 0.408462 0.513806
vn 0.072691 -0.997075 -0.023616
vn 0.061837 -0.997075 -0.044925
vn 0.099940 -0.992341 -0.072610
vn 0.117485 -0.992341 -0.038173
vn 0.044927 -0.997075 -0.061836
vn 0.072610 -0.992341 -0.099939
vn 0.023617 -0.997075 -0.072685
vn 0.038174 -0.992341 -0.117485
vn -0.000001 -0.997075 -0.076425
vn -0.000001 -0.992341 -0.123530
vn -0.023617 -0.997075 -0.072686
vn -0.038173 -0.992341 -0.117483
vn -0.044927 -0.997075 -0.061833
vn -0.072611 -0.992341 -0.099940
vn -0.061839 -0.997075 -0.044919
vn -0.099941 -0.992341 -0.072609
vn -0.072692 -0.997075 -0.023616
vn -0.117488 -0.992341 -0.038173
vn -0.076430 -0.997075 0.000000
vn -0.123534 -0.992340 0.000000
vn -0.072691 -0.997075 0.023619
vn -0.117487 -0.992340 0.038175
vn -0.061838 -0.997075 0.044922
vn -0.099940 -0.992341 0.072610
vn -0.044926 -0.997075 0.061832
vn -0.072611 -0.992340 0.099941
vn -0.023616 -0.997075 0.072688
vn -0.038173 -0.992340 0.117488
vn -0.000000 -0.997075 0.076428
vn -0.000000 -0.992341 0.123533
vn 0.023618 -0.997075 0.072684
vn 0.038173 -0.992341 0.117483
vn 0.044929 -0.997075 0.061833
vn 0.072611 -0.992341 0.099939
vn 0.061837 -0.997075 0.044921
vn 0.099940 -0.992341 0.072609
vn 0.072690 -0.997075 0.023614
vn 0.117485 -0.992341 0.038172
vn 0.076432 -0.997075 0.000000
vn 0.123529 -0.992341 0.000002
vn 0.141396 -0.984608 -0.102732
vn 0.166221 -0.984608 -0.054009
vn 0.102730 -0.984608 -0.141396
vn 0.054009 -0.984608 -0.166224
vn -0.000000 -0.984608 -0.174775
vn -0.054007 -0.984609 -0.166218
vn -0.102731 -0.984608 -0.141397
vn -0.141396 -0.984608 -0.102730
vn -0.166219 -0.984609 -0.054009
vn -0.174777 -0.984608 -0.000001
vn -0.166220 -0.984609 0.054009
vn -0.141395 -0.984609 0.102730
vn -0.102731 -0.984608 0.141396
vn -0.054005 -0.984608 0.166222
vn -0.000000 -0.984608 0.174775
vn 0.054007 -0.984608 0.166223
vn 0.102732 -0.984608 0.141398
vn 0.141396 -0.984608 0.102730
vn 0.166221 -0.984608 0.054008
vn 0.174773 -0.984609 0.000002
vn 0.197820 -0.969644 -0.143726
vn 0.232553 -0.969644 -0.075561
vn 0.143723 -0.969645 -0.197820
vn 0.075561 -0.969644 -0.232554
vn -0.000000 -0.969644 -0.244521
vn -0.075560 -0.969645 -0.232551
vn -0.143723 -0.969645 -0.197820
vn -0.197817 -0.969646 -0.143722
vn -0.232546 -0.969646 -0.075559
vn -0.244514 -0.969646 -0.000001
vn -0.232550 -0.969645 0.075560
vn -0.197821 -0.969644 0.143727
vn -0.143726 -0.969644 0.197821
vn -0.075557 -0.969645 0.232550
vn 0.000000 -0.969644 0.244520
vn 0.075559 -0.969643 0.232556
vn 0.143725 -0.969644 0.197822
vn 0.197820 -0.969644 0.143725
vn 0.232553 -0.969644 0.075560
vn 0.244519 -0.969645 0.000001
vn 0.292930 -0.932146 -0.212829
vn 0.344357 -0.932148 -0.111888
vn 0.212825 -0.932147 -0.292931
vn 0.111887 -0.932149 -0.344355
vn 0.000000 -0.932148 -0.362077
vn -0.111889 -0.932147 -0.344358
vn -0.212825 -0.932146 -0.292932
vn -0.292930 -0.932146 -0.212829
vn -0.344360 -0.932147 -0.111889
vn -0.362080 -0.932147 0.000000
vn -0.344365 -0.932145 0.111890
vn -0.292932 -0.932145 0.212829
vn -0.212823 -0.932147 0.292930
vn -0.111888 -0.932147 0.344360
vn 0.000000 -0.932146 0.362082
vn 0.111888 -0.932147 0.344360
vn 0.212823 -0.932147 0.292931
vn 0.292928 -0.932147 0.212827
vn 0.344357 -0.932148 0.111889
vn 0.362077 -0.932148 0.000000
vn 0.441787 -0.837735 -0.320975
vn 0.519344 -0.837739 -0.168745
vn 0.320980 -0.837733 -0.441786
vn 0.168745 -0.837739 -0.519345
vn 0.000001 -0.837739 -0.546071
vn -0.168743 -0.837740 -0.519344
vn -0.320972 -0.837739 -0.441780
vn -0.441784 -0.837736 -0.320976
vn -0.519347 -0.837738 -0.168745
vn -0.546069 -0.837740 -0.000000
vn -0.519348 -0.837736 0.168747
vn -0.441786 -0.837735 0.320975
vn -0.320969 -0.837741 0.441780
vn -0.168743 -0.837739 0.519344
vn 0.000000 -0.837739 0.546071
vn 0.168745 -0.837739 0.519344
vn 0.320973 -0.837738 0.441782
vn 0.441782 -0.837738 0.320973
vn 0.519344 -0.837739 0.168746
vn 0.546071 -0.837739 0.000000
vn 0.614125 -0.650978 -0.446183
vn 0.721943 -0.650980 -0.234570
vn 0.446189 -0.650974 -0.614124
vn 0.234571 -0.650977 -0.721946
vn 0.000000 -0.650974 -0.759100
vn -0.234571 -0.650976 -0.721946
vn -0.446185 -0.650982 -0.614118
vn -0.614127 -0.650975 -0.446183
vn -0.721948 -0.650973 -0.234572
vn -0.759095 -0.650979 -0.000000
vn -0.721949 -0.650972 0.234573
vn -0.614131 -0.650969 0.446187
vn -0.446186 -0.650979 0.614121
vn -0.234570 -0.650982 0.721941
vn 0.000000 -0.650980 0.759095
vn 0.234573 -0.650977 0.721945
vn 0.446185 -0.650978 0.614123
vn 0.614128 -0.650973 0.446185
vn 0.721952 -0.650968 0.234576
vn 0.759099 -0.650976 -0.000000
vn 0.738293 -0.408903 -0.536397
vn 0.867912 -0.408907 -0.282001
vn 0.536400 -0.408900 -0.738293
vn 0.281997 -0.408904 -0.867914
vn -0.000000 -0.408900 -0.912579
vn -0.281997 -0.408899 -0.867917
vn -0.536400 -0.408897 -0.738294
vn -0.738296 -0.408900 -0.536396
vn -0.867917 -0.408897 -0.281998
vn -0.912585 -0.408887 0.000000
vn -0.867920 -0.408891 0.281999
vn -0.738296 -0.408892 0.536401
vn -0.536402 -0.408891 0.738297
vn -0.281999 -0.408899 0.867916
vn 0.000000 -0.408901 0.912579
vn 0.282004 -0.408900 0.867914
vn 0.536399 -0.408903 0.738291
vn 0.738291 -0.408904 0.536399
vn 0.867916 -0.408897 0.282001
vn 0.912581 -0.408896 0.000001
vn 0.795028 -0.185154 -0.577623
vn 0.934611 -0.185160 -0.303674
vn 0.577621 -0.185154 -0.795030
vn 0.303674 -0.185153 -0.934612
vn -0.000000 -0.185154 -0.982710
vn -0.303673 -0.185152 -0.934613
vn -0.577622 -0.185146 -0.795031
vn -0.795031 -0.185150 -0.577621
vn -0.934612 -0.185159 -0.303672
vn -0.982708 -0.185164 0.000000
vn -0.934612 -0.185157 0.303672
vn -0.795030 -0.185148 0.577623
vn -0.577624 -0.185145 0.795030
vn -0.303675 -0.185152 0.934612
vn 0.000000 -0.185156 0.982709
vn 0.303678 -0.185154 0.934611
vn 0.577620 -0.185160 0.795029
vn 0.795025 -0.185171 0.577622
vn 0.934608 -0.185174 0.303674
vn 0.982707 -0.185169 0.000002
vn 0.809017 -0.000000 -0.587786
vn 0.951058 -0.000000 -0.309014
vn 0.587787 -0.000000 -0.809016
vn 0.309018 0.000001 -0.951056
vn -0.000000 0.000002 -1.000000
vn -0.309017 0.000001 -0.951056
vn -0.587785 0.000000 -0.809018
vn -0.809018 0.000000 -0.587784
vn -0.951058 -0.000000 -0.309011
vn -1.000000 0.000000 -0.000000
vn -0.951059 0.000000 0.309011
vn -0.809018 -0.000000 0.587784
vn -0.587783 -0.000000 0.809018
vn -0.309019 -0.000001 0.951056
vn 0.000000 -0.000001 1.000000
vn 0.309020 0.000000 0.951056
vn 0.587784 0.000000 0.809018
vn 0.809018 0.000000 0.587784
vn 0.951058 0.000000 0.309013
vn 1.000000 0.000000 0.000002
vn 0.795028 0.185158 -0.577622
vn 0.934611 0.185160 -0.303674
vn 0.577622 0.185156 -0.795029
vn 0.303673 0.185153 -0.934613
vn 0.000000 0.185158 -0.982709
vn -0.303672 0.185154 -0.934613
vn -0.577623 0.185150 -0.795029
vn -0.795030 0.185154 -0.577621
vn -0.934612 0.185159 -0.303673
vn -0.982708 0.185164 -0.000000
vn -0.934612 0.185158 0.303673
vn -0.795029 0.185152 0.577623
vn -0.577623 0.185149 0.795029
vn -0.303676 0.185152 0.934612
vn -0.000000 0.185155 0.982709
vn 0.303678 0.185154 0.934611
vn 0.577621 0.185161 0.795028
vn 0.795026 0.185171 0.577621
vn 0.934608 0.185175 0.303674
vn 0.982707 0.185170 0.000002
vn 0.738291 0.408911 -0.536394
vn 0.867911 0.408907 -0.282002
vn 0.536399 0.408906 -0.738290
vn 0.281998 0.408903 -0.867915
vn 0.000000 0.408901 -0.912579
vn -0.281997 0.408900 -0.867916
vn -0.536401 0.408898 -0.738292
vn -0.738296 0.408901 -0.536395
vn -0.867917 0.408897 -0.281998
vn -0.912585 0.408887 -0.000000
vn -0.867920 0.408891 0.281999
vn -0.738295 0.408899 0.536398
vn -0.536400 0.408898 0.738293
vn -0.281999 0.408899 0.867916
vn -0.000000 0.408901 0.912579
vn 0.282004 0.408900 0.867914
vn 0.536399 0.408907 0.738289
vn 0.738289 0.408911 0.536396
vn 0.867915 0.408900 0.282001
vn 0.912581 0.408896 0.000001
vn 0.614120 0.650984 -0.446180
vn 0.721943 0.650980 -0.234571
vn 0.446186 0.650981 -0.614119
vn 0.234571 0.650977 -0.721945
vn -0.000000 0.650973 -0.759101
vn -0.234571 0.650975 -0.721947
vn -0.446188 0.650976 -0.614123
vn -0.614132 0.650967 -0.446188
vn -0.721950 0.650972 -0.234573
vn -0.759095 0.650979 -0.000000
vn -0.721950 0.650971 0.234573
vn -0.614130 0.650971 0.446186
vn -0.446183 0.650983 0.614119
vn -0.234569 0.650983 0.721941
vn 0.000000 0.650978 0.759096
vn 0.234573 0.650977 0.721945
vn 0.446182 0.650983 0.614120
vn 0.614122 0.650980 0.446182
vn 0.721949 0.650971 0.234575
vn 0.759099 0.650976 -0.000000
vn 0.441784 0.837737 -0.320973
vn 0.519346 0.837738 -0.168747
vn 0.320977 0.837735 -0.441785
vn 0.168745 0.837738 -0.519346
vn -0.000000 0.837738 -0.546073
vn -0.168742 0.837738 -0.519346
vn -0.320974 0.837737 -0.441783
vn -0.441790 0.837731 -0.320979
vn -0.519351 0.837734 -0.168749
vn -0.546069 0.837740 -0.000000
vn -0.519347 0.837737 0.168747
vn -0.441784 0.837736 0.320977
vn -0.320968 0.837740 0.441782
vn -0.168743 0.837740 0.519344
vn 0.000000 0.837738 0.546073
vn 0.168744 0.837739 0.519345
vn 0.320971 0.837739 0.441782
vn 0.441782 0.837739 0.320972
vn 0.519345 0.837738 0.168747
vn 0.546074 0.837737 0.000000
vn 0.292930 0.932147 -0.212826
vn 0.344360 0.932146 -0.111891
vn 0.212823 0.932148 -0.292927
vn 0.111888 0.932149 -0.344355
vn 0.000000 0.932148 -0.362077
vn -0.111887 0.932149 -0.344353
vn -0.212823 0.932148 -0.292927
vn -0.292934 0.932145 -0.212827
vn -0.344363 0.932145 -0.111890
vn -0.362080 0.932147 -0.000001
vn -0.344362 0.932146 0.111887
vn -0.292930 0.932147 0.212826
vn -0.212824 0.932147 0.292929
vn -0.111888 0.932147 0.344358
vn -0.000000 0.932147 0.362080
vn 0.111887 0.932148 0.344356
vn 0.212820 0.932149 0.292925
vn 0.292926 0.932149 0.212822
vn 0.344357 0.932148 0.111889
vn 0.362079 0.932147 -0.000000
vn 0.197823 0.969643 -0.143728
vn 0.232557 0.969643 -0.075563
vn 0.143725 0.969644 -0.197821
vn 0.075561 0.969643 -0.232556
vn 0.000000 0.969644 -0.244521
vn -0.075559 0.969645 -0.232549
vn -0.143725 0.969644 -0.197821
vn -0.197822 0.969644 -0.143726
vn -0.232550 0.969645 -0.075559
vn -0.244516 0.969645 -0.000001
vn -0.232550 0.969645 0.075556
vn -0.197821 0.969644 0.143725
vn -0.143727 0.969644 0.197823
vn -0.075559 0.969644 0.232554
vn -0.000000 0.969644 0.244521
vn 0.075560 0.969644 0.232554
vn 0.143725 0.969644 0.197821
vn 0.197821 0.969644 0.143725
vn 0.232555 0.969644 0.075561
vn 0.244521 0.969644 0.000001
vn 0.141399 0.984608 -0.102734
vn 0.166223 0.984608 -0.054009
vn 0.102734 0.984608 -0.141400
vn 0.054009 0.984608 -0.166225
vn -0.000000 0.984608 -0.174776
vn -0.054008 0.984608 -0.166222
vn -0.102733 0.984608 -0.141399
vn -0.141399 0.984608 -0.102731
vn -0.166222 0.984608 -0.054008
vn -0.174780 0.984608 0.000001
vn -0.166223 0.984608 0.054009
vn -0.141399 0.984608 0.102731
vn -0.102734 0.984608 0.141399
vn -0.054007 0.984608 0.166223
vn 0.000000 0.984608 0.174776
vn 0.054009 0.984608 0.166226
vn 0.102734 0.984607 0.141400
vn 0.141399 0.984608 0.102731
vn 0.166224 0.984608 0.054010
vn 0.174776 0.984608 0.000002
vn 0.099939 0.992341 -0.072611
vn 0.117483 0.992341 -0.038173
vn 0.072610 0.992341 -0.099936
vn 0.038173 0.992341 -0.117482
vn -0.000001 0.992341 -0.123529
vn -0.038172 0.992341 -0.117481
vn -0.072609 0.992341 -0.099936
vn -0.099940 0.992341 -0.072609
vn -0.117486 0.992341 -0.038173
vn -0.123533 0.992341 0.000001
vn -0.117486 0.992341 0.038174
vn -0.099939 0.992341 0.072609
vn -0.072609 0.992341 0.099934
vn -0.038172 0.992341 0.117479
vn -0.000000 0.992341 0.123529
vn 0.038173 0.992341 0.117483
vn 0.072610 0.992341 0.099938
vn 0.099938 0.992341 0.072608
vn 0.117484 0.992341 0.038172
vn 0.123529 0.992341 0.000001
vn 0.061833 0.997075 -0.044928
vn 0.072688 0.997075 -0.023617
vn 0.044925 0.997075 -0.061837
vn 0.023616 0.997075 -0.072686
vn -0.000001 0.997075 -0.076426
vn -0.023615 0.997075 -0.072685
vn -0.044924 0.997075 -0.061832
vn -0.061836 0.997075 -0.044925
vn -0.072689 0.997075 -0.023617
vn -0.076427 0.997075 0.000000
vn -0.072688 0.997075 0.023617
vn -0.061835 0.997075 0.044924
vn -0.044924 0.997075 0.061829
vn -0.023615 0.997075 0.072685
vn -0.000000 0.997075 0.076428
vn 0.023617 0.997075 0.072686
vn 0.044926 0.997075 0.061835
vn 0.061833 0.997075 0.044926
vn 0.072686 0.997075 0.023616
vn 0.076430 0.997075 0.000000
vn 0.000000 -1.000000 -0.000000
vn 0.000000 1.000000 -0.000001
s 1
g pSphere3
usemtl standardSurface8SG
f 692/1203/989 693/1204/990 713/1205/991 712/1206/992
f 693/1204/990 694/1208/993 714/1209/994 713/1205/991
f 694/1208/993 695/1214/995 715/1215/996 714/1209/994
f 695/1214/995 696/1222/997 716/1223/998 715/1215/996
f 696/1222/997 697/1232/999 717/1233/1000 716/1223/998
f 697/1232/999 698/1244/1001 718/1245/1002 717/1233/1000
f 698/1244/1001 699/1256/1003 719/1257/1004 718/1245/1002
f 699/1256/1003 700/1270/1005 720/1271/1006 719/1257/1004
f 700/1270/1005 701/1283/1007 721/1284/1008 720/1271/1006
f 701/1283/1007 702/1298/1009 722/1299/1010 721/1284/1008
f 702/1298/1009 703/1312/1011 723/1313/1012 722/1299/1010
f 703/1312/1011 704/1296/1013 724/1297/1014 723/1313/1012
f 704/1296/1013 705/1281/1015 725/1282/1016 724/1297/1014
f 705/1281/1015 706/1268/1017 726/1269/1018 725/1282/1016
f 706/1268/1017 707/1254/1019 727/1255/1020 726/1269/1018
f 707/1254/1019 708/1242/1021 728/1243/1022 727/1255/1020
f 708/1242/1021 709/1230/1023 729/1231/1024 728/1243/1022
f 709/1230/1023 710/1220/1025 730/1221/1026 729/1231/1024
f 710/1220/1025 711/1212/1027 731/1213/1028 730/1221/1026
f 711/1212/1027 692/1203/989 712/1206/992 731/1213/1028
f 712/1206/992 713/1205/991 733/1210/1029 732/1211/1030
f 713/1205/991 714/1209/994 734/1216/1031 733/1210/1029
f 714/1209/994 715/1215/996 735/1224/1032 734/1216/1031
f 715/1215/996 716/1223/998 736/1234/1033 735/1224/1032
f 716/1223/998 717/1233/1000 737/1246/1034 736/1234/1033
f 717/1233/1000 718/1245/1002 738/1258/1035 737/1246/1034
f 718/1245/1002 719/1257/1004 739/1272/1036 738/1258/1035
f 719/1257/1004 720/1271/1006 740/1285/1037 739/1272/1036
f 720/1271/1006 721/1284/1008 741/1300/1038 740/1285/1037
f 721/1284/1008 722/1299/1010 742/1314/1039 741/1300/1038
f 722/1299/1010 723/1313/1012 743/1324/1040 742/1314/1039
f 723/1313/1012 724/1297/1014 744/1311/1041 743/1324/1040
f 724/1297/1014 725/1282/1016 745/1295/1042 744/1311/1041
f 725/1282/1016 726/1269/1018 746/1280/1043 745/1295/1042
f 726/1269/1018 727/1255/1020 747/1267/1044 746/1280/1043
f 727/1255/1020 728/1243/1022 748/1253/1045 747/1267/1044
f 728/1243/1022 729/1231/1024 749/1241/1046 748/1253/1045
f 729/1231/1024 730/1221/1026 750/1229/1047 749/1241/1046
f 730/1221/1026 731/1213/1028 751/1219/1048 750/1229/1047
f 731/1213/1028 712/1206/992 732/1211/1030 751/1219/1048
f 732/1211/1030 733/1210/1029 753/1217/1049 752/1218/1050
f 733/1210/1029 734/1216/1031 754/1225/1051 753/1217/1049
f 734/1216/1031 735/1224/1032 755/1235/1052 754/1225/1051
f 735/1224/1032 736/1234/1033 756/1247/1053 755/1235/1052
f 736/1234/1033 737/1246/1034 757/1259/1054 756/1247/1053
f 737/1246/1034 738/1258/1035 758/1273/1055 757/1259/1054
f 738/1258/1035 739/1272/1036 759/1286/1056 758/1273/1055
f 739/1272/1036 740/1285/1037 760/1301/1057 759/1286/1056
f 740/1285/1037 741/1300/1038 761/1315/1058 760/1301/1057
f 741/1300/1038 742/1314/1039 762/1325/1059 761/1315/1058
f 742/1314/1039 743/1324/1040 763/1335/1060 762/1325/1059
f 743/1324/1040 744/1311/1041 764/1323/1061 763/1335/1060
f 744/1311/1041 745/1295/1042 765/1310/1062 764/1323/1061
f 745/1295/1042 746/1280/1043 766/1294/1063 765/1310/1062
f 746/1280/1043 747/1267/1044 767/1279/1064 766/1294/1063
f 747/1267/1044 748/1253/1045 768/1266/1065 767/1279/1064
f 748/1253/1045 749/1241/1046 769/1252/1066 768/1266/1065
f 749/1241/1046 750/1229/1047 770/1240/1067 769/1252/1066
f 750/1229/1047 751/1219/1048 771/1228/1068 770/1240/1067
f 751/1219/1048 732/1211/1030 752/1218/1050 771/1228/1068
f 752/1218/1050 753/1217/1049 773/1226/1069 772/1227/1070
f 753/1217/1049 754/1225/1051 774/1236/1071 773/1226/1069
f 754/1225/1051 755/1235/1052 775/1248/1072 774/1236/1071
f 755/1235/1052 756/1247/1053 776/1260/1073 775/1248/1072
f 756/1247/1053 757/1259/1054 777/1274/1074 776/1260/1073
f 757/1259/1054 758/1273/1055 778/1287/1075 777/1274/1074
f 758/1273/1055 759/1286/1056 779/1302/1076 778/1287/1075
f 759/1286/1056 760/1301/1057 780/1316/1077 779/1302/1076
f 760/1301/1057 761/1315/1058 781/1326/1078 780/1316/1077
f 761/1315/1058 762/1325/1059 782/1336/1079 781/1326/1078
f 762/1325/1059 763/1335/1060 783/1341/1080 782/1336/1079
f 763/1335/1060 764/1323/1061 784/1334/1081 783/1341/1080
f 764/1323/1061 765/1310/1062 785/1322/1082 784/1334/1081
f 765/1310/1062 766/1294/1063 786/1309/1083 785/1322/1082
f 766/1294/1063 767/1279/1064 787/1293/1084 786/1309/1083
f 767/1279/1064 768/1266/1065 788/1278/1085 787/1293/1084
f 768/1266/1065 769/1252/1066 789/1265/1086 788/1278/1085
f 769/1252/1066 770/1240/1067 790/1251/1087 789/1265/1086
f 770/1240/1067 771/1228/1068 791/1239/1088 790/1251/1087
f 771/1228/1068 752/1218/1050 772/1227/1070 791/1239/1088
f 772/1227/1070 773/1226/1069 793/1237/1089 792/1238/1090
f 773/1226/1069 774/1236/1071 794/1249/1091 793/1237/1089
f 774/1236/1071 775/1248/1072 795/1261/1092 794/1249/1091
f 775/1248/1072 776/1260/1073 796/1275/1093 795/1261/1092
f 776/1260/1073 777/1274/1074 797/1288/1094 796/1275/1093
f 777/1274/1074 778/1287/1075 798/1303/1095 797/1288/1094
f 778/1287/1075 779/1302/1076 799/1317/1096 798/1303/1095
f 779/1302/1076 780/1316/1077 800/1327/1097 799/1317/1096
f 780/1316/1077 781/1326/1078 801/1337/1098 800/1327/1097
f 781/1326/1078 782/1336/1079 802/1342/1099 801/1337/1098
f 782/1336/1079 783/1341/1080 803/1345/1100 802/1342/1099
f 783/1341/1080 784/1334/1081 804/1340/1101 803/1345/1100
f 784/1334/1081 785/1322/1082 805/1333/1102 804/1340/1101
f 785/1322/1082 786/1309/1083 806/1321/1103 805/1333/1102
f 786/1309/1083 787/1293/1084 807/1308/1104 806/1321/1103
f 787/1293/1084 788/1278/1085 808/1292/1105 807/1308/1104
f 788/1278/1085 789/1265/1086 809/1277/1106 808/1292/1105
f 789/1265/1086 790/1251/1087 810/1264/1107 809/1277/1106
f 790/1251/1087 791/1239/1088 811/1250/1108 810/1264/1107
f 791/1239/1088 772/1227/1070 792/1238/1090 811/1250/1108
f 792/1097/1090 793/1098/1089 813/1090/1109 812/1089/1110
f 793/1237/1089 794/1249/1091 814/1262/1111 813/1263/1109
f 794/1249/1091 795/1261/1092 815/1276/1112 814/1262/1111
f 795/1261/1092 796/1275/1093 816/1289/1113 815/1276/1112
f 796/1275/1093 797/1288/1094 817/1304/1114 816/1289/1113
f 797/1288/1094 798/1303/1095 818/1318/1115 817/1304/1114
f 798/1303/1095 799/1317/1096 819/1328/1116 818/1318/1115
f 799/1156/1096 800/1157/1097 820/1149/1117 819/1148/1116
f 800/1157/1097 801/1166/1098 821/1158/1118 820/1149/1117
f 801/1166/1098 802/1175/1099 822/1167/1119 821/1158/1118
f 802/1175/1099 803/1185/1100 823/1176/1120 822/1167/1119
f 803/1345/1100 804/1340/1101 824/1344/1121 823/1347/1120
f 804/1340/1101 805/1333/1102 825/1339/1122 824/1344/1121
f 805/1333/1102 806/1321/1103 826/1332/1123 825/1339/1122
f 806/1321/1103 807/1308/1104 827/1320/1124 826/1332/1123
f 807/1308/1104 808/1292/1105 828/1307/1125 827/1320/1124
f 808/1292/1105 809/1277/1106 829/1306/1126 828/1307/1125
f 809/1126/1106 810/1116/1107 830/1108/1127 829/1117/1126
f 810/1116/1107 811/1107/1108 831/1100/1128 830/1108/1127
f 811/1107/1108 792/1097/1090 812/1089/1110 831/1100/1128
f 812/1089/1110 813/1090/1109 833/1086/1129 832/1085/1130
f 813/1090/1109 814/1099/1111 834/1091/1131 833/1086/1129
f 814/1262/1111 815/1276/1112 835/1290/1132 834/1291/1131
f 815/1276/1112 816/1289/1113 836/1305/1133 835/1290/1132
f 816/1289/1113 817/1304/1114 837/1319/1134 836/1305/1133
f 817/1304/1114 818/1318/1115 838/1329/1135 837/1319/1134
f 818/1159/1115 819/1148/1116 839/1144/1136 838/1154/1135
f 819/1148/1116 820/1149/1117 840/1145/1137 839/1144/1136
f 820/1149/1117 821/1158/1118 841/1150/1138 840/1145/1137
f 821/1158/1118 822/1167/1119 842/1160/1139 841/1150/1138
f 822/1167/1119 823/1176/1120 843/1168/1140 842/1160/1139
f 823/1176/1120 824/1186/1121 844/1177/1141 843/1168/1140
f 824/1344/1121 825/1339/1122 845/1343/1142 844/1346/1141
f 825/1339/1122 826/1332/1123 846/1338/1143 845/1343/1142
f 826/1332/1123 827/1320/1124 847/1331/1144 846/1338/1143
f 827/1320/1124 828/1307/1125 848/1330/1145 847/1331/1144
f 828/1127/1125 829/1117/1126 849/1114/1146 848/1124/1145
f 829/1117/1126 830/1108/1127 850/1105/1147 849/1114/1146
f 830/1108/1127 831/1100/1128 851/1095/1148 850/1105/1147
f 831/1100/1128 812/1089/1110 832/1085/1130 851/1095/1148
f 832/1085/1130 833/1086/1129 853/1087/1149 852/1088/1150
f 833/1086/1129 834/1091/1131 854/1092/1151 853/1087/1149
f 834/1493/1131 835/1494/1132 855/1495/1152 854/1496/1151
f 835/1494/1132 836/1497/1133 856/1498/1153 855/1495/1152
f 836/1497/1133 837/1501/1134 857/1502/1154 856/1498/1153
f 837/1501/1134 838/1506/1135 858/1507/1155 857/1502/1154
f 838/1154/1135 839/1144/1136 859/1147/1156 858/1155/1155
f 839/1144/1136 840/1145/1137 860/1146/1157 859/1147/1156
f 840/1145/1137 841/1150/1138 861/1151/1158 860/1146/1157
f 841/1150/1138 842/1160/1139 862/1161/1159 861/1151/1158
f 842/1160/1139 843/1168/1140 863/1169/1160 862/1161/1159
f 843/1168/1140 844/1177/1141 864/1178/1161 863/1169/1160
f 844/1518/1141 845/1519/1142 865/1520/1162 864/1521/1161
f 845/1519/1142 846/1522/1143 866/1523/1163 865/1520/1162
f 846/1522/1143 847/1526/1144 867/1527/1164 866/1523/1163
f 847/1526/1144 848/1531/1145 868/1532/1165 867/1527/1164
f 848/1124/1145 849/1114/1146 869/1115/1166 868/1125/1165
f 849/1114/1146 850/1105/1147 870/1106/1167 869/1115/1166
f 850/1105/1147 851/1095/1148 871/1096/1168 870/1106/1167
f 851/1095/1148 832/1085/1130 852/1088/1150 871/1096/1168
f 852/1088/1150 853/1087/1149 873/1093/1169 872/1094/1170
f 853/1087/1149 854/1092/1151 874/1101/1171 873/1093/1169
f 854/1496/1151 855/1495/1152 875/1499/1172 874/1500/1171
f 855/1495/1152 856/1498/1153 876/1503/1173 875/1499/1172
f 856/1498/1153 857/1502/1154 877/1508/1174 876/1503/1173
f 857/1502/1154 858/1507/1155 878/1512/1175 877/1508/1174
f 858/1155/1155 859/1147/1156 879/1153/1176 878/1165/1175
f 859/1147/1156 860/1146/1157 880/1152/1177 879/1153/1176
f 860/1146/1157 861/1151/1158 881/1162/1178 880/1152/1177
f 861/1151/1158 862/1161/1159 882/1170/1179 881/1162/1178
f 862/1161/1159 863/1169/1160 883/1179/1180 882/1170/1179
f 863/1169/1160 864/1178/1161 884/1187/1181 883/1179/1180
f 864/1521/1161 865/1520/1162 885/1524/1182 884/1525/1181
f 865/1520/1162 866/1523/1163 886/1528/1183 885/1524/1182
f 866/1523/1163 867/1527/1164 887/1533/1184 886/1528/1183
f 867/1527/1164 868/1532/1165 888/1537/1185 887/1533/1184
f 868/1125/1165 869/1115/1166 889/1123/1186 888/1134/1185
f 869/1115/1166 870/1106/1167 890/1113/1187 889/1123/1186
f 870/1106/1167 871/1096/1168 891/1104/1188 890/1113/1187
f 871/1096/1168 852/1088/1150 872/1094/1170 891/1104/1188
f 872/1094/1170 873/1093/1169 893/1102/1189 892/1103/1190
f 873/1093/1169 874/1101/1171 894/1109/1191 893/1102/1189
f 874/1500/1171 875/1499/1172 895/1504/1192 894/1505/1191
f 875/1499/1172 876/1503/1173 896/1509/1193 895/1504/1192
f 876/1503/1173 877/1508/1174 897/1513/1194 896/1509/1193
f 877/1508/1174 878/1512/1175 898/1515/1195 897/1513/1194
f 878/1165/1175 879/1153/1176 899/1164/1196 898/1174/1195
f 879/1153/1176 880/1152/1177 900/1163/1197 899/1164/1196
f 880/1152/1177 881/1162/1178 901/1171/1198 900/1163/1197
f 881/1162/1178 882/1170/1179 902/1180/1199 901/1171/1198
f 882/1170/1179 883/1179/1180 903/1188/1200 902/1180/1199
f 883/1179/1180 884/1187/1181 904/1194/1201 903/1188/1200
f 884/1525/1181 885/1524/1182 905/1529/1202 904/1530/1201
f 885/1524/1182 886/1528/1183 906/1534/1203 905/1529/1202
f 886/1528/1183 887/1533/1184 907/1538/1204 906/1534/1203
f 887/1533/1184 888/1537/1185 908/1540/1205 907/1538/1204
f 888/1134/1185 889/1123/1186 909/1133/1206 908/1138/1205
f 889/1123/1186 890/1113/1187 910/1122/1207 909/1133/1206
f 890/1113/1187 891/1104/1188 911/1112/1208 910/1122/1207
f 891/1104/1188 872/1094/1170 892/1103/1190 911/1112/1208
f 892/1103/1190 893/1102/1189 913/1110/1209 912/1111/1210
f 893/1102/1189 894/1109/1191 914/1118/1211 913/1110/1209
f 894/1505/1191 895/1504/1192 915/1510/1212 914/1511/1211
f 895/1504/1192 896/1509/1193 916/1514/1213 915/1510/1212
f 896/1509/1193 897/1513/1194 917/1516/1214 916/1514/1213
f 897/1513/1194 898/1515/1195 918/1517/1215 917/1516/1214
f 898/1174/1195 899/1164/1196 919/1173/1216 918/1184/1215
f 899/1164/1196 900/1163/1197 920/1172/1217 919/1173/1216
f 900/1163/1197 901/1171/1198 921/1181/1218 920/1172/1217
f 901/1171/1198 902/1180/1199 922/1189/1219 921/1181/1218
f 902/1180/1199 903/1188/1200 923/1195/1220 922/1189/1219
f 903/1188/1200 904/1194/1201 924/1198/1221 923/1195/1220
f 904/1530/1201 905/1529/1202 925/1535/1222 924/1536/1221
f 905/1529/1202 906/1534/1203 926/1539/1223 925/1535/1222
f 906/1534/1203 907/1538/1204 927/1541/1224 926/1539/1223
f 907/1538/1204 908/1540/1205 928/1542/1225 927/1541/1224
f 908/1138/1205 909/1133/1206 929/1137/1226 928/1141/1225
f 909/1133/1206 910/1122/1207 930/1132/1227 929/1137/1226
f 910/1122/1207 911/1112/1208 931/1121/1228 930/1132/1227
f 911/1112/1208 892/1103/1190 912/1111/1210 931/1121/1228
f 912/1111/1210 913/1110/1209 933/1119/1229 932/1120/1230
f 913/1110/1209 914/1118/1211 934/1128/1231 933/1119/1229
f 914/1356/1211 915/1357/1212 935/1352/1232 934/1349/1231
f 915/1357/1212 916/1365/1213 936/1358/1233 935/1352/1232
f 916/1365/1213 917/1375/1214 937/1366/1234 936/1358/1233
f 917/1375/1214 918/1387/1215 938/1376/1235 937/1366/1234
f 918/1184/1215 919/1173/1216 939/1183/1236 938/1193/1235
f 919/1173/1216 920/1172/1217 940/1182/1237 939/1183/1236
f 920/1172/1217 921/1181/1218 941/1190/1238 940/1182/1237
f 921/1181/1218 922/1189/1219 942/1196/1239 941/1190/1238
f 922/1189/1219 923/1195/1220 943/1199/1240 942/1196/1239
f 923/1195/1220 924/1198/1221 944/1201/1241 943/1199/1240
f 924/1486/1221 925/1477/1222 945/1466/1242 944/1478/1241
f 925/1477/1222 926/1465/1223 946/1452/1243 945/1466/1242
f 926/1465/1223 927/1450/1224 947/1437/1244 946/1452/1243
f 927/1450/1224 928/1451/1225 948/1423/1245 947/1437/1244
f 928/1141/1225 929/1137/1226 949/1140/1246 948/1143/1245
f 929/1137/1226 930/1132/1227 950/1136/1247 949/1140/1246
f 930/1132/1227 931/1121/1228 951/1131/1248 950/1136/1247
f 931/1121/1228 912/1111/1210 932/1120/1230 951/1131/1248
f 932/1120/1230 933/1119/1229 953/1129/1249 952/1130/1250
f 933/1348/1229 934/1349/1231 954/1350/1251 953/1351/1249
f 934/1349/1231 935/1352/1232 955/1353/1252 954/1350/1251
f 935/1352/1232 936/1358/1233 956/1359/1253 955/1353/1252
f 936/1358/1233 937/1366/1234 957/1367/1254 956/1359/1253
f 937/1366/1234 938/1376/1235 958/1377/1255 957/1367/1254
f 938/1376/1235 939/1388/1236 959/1389/1256 958/1377/1255
f 939/1183/1236 940/1182/1237 960/1191/1257 959/1192/1256
f 940/1182/1237 941/1190/1238 961/1197/1258 960/1191/1257
f 941/1190/1238 942/1196/1239 962/1200/1259 961/1197/1258
f 942/1196/1239 943/1199/1240 963/1202/1260 962/1200/1259
f 943/1479/1240 944/1478/1241 964/1467/1261 963/1455/1260
f 944/1478/1241 945/1466/1242 965/1453/1262 964/1467/1261
f 945/1466/1242 946/1452/1243 966/1438/1263 965/1453/1262
f 946/1452/1243 947/1437/1244 967/1425/1264 966/1438/1263
f 947/1437/1244 948/1423/1245 968/1411/1265 967/1425/1264
f 948/1423/1245 949/1424/1246 969/1399/1266 968/1411/1265
f 949/1140/1246 950/1136/1247 970/1139/1267 969/1142/1266
f 950/1136/1247 951/1131/1248 971/1135/1268 970/1139/1267
f 951/1131/1248 932/1120/1230 952/1130/1250 971/1135/1268
f 952/1363/1250 953/1351/1249 973/1355/1269 972/1364/1270
f 953/1351/1249 954/1350/1251 974/1354/1271 973/1355/1269
f 954/1350/1251 955/1353/1252 975/1360/1272 974/1354/1271
f 955/1353/1252 956/1359/1253 976/1368/1273 975/1360/1272
f 956/1359/1253 957/1367/1254 977/1378/1274 976/1368/1273
f 957/1367/1254 958/1377/1255 978/1390/1275 977/1378/1274
f 958/1377/1255 959/1389/1256 979/1401/1276 978/1390/1275
f 959/1389/1256 960/1413/1257 980/1414/1277 979/1401/1276
f 960/1413/1257 961/1427/1258 981/1428/1278 980/1414/1277
f 961/1427/1258 962/1440/1259 982/1441/1279 981/1428/1278
f 962/1440/1259 963/1455/1260 983/1456/1280 982/1441/1279
f 963/1455/1260 964/1467/1261 984/1468/1281 983/1456/1280
f 964/1467/1261 965/1453/1262 985/1454/1282 984/1468/1281
f 965/1453/1262 966/1438/1263 986/1439/1283 985/1454/1282
f 966/1438/1263 967/1425/1264 987/1426/1284 986/1439/1283
f 967/1425/1264 968/1411/1265 988/1412/1285 987/1426/1284
f 968/1411/1265 969/1399/1266 989/1400/1286 988/1412/1285
f 969/1399/1266 970/1385/1267 990/1386/1287 989/1400/1286
f 970/1385/1267 971/1373/1268 991/1374/1288 990/1386/1287
f 971/1373/1268 952/1363/1250 972/1364/1270 991/1374/1288
f 972/1364/1270 973/1355/1269 993/1362/1289 992/1372/1290
f 973/1355/1269 974/1354/1271 994/1361/1291 993/1362/1289
f 974/1354/1271 975/1360/1272 995/1369/1292 994/1361/1291
f 975/1360/1272 976/1368/1273 996/1379/1293 995/1369/1292
f 976/1368/1273 977/1378/1274 997/1391/1294 996/1379/1293
f 977/1378/1274 978/1390/1275 998/1402/1295 997/1391/1294
f 978/1390/1275 979/1401/1276 999/1415/1296 998/1402/1295
f 979/1401/1276 980/1414/1277 1000/1429/1297 999/1415/1296
f 980/1414/1277 981/1428/1278 1001/1442/1298 1000/1429/1297
f 981/1428/1278 982/1441/1279 1002/1457/1299 1001/1442/1298
f 982/1441/1279 983/1456/1280 1003/1469/1300 1002/1457/1299
f 983/1456/1280 984/1468/1281 1004/1476/1301 1003/1469/1300
f 984/1468/1281 985/1454/1282 1005/1464/1302 1004/1476/1301
f 985/1454/1282 986/1439/1283 1006/1449/1303 1005/1464/1302
f 986/1439/1283 987/1426/1284 1007/1436/1304 1006/1449/1303
f 987/1426/1284 988/1412/1285 1008/1422/1305 1007/1436/1304
f 988/1412/1285 989/1400/1286 1009/1410/1306 1008/1422/1305
f 989/1400/1286 990/1386/1287 1010/1398/1307 1009/1410/1306
f 990/1386/1287 991/1374/1288 1011/1384/1308 1010/1398/1307
f 991/1374/1288 972/1364/1270 992/1372/1290 1011/1384/1308
f 992/1372/1290 993/1362/1289 1013/1371/1309 1012/1383/1310
f 993/1362/1289 994/1361/1291 1014/1370/1311 1013/1371/1309
f 994/1361/1291 995/1369/1292 1015/1380/1312 1014/1370/1311
f 995/1369/1292 996/1379/1293 1016/1392/1313 1015/1380/1312
f 996/1379/1293 997/1391/1294 1017/1403/1314 1016/1392/1313
f 997/1391/1294 998/1402/1295 1018/1416/1315 1017/1403/1314
f 998/1402/1295 999/1415/1296 1019/1430/1316 1018/1416/1315
f 999/1415/1296 1000/1429/1297 1020/1443/1317 1019/1430/1316
f 1000/1429/1297 1001/1442/1298 1021/1458/1318 1020/1443/1317
f 1001/1442/1298 1002/1457/1299 1022/1470/1319 1021/1458/1318
f 1002/1457/1299 1003/1469/1300 1023/1480/1320 1022/1470/1319
f 1003/1469/1300 1004/1476/1301 1024/1485/1321 1023/1480/1320
f 1004/1476/1301 1005/1464/1302 1025/1475/1322 1024/1485/1321
f 1005/1464/1302 1006/1449/1303 1026/1463/1323 1025/1475/1322
f 1006/1449/1303 1007/1436/1304 1027/1448/1324 1026/1463/1323
f 1007/1436/1304 1008/1422/1305 1028/1435/1325 1027/1448/1324
f 1008/1422/1305 1009/1410/1306 1029/1421/1326 1028/1435/1325
f 1009/1410/1306 1010/1398/1307 1030/1409/1327 1029/1421/1326
f 1010/1398/1307 1011/1384/1308 1031/1397/1328 1030/1409/1327
f 1011/1384/1308 992/1372/1290 1012/1383/1310 1031/1397/1328
f 1012/1383/1310 1013/1371/1309 1033/1382/1329 1032/1396/1330
f 1013/1371/1309 1014/1370/1311 1034/1381/1331 1033/1382/1329
f 1014/1370/1311 1015/1380/1312 1035/1393/1332 1034/1381/1331
f 1015/1380/1312 1016/1392/1313 1036/1404/1333 1035/1393/1332
f 1016/1392/1313 1017/1403/1314 1037/1417/1334 1036/1404/1333
f 1017/1403/1314 1018/1416/1315 1038/1431/1335 1037/1417/1334
f 1018/1416/1315 1019/1430/1316 1039/1444/1336 1038/1431/1335
f 1019/1430/1316 1020/1443/1317 1040/1459/1337 1039/1444/1336
f 1020/1443/1317 1021/1458/1318 1041/1471/1338 1040/1459/1337
f 1021/1458/1318 1022/1470/1319 1042/1481/1339 1041/1471/1338
f 1022/1470/1319 1023/1480/1320 1043/1487/1340 1042/1481/1339
f 1023/1480/1320 1024/1485/1321 1044/1490/1341 1043/1487/1340
f 1024/1485/1321 1025/1475/1322 1045/1484/1342 1044/1490/1341
f 1025/1475/1322 1026/1463/1323 1046/1474/1343 1045/1484/1342
f 1026/1463/1323 1027/1448/1324 1047/1462/1344 1046/1474/1343
f 1027/1448/1324 1028/1435/1325 1048/1447/1345 1047/1462/1344
f 1028/1435/1325 1029/1421/1326 1049/1434/1346 1048/1447/1345
f 1029/1421/1326 1030/1409/1327 1050/1420/1347 1049/1434/1346
f 1030/1409/1327 1031/1397/1328 1051/1408/1348 1050/1420/1347
f 1031/1397/1328 1012/1383/1310 1032/1396/1330 1051/1408/1348
f 1032/1396/1330 1033/1382/1329 1053/1395/1349 1052/1407/1350
f 1033/1382/1329 1034/1381/1331 1054/1394/1351 1053/1395/1349
f 1034/1381/1331 1035/1393/1332 1055/1405/1352 1054/1394/1351
f 1035/1393/1332 1036/1404/1333 1056/1418/1353 1055/1405/1352
f 1036/1404/1333 1037/1417/1334 1057/1432/1354 1056/1418/1353
f 1037/1417/1334 1038/1431/1335 1058/1445/1355 1057/1432/1354
f 1038/1431/1335 1039/1444/1336 1059/1460/1356 1058/1445/1355
f 1039/1444/1336 1040/1459/1337 1060/1472/1357 1059/1460/1356
f 1040/1459/1337 1041/1471/1338 1061/1482/1358 1060/1472/1357
f 1041/1471/1338 1042/1481/1339 1062/1488/1359 1061/1482/1358
f 1042/1481/1339 1043/1487/1340 1063/1491/1360 1062/1488/1359
f 1043/1487/1340 1044/1490/1341 1064/1492/1361 1063/1491/1360
f 1044/1490/1341 1045/1484/1342 1065/1489/1362 1064/1492/1361
f 1045/1484/1342 1046/1474/1343 1066/1483/1363 1065/1489/1362
f 1046/1474/1343 1047/1462/1344 1067/1473/1364 1066/1483/1363
f 1047/1462/1344 1048/1447/1345 1068/1461/1365 1067/1473/1364
f 1048/1447/1345 1049/1434/1346 1069/1446/1366 1068/1461/1365
f 1049/1434/1346 1050/1420/1347 1070/1433/1367 1069/1446/1366
f 1050/1420/1347 1051/1408/1348 1071/1419/1368 1070/1433/1367
f 1051/1408/1348 1032/1396/1330 1052/1407/1350 1071/1419/1368
f 693/1204/990 692/1203/989 1072/1207/1369
f 694/1208/993 693/1204/990 1072/1207/1369
f 695/1214/995 694/1208/993 1072/1207/1369
f 696/1222/997 695/1214/995 1072/1207/1369
f 697/1232/999 696/1222/997 1072/1207/1369
f 698/1244/1001 697/1232/999 1072/1207/1369
f 699/1256/1003 698/1244/1001 1072/1207/1369
f 700/1270/1005 699/1256/1003 1072/1207/1369
f 701/1283/1007 700/1270/1005 1072/1207/1369
f 702/1298/1009 701/1283/1007 1072/1207/1369
f 703/1312/1011 702/1298/1009 1072/1207/1369
f 704/1296/1013 703/1312/1011 1072/1207/1369
f 705/1281/1015 704/1296/1013 1072/1207/1369
f 706/1268/1017 705/1281/1015 1072/1207/1369
f 707/1254/1019 706/1268/1017 1072/1207/1369
f 708/1242/1021 707/1254/1019 1072/1207/1369
f 709/1230/1023 708/1242/1021 1072/1207/1369
f 710/1220/1025 709/1230/1023 1072/1207/1369
f 711/1212/1027 710/1220/1025 1072/1207/1369
f 692/1203/989 711/1212/1027 1072/1207/1369
f 1052/1407/1350 1053/1395/1349 1073/1406/1370
f 1053/1395/1349 1054/1394/1351 1073/1406/1370
f 1054/1394/1351 1055/1405/1352 1073/1406/1370
f 1055/1405/1352 1056/1418/1353 1073/1406/1370
f 1056/1418/1353 1057/1432/1354 1073/1406/1370
f 1057/1432/1354 1058/1445/1355 1073/1406/1370
f 1058/1445/1355 1059/1460/1356 1073/1406/1370
f 1059/1460/1356 1060/1472/1357 1073/1406/1370
f 1060/1472/1357 1061/1482/1358 1073/1406/1370
f 1061/1482/1358 1062/1488/1359 1073/1406/1370
f 1062/1488/1359 1063/1491/1360 1073/1406/1370
f 1063/1491/1360 1064/1492/1361 1073/1406/1370
f 1064/1492/1361 1065/1489/1362 1073/1406/1370
f 1065/1489/1362 1066/1483/1363 1073/1406/1370
f 1066/1483/1363 1067/1473/1364 1073/1406/1370
f 1067/1473/1364 1068/1461/1365 1073/1406/1370
f 1068/1461/1365 1069/1446/1366 1073/1406/1370
f 1069/1446/1366 1070/1433/1367 1073/1406/1370
f 1070/1433/1367 1071/1419/1368 1073/1406/1370
f 1071/1419/1368 1052/1407/1350 1073/1406/1370
g default
v -832.557373 128.140339 570.497742
v -845.720886 128.140339 552.379578
v -867.019958 128.140339 545.459106
v -888.319153 128.140339 552.379639
v -901.482727 128.140339 570.497742
v -901.482727 128.140339 592.893005
v -888.319031 128.140339 611.011169
v -867.019958 128.140339 617.931702
v -845.539246 128.140339 611.261169
v -832.557373 128.140339 592.893005
v -888.801086 122.070515 581.695374
v -884.641235 122.070515 594.497986
v -873.750671 122.070515 602.410461
v -860.266296 122.211292 602.314270
v -849.497314 122.211292 594.489990
v -845.239014 122.070515 581.695312
v -849.398865 122.070515 568.892822
v -860.289246 122.070515 560.980408
v -873.750671 122.070515 560.980408
v -884.641235 122.070515 568.892761
v -847.082214 134.813694 575.217163
v -849.325012 134.210163 568.839172
v -867.019897 135.589649 581.695312
v -854.697632 134.813694 564.735291
v -860.261047 134.210163 560.893555
v -867.019897 134.813694 560.731567
v -873.778931 134.210163 560.893616
v -879.342163 134.813694 564.735291
v -884.715088 134.210163 568.839050
v -886.957642 134.813694 575.217163
v -888.892334 134.210163 581.695374
v -886.957642 134.813694 588.173523
v -884.715088 134.210163 594.551636
v -879.342102 134.813694 598.655396
v -873.778931 134.210163 602.497192
v -867.019897 134.813694 602.659119
v -860.983704 134.555027 601.909851
v -855.875427 135.589649 597.034302
v -849.660278 134.555012 593.682678
v -847.082214 134.813694 588.173523
v -845.147766 134.210163 581.695312
v -867.019775 120.691090 581.695312
v -855.053162 121.466969 565.224487
v -847.657288 121.466969 575.403992
v -847.657288 121.466969 587.986694
v -849.005005 133.261738 598.536499
v -852.598267 134.813679 601.545166
v -856.569946 133.261738 604.032837
v -867.019897 121.466969 602.054504
v -878.986694 121.466969 598.166260
v -886.382568 121.466969 587.986633
v -886.382568 121.466969 575.403931
v -878.986633 121.466969 565.224487
v -867.019897 121.466969 561.336304
v -855.053101 121.466969 598.166199
v -886.999023 131.244236 603.626831
v -894.051819 131.244236 593.919434
v -895.391724 132.485783 590.913940
v -896.074341 131.244236 587.694824
v -896.074341 131.244236 575.695862
v -895.391724 132.485783 572.476807
v -894.051819 131.244236 569.471313
v -886.999023 131.244236 559.763916
v -884.554688 132.485783 557.560913
v -881.704041 131.244236 555.916992
v -870.292358 131.244236 552.208984
v -867.019958 132.485783 551.863464
v -863.747437 131.244236 552.208984
v -852.335754 131.244236 555.916870
v -849.485229 132.485783 557.560852
v -847.040955 131.244236 559.763855
v -839.988037 131.244236 569.471313
v -838.648254 132.485783 572.476807
v -837.965576 131.244236 575.695862
v -838.047729 125.036457 587.668152
v -842.655823 128.140354 581.695312
v -840.070190 125.036457 593.892761
v -847.881042 128.761128 594.408264
v -847.016846 125.036457 603.767334
v -848.864075 128.761128 597.014648
v -852.209595 125.036457 607.540161
v -858.060913 128.761128 603.696655
v -863.747437 125.036457 611.095337
v -860.843445 128.761128 603.826050
v -870.292358 125.036457 611.095337
v -874.548828 128.140354 604.867065
v -881.653320 125.036457 607.403992
v -886.948242 125.036457 603.556946
v -886.731018 128.140354 596.016235
v -893.969666 125.036457 593.892761
v -895.992188 125.036457 587.668152
v -891.384094 128.140354 581.695312
v -895.992188 125.036457 575.722534
v -893.969666 125.036457 569.497925
v -886.731018 128.140354 567.374451
v -886.948242 125.036457 559.833740
v -881.653320 125.036457 555.986816
v -874.548889 128.140354 558.523682
v -870.292358 125.036457 552.295410
v -863.747437 125.036457 552.295410
v -859.490967 128.140354 558.523743
v -852.386536 125.036457 555.986755
v -847.091736 125.036457 559.833740
v -847.308960 128.140354 567.374451
v -840.070190 125.036457 569.497925
v -838.047729 125.036457 575.722534
v -846.855713 121.311802 585.379761
v -855.844910 120.691029 585.326355
v -855.002197 120.691029 581.695312
v -848.541077 121.311802 590.566895
v -857.297363 120.691029 588.759277
v -852.872314 121.311802 596.528320
v -860.113403 120.691029 591.201416
v -857.284790 121.311802 599.734192
v -863.306213 120.691029 593.124939
v -864.292847 121.311802 602.011292
v -867.019897 120.691029 593.445496
v -869.746948 121.311802 602.011292
v -870.733643 120.691029 593.124939
v -876.755127 121.311802 599.734192
v -873.926514 120.691029 591.201477
v -881.167603 121.311802 596.528381
v -876.742493 120.691029 588.759277
v -885.498779 121.311802 590.566895
v -878.195007 120.691029 585.326355
v -887.184204 121.311802 585.379761
v -879.037720 120.691029 581.695312
v -887.184204 121.311802 578.010925
v -878.195068 120.691029 578.064331
v -885.498840 121.311802 572.823792
v -876.742554 120.691029 574.631409
v -881.167603 121.311802 566.862366
v -873.926514 120.691029 572.189270
v -876.755127 121.311802 563.656555
v -870.733582 120.691029 570.265808
v -869.746948 121.311802 561.379456
v -867.019897 120.691029 569.945190
v -864.292847 121.311802 561.379456
v -863.306213 120.691029 570.265747
v -857.284790 121.311802 563.656555
v -860.113403 120.691029 572.189270
v -852.872375 121.311802 566.862366
v -857.297363 120.691029 574.631409
v -848.541077 121.311802 572.823792
v -855.844910 120.691029 578.064331
v -846.855713 121.311802 578.010986
v -849.739136 123.794910 557.910278
v -839.059021 123.794910 572.610291
v -839.059021 123.794910 590.780457
v -850.059021 134.348103 595.806885
v -854.196106 135.589649 599.345581
v -858.840088 134.348103 602.186890
v -867.019897 123.794910 611.095337
v -884.300781 123.794910 605.480469
v -894.980957 123.794910 590.780457
v -894.981018 123.794910 572.610229
v -884.300842 123.794910 557.910278
v -867.019897 123.794910 552.295410
v -849.739136 123.794910 605.480408
v -848.130310 134.968891 572.690308
v -857.164490 135.589665 574.534851
v -855.434143 135.589665 577.930908
v -852.618408 134.968891 566.512939
v -859.859497 135.589665 571.839844
v -857.030884 134.968891 563.307190
v -863.255432 135.589665 570.109558
v -864.292847 134.968891 560.947510
v -867.019958 135.589665 569.513245
v -869.746948 134.968891 560.947510
v -870.784424 135.589665 570.109497
v -877.008972 134.968891 563.307190
v -874.180420 135.589665 571.839905
v -881.421448 134.968891 566.512939
v -876.875427 135.589665 574.534851
v -885.909546 134.968891 572.690308
v -878.605835 135.589665 577.930908
v -887.594971 134.968891 577.877502
v -879.202026 135.589665 581.695374
v -887.594971 134.968891 585.513184
v -878.605835 135.589665 585.459778
v -885.909546 134.968891 590.700378
v -876.875488 135.589665 588.855835
v -881.421387 134.968891 596.877747
v -874.180420 135.589665 591.550842
v -877.008911 134.968891 600.083557
v -870.784363 135.589665 593.281189
v -869.746948 134.968891 602.443176
v -867.019958 135.589665 593.877441
v -864.292847 134.968891 602.443176
v -863.255432 135.589665 593.281189
v -858.125183 135.589649 598.960693
v -859.859497 135.589665 591.550842
v -853.348145 135.589649 595.489929
v -857.164490 135.589665 588.855835
v -848.130310 134.968891 590.700378
v -855.434143 135.589665 585.459839
v -846.444946 134.968891 585.513184
v -854.837891 135.589665 581.695312
v -846.444946 134.968891 577.877502
v -837.965576 131.244236 587.694824
v -838.648254 132.485783 590.913879
v -839.988037 131.244236 593.919434
v -846.591553 131.244236 604.782043
v -850.673401 134.968876 599.600708
v -848.857849 132.485783 606.693359
v -855.042175 134.968876 602.774841
v -851.375977 131.244236 608.258179
v -863.747437 131.244236 611.181702
v -867.019958 132.485783 611.527222
v -870.292358 131.244236 611.181702
v -881.704041 131.244236 607.473816
v -884.554626 132.485783 605.829834
v -854.594055 135.589665 575.364014
v -857.158630 135.589665 571.834045
v -860.688538 135.589665 569.269409
v -864.838318 135.589665 567.921021
v -869.201599 135.589665 567.921021
v -873.351318 135.589665 569.269409
v -876.881287 135.589665 571.834045
v -879.445923 135.589665 575.364014
v -880.794250 135.589665 579.513672
v -880.794250 135.589665 583.876953
v -879.445923 135.589665 588.026672
v -876.881287 135.589665 591.556641
v -873.351318 135.589665 594.121338
v -869.201599 135.589665 595.469604
v -864.838318 135.589665 595.469604
v -860.688538 135.589665 594.121338
v -857.158630 135.589665 591.556641
v -854.594055 135.589665 588.026672
v -853.245667 135.589665 583.876953
v -853.245667 135.589665 579.513672
v -839.816956 133.106571 588.240234
v -841.165222 133.106571 592.389954
v -848.259399 133.106571 604.234802
v -851.380981 133.106571 606.502808
v -864.838318 133.106571 609.589478
v -869.201599 133.106571 609.589478
v -881.650696 133.106571 605.544495
v -885.180664 133.106571 602.979858
v -892.874634 133.106571 592.389954
v -894.222961 133.106571 588.240234
v -894.222961 133.106571 575.150452
v -892.874634 133.106571 571.000732
v -885.180725 133.106571 560.410889
v -881.650757 133.106571 557.846252
v -869.201599 133.106571 553.801270
v -864.838318 133.106571 553.801270
v -852.389160 133.106571 557.846191
v -848.859253 133.106571 560.410828
v -841.165222 133.106571 571.000732
v -839.816956 133.106571 575.150452
v -839.471436 128.140354 586.058594
v -842.167969 128.140354 594.358032
v -846.998047 128.140354 602.259399
v -853.649475 128.140354 607.092041
v -862.656677 128.140354 609.243958
v -871.383240 128.140354 609.243958
v -879.682617 128.140354 606.547302
v -886.742554 128.140354 601.417969
v -891.871887 128.140354 594.358032
v -894.568542 128.140354 586.058594
v -894.568542 128.140354 577.332031
v -891.871887 128.140354 569.032593
v -886.742615 128.140354 561.972717
v -879.682678 128.140354 556.843445
v -871.383240 128.140354 554.146790
v -862.656677 128.140354 554.146790
v -854.357239 128.140354 556.843384
v -847.297363 128.140354 561.972656
v -842.167969 128.140354 569.032593
v -839.471436 128.140354 577.332031
v -853.574280 120.691013 583.770203
v -854.922668 120.691013 587.919922
v -857.361755 120.691013 591.277100
v -860.891663 120.691013 593.841797
v -864.838318 120.691013 595.124146
v -869.201599 120.691013 595.124146
v -873.148193 120.691013 593.841797
v -876.678162 120.691013 591.277100
v -879.117310 120.691013 587.919922
v -880.465637 120.691013 583.770203
v -880.465637 120.691013 579.620483
v -879.117371 120.691013 575.470703
v -876.678162 120.691013 572.113525
v -873.148193 120.691013 569.548950
v -869.201599 120.691013 568.266602
v -864.838318 120.691013 568.266602
v -860.891724 120.691013 569.548950
v -857.361755 120.691013 572.113525
v -854.922668 120.691013 575.470764
v -853.574280 120.691013 579.620483
v -852.592285 123.174137 558.125732
v -849.062378 123.174137 560.690369
v -841.493835 123.174137 571.107483
v -840.145569 123.174137 575.257202
v -840.145569 123.174137 588.133484
v -841.493835 123.174137 592.283203
v -849.585815 130.623447 594.985962
v -851.778076 135.589665 597.428528
v -856.766724 135.589665 601.052979
v -859.767273 130.623447 602.383301
v -864.838318 123.174137 609.243958
v -869.201599 123.174137 609.243958
v -881.447571 123.174137 605.265015
v -884.977539 123.174137 602.700317
v -892.546021 123.174137 592.283203
v -893.894348 123.174137 588.133484
v -893.894409 123.174137 575.257202
v -892.546021 123.174137 571.107483
v -884.977600 123.174137 560.690430
v -881.447632 123.174137 558.125732
v -869.201599 123.174137 554.146790
v -864.838318 123.174137 554.146790
v -849.062378 123.174137 602.700317
v -852.592285 123.174137 605.264954
vt 0.766830 0.626747
vt 0.745416 0.575045
vt 0.766830 0.564641
vt 0.788245 0.582046
vt 0.736850 0.586864
vt 0.732567 0.567683
vt 0.725924 0.511037
vt 0.771113 0.528456
vt 0.802165 0.538955
vt 0.801094 0.578270
vt 0.796811 0.595233
vt 0.771113 0.510474
vt 0.783962 0.514459
vt 0.813943 0.546298
vt 0.809660 0.520123
vt 0.811087 0.505467
vt 0.818226 0.531312
vt 0.044887 0.616008
vt 0.023472 0.568841
vt 0.044887 0.556068
vt 0.066302 0.569437
vt 0.003980 0.508257
vt 0.049170 0.518688
vt 0.089144 0.505467
vt 0.001992 0.727086
vt 0.022455 0.667166
vt 0.043870 0.679939
vt 0.043870 0.710137
vt 0.043870 0.619999
vt 0.065285 0.666570
vt 0.085748 0.726488
vt 0.275061 0.619397
vt 0.295524 0.556897
vt 0.316939 0.571654
vt 0.316939 0.608922
vt 0.316939 0.505467
vt 0.338354 0.556414
vt 0.358817 0.619027
vt 0.346920 0.541215
vt 0.351203 0.560878
vt 0.282675 0.562807
vt 0.286958 0.543625
vt 0.137157 0.619397
vt 0.115742 0.567969
vt 0.137157 0.553211
vt 0.158572 0.568450
vt 0.107176 0.581239
vt 0.102893 0.562058
vt 0.095279 0.505467
vt 0.137157 0.515943
vt 0.179035 0.505838
vt 0.171421 0.563987
vt 0.167138 0.583650
vt 0.135666 0.730476
vt 0.114251 0.683310
vt 0.135666 0.670536
vt 0.157081 0.683906
vt 0.093788 0.623389
vt 0.135666 0.640338
vt 0.177544 0.623987
vt 0.185388 0.730476
vt 0.205851 0.670555
vt 0.227266 0.683329
vt 0.227266 0.713527
vt 0.227266 0.623389
vt 0.248681 0.669959
vt 0.269144 0.729877
vt 0.185170 0.619398
vt 0.205633 0.556896
vt 0.227048 0.571653
vt 0.227048 0.608922
vt 0.227048 0.505467
vt 0.248463 0.556414
vt 0.268926 0.619028
vt 0.257029 0.541215
vt 0.261312 0.560878
vt 0.192784 0.562806
vt 0.197067 0.543626
vt 0.377320 0.296164
vt 0.370089 0.313598
vt 0.325494 0.295151
vt 0.319698 0.277441
vt 0.435509 0.315071
vt 0.418144 0.325255
vt 0.361846 0.340168
vt 0.307759 0.300872
vt 0.239763 0.251469
vt 0.334797 0.266521
vt 0.381717 0.277810
vt 0.427446 0.296625
vt 0.477532 0.328726
vt 0.426266 0.335807
vt 0.339124 0.356218
vt 0.307800 0.319506
vt 0.323811 0.251469
vt 0.289165 0.319466
vt 0.390667 0.251469
vt 0.440219 0.292862
vt 0.377605 0.402782
vt 0.365060 0.398319
vt 0.324779 0.368483
vt 0.319698 0.225496
vt 0.334797 0.236418
vt 0.283446 0.337200
vt 0.265736 0.331404
vt 0.381717 0.225129
vt 0.360741 0.417982
vt 0.308681 0.378336
vt 0.307759 0.202066
vt 0.325494 0.207787
vt 0.377320 0.206774
vt 0.286395 0.394988
vt 0.254815 0.346503
vt 0.239763 0.335518
vt 0.427446 0.206314
vt 0.440219 0.210076
vt 0.340706 0.416013
vt 0.289165 0.183473
vt 0.307800 0.183432
vt 0.359533 0.168765
vt 0.370089 0.189340
vt 0.435509 0.187867
vt 0.258578 0.394616
vt 0.341074 0.429324
vt 0.239763 0.396106
vt 0.224711 0.346503
vt 0.213790 0.331404
vt 0.477532 0.174213
vt 0.386713 0.453729
vt 0.265736 0.171535
vt 0.283446 0.165738
vt 0.316653 0.145640
vt 0.334089 0.156295
vt 0.426266 0.167131
vt 0.418144 0.177683
vt 0.262341 0.454906
vt 0.254815 0.443920
vt 0.220948 0.394616
vt 0.239763 0.457290
vt 0.193130 0.394988
vt 0.196081 0.337200
vt 0.190360 0.319465
vt 0.239763 0.167421
vt 0.254815 0.156436
vt 0.281409 0.112002
vt 0.301131 0.132349
vt 0.328239 0.129694
vt 0.344922 0.142920
vt 0.356782 0.154109
vt 0.239763 0.501476
vt 0.224711 0.443920
vt 0.170845 0.378336
vt 0.217185 0.454906
vt 0.154747 0.368483
vt 0.171726 0.319506
vt 0.171767 0.300872
vt 0.213791 0.171535
vt 0.224711 0.156436
vt 0.239763 0.106833
vt 0.258578 0.108323
vt 0.296199 0.110091
vt 0.310503 0.117914
vt 0.339263 0.114518
vt 0.352544 0.127934
vt 0.138452 0.429323
vt 0.138820 0.416013
vt 0.140402 0.356218
vt 0.118785 0.417981
vt 0.117678 0.340169
vt 0.154032 0.295151
vt 0.159828 0.277441
vt 0.190360 0.183473
vt 0.196081 0.165738
vt 0.193130 0.107950
vt 0.220948 0.108323
vt 0.239763 0.045648
vt 0.254815 0.059018
vt 0.262341 0.048032
vt 0.311861 0.097355
vt 0.322402 0.106034
vt 0.365069 0.078999
vt 0.369199 0.095961
vt 0.092812 0.453729
vt 0.114465 0.398318
vt 0.109437 0.313598
vt 0.101920 0.402782
vt 0.102206 0.296164
vt 0.144729 0.266521
vt 0.155714 0.251469
vt 0.171766 0.202066
vt 0.171726 0.183432
vt 0.154748 0.134456
vt 0.170845 0.124602
vt 0.217185 0.048032
vt 0.224711 0.059018
vt 0.239763 0.001461
vt 0.347696 0.068203
vt 0.347662 0.080314
vt 0.053261 0.335807
vt 0.061382 0.325255
vt 0.097808 0.277810
vt 0.044016 0.315071
vt 0.088858 0.251469
vt 0.144729 0.236418
vt 0.159828 0.225497
vt 0.154032 0.207787
vt 0.117678 0.162769
vt 0.140402 0.146720
vt 0.118785 0.084957
vt 0.138820 0.086926
vt 0.138452 0.073614
vt 0.387966 0.047484
vt 0.001992 0.328726
vt 0.052079 0.296625
vt 0.097808 0.225129
vt 0.039307 0.292862
vt 0.102206 0.206774
vt 0.109437 0.189340
vt 0.101920 0.100156
vt 0.114466 0.104620
vt 0.092813 0.049209
vt 0.039307 0.210076
vt 0.052079 0.206314
vt 0.044016 0.187867
vt 0.061382 0.177683
vt 0.053261 0.167131
vt 0.001992 0.174213
vt 0.873572 0.251468
vt 0.862418 0.276888
vt 0.816064 0.265783
vt 0.806213 0.251468
vt 0.923188 0.292677
vt 0.908714 0.295887
vt 0.856888 0.294875
vt 0.800399 0.276520
vt 0.723299 0.251468
vt 0.816064 0.237153
vt 0.862418 0.226048
vt 0.961067 0.328725
vt 0.916211 0.314149
vt 0.850790 0.312676
vt 0.806761 0.294413
vt 0.800399 0.226416
vt 0.790378 0.300205
vt 0.856888 0.208062
vt 0.908714 0.207049
vt 0.923188 0.210260
vt 0.909234 0.335622
vt 0.899412 0.324518
vt 0.844193 0.339743
vt 0.790378 0.202732
vt 0.806761 0.208523
vt 0.789933 0.317576
vt 0.770948 0.317054
vt 0.916211 0.188787
vt 0.850790 0.190260
vt 0.961067 0.174212
vt 0.820908 0.353806
vt 0.770948 0.185882
vt 0.789933 0.185360
vt 0.844872 0.163139
vt 0.805862 0.365107
vt 0.765579 0.335271
vt 0.748920 0.330325
vt 0.899412 0.178419
vt 0.909234 0.167314
vt 0.861306 0.403751
vt 0.847194 0.396389
vt 0.748920 0.172611
vt 0.765579 0.167666
vt 0.805861 0.137830
vt 0.820907 0.149130
vt 0.790465 0.375924
vt 0.842524 0.415570
vt 0.769894 0.393725
vt 0.738350 0.344118
vt 0.723298 0.332537
vt 0.723298 0.170400
vt 0.738350 0.158818
vt 0.769735 0.108549
vt 0.790465 0.127012
vt 0.842524 0.087367
vt 0.847194 0.106547
vt 0.860790 0.100637
vt 0.822839 0.414083
vt 0.742113 0.391635
vt 0.825480 0.429781
vt 0.723298 0.391933
vt 0.708246 0.344118
vt 0.697676 0.330325
vt 0.697676 0.172612
vt 0.708246 0.158818
vt 0.723298 0.111004
vt 0.742113 0.111302
vt 0.824259 0.074095
vt 0.822839 0.088853
vt 0.871501 0.455453
vt 0.745876 0.454309
vt 0.738350 0.441536
vt 0.704484 0.391635
vt 0.723298 0.454309
vt 0.676860 0.394389
vt 0.681017 0.335271
vt 0.675647 0.317054
vt 0.675647 0.185882
vt 0.681017 0.167666
vt 0.676860 0.108549
vt 0.704484 0.111302
vt 0.723298 0.048628
vt 0.738350 0.061401
vt 0.745876 0.048628
vt 0.870248 0.049208
vt 0.723298 0.501476
vt 0.708246 0.441536
vt 0.656131 0.375924
vt 0.700720 0.454309
vt 0.640735 0.365107
vt 0.656663 0.317576
vt 0.656219 0.300205
vt 0.656218 0.202732
vt 0.656663 0.185360
vt 0.640735 0.137830
vt 0.656131 0.127012
vt 0.700720 0.048628
vt 0.708246 0.061401
vt 0.723298 0.001461
vt 0.622337 0.428841
vt 0.623757 0.414083
vt 0.625688 0.353807
vt 0.604071 0.415570
vt 0.601722 0.339798
vt 0.639834 0.294413
vt 0.646197 0.276520
vt 0.646197 0.226416
vt 0.639834 0.208522
vt 0.601722 0.163139
vt 0.625688 0.149130
vt 0.604071 0.087367
vt 0.623756 0.088853
vt 0.622337 0.074096
vt 0.576348 0.453728
vt 0.599402 0.396389
vt 0.595806 0.312676
vt 0.585806 0.402299
vt 0.589709 0.294874
vt 0.630531 0.265783
vt 0.640383 0.251468
vt 0.630531 0.237153
vt 0.589709 0.208062
vt 0.595806 0.190260
vt 0.585806 0.100637
vt 0.599402 0.106548
vt 0.576347 0.049209
vt 0.537362 0.335622
vt 0.547184 0.324518
vt 0.584178 0.276888
vt 0.530385 0.314149
vt 0.573022 0.251468
vt 0.584178 0.226048
vt 0.530384 0.188787
vt 0.547184 0.178419
vt 0.537362 0.167314
vt 0.485527 0.328725
vt 0.537882 0.295887
vt 0.523408 0.292677
vt 0.523408 0.210260
vt 0.537882 0.207049
vt 0.485527 0.174212
vt 0.634625 0.622342
vt 0.654117 0.557301
vt 0.675532 0.571774
vt 0.679815 0.611191
vt 0.675532 0.505467
vt 0.696947 0.556734
vt 0.719789 0.623466
vt 0.317896 0.625654
vt 0.339311 0.665923
vt 0.317896 0.681609
vt 0.296481 0.671675
vt 0.353231 0.701759
vt 0.322179 0.712045
vt 0.276989 0.727261
vt 0.360726 0.717421
vt 0.335028 0.723818
vt 0.322179 0.731243
vt 0.362154 0.732211
vt 0.502069 0.726166
vt 0.480654 0.680177
vt 0.502069 0.666580
vt 0.523484 0.680527
vt 0.460191 0.625654
vt 0.502069 0.631160
vt 0.543947 0.625848
vt 0.586612 0.621662
vt 0.565197 0.569827
vt 0.586612 0.555354
vt 0.608027 0.570394
vt 0.544734 0.505467
vt 0.586612 0.519885
vt 0.628490 0.505976
vt 0.538599 0.505467
vt 0.518136 0.569827
vt 0.496721 0.555354
vt 0.496721 0.519885
vt 0.496721 0.621662
vt 0.475306 0.570394
vt 0.454843 0.505976
vt 0.452346 0.625654
vt 0.431883 0.680177
vt 0.410468 0.666580
vt 0.410468 0.631161
vt 0.410468 0.726167
vt 0.389053 0.680527
vt 0.368590 0.625848
vt 0.593669 0.627458
vt 0.615084 0.673447
vt 0.593669 0.687043
vt 0.572254 0.673096
vt 0.635547 0.727970
vt 0.593669 0.722463
vt 0.551791 0.727776
vt 0.406830 0.505467
vt 0.428245 0.557301
vt 0.406830 0.571774
vt 0.385415 0.556734
vt 0.448708 0.621662
vt 0.406830 0.607243
vt 0.364952 0.621153
vt 0.824361 0.582724
vt 0.844824 0.541515
vt 0.866239 0.552620
vt 0.866239 0.582724
vt 0.866239 0.505467
vt 0.887654 0.541331
vt 0.908117 0.582724
vt 0.866239 0.612828
vt 0.844824 0.623932
vt 0.887654 0.624116
vt 0.866239 0.659980
vt 0.914252 0.582723
vt 0.934715 0.541515
vt 0.956130 0.552619
vt 0.956130 0.582723
vt 0.956130 0.505467
vt 0.977545 0.541331
vt 0.998008 0.582723
vt 0.956130 0.612827
vt 0.934715 0.623932
vt 0.977545 0.624116
vt 0.956130 0.659980
vn 0.168981 0.984089 -0.054903
vn 0.150706 0.971777 -0.181486
vn 0.043659 0.996664 -0.068950
vn 0.020325 0.999772 -0.006603
vn 0.443800 0.836106 -0.322441
vn 0.030993 0.999266 -0.022518
vn -0.000000 1.000000 0.000000
vn 0.219181 0.971776 -0.087244
vn 0.079071 0.996664 -0.020210
vn 0.104437 0.984088 -0.143747
vn 0.012561 0.999772 -0.017289
vn 0.015251 0.971778 -0.235404
vn -0.005208 0.996664 -0.081445
vn 0.169521 0.836105 -0.521719
vn 0.011838 0.999266 -0.036434
vn 0.126035 0.971776 -0.199415
vn 0.052087 0.996664 -0.062829
vn 0.000000 0.984089 -0.177677
vn 0.000000 0.999772 -0.021371
vn -0.126031 0.971777 -0.199413
vn -0.052086 0.996664 -0.062828
vn -0.169520 0.836107 -0.521717
vn -0.011839 0.999266 -0.036434
vn -0.015251 0.971777 -0.235406
vn 0.005207 0.996664 -0.081445
vn -0.104434 0.984089 -0.143746
vn -0.012561 0.999772 -0.017290
vn -0.219169 0.971778 -0.087250
vn -0.079069 0.996664 -0.020214
vn -0.443807 0.836103 -0.322440
vn -0.030992 0.999266 -0.022518
vn -0.150708 0.971777 -0.181482
vn -0.043658 0.996664 -0.068950
vn -0.168982 0.984089 -0.054907
vn -0.020324 0.999772 -0.006607
vn -0.228598 0.971778 0.058236
vn -0.075849 0.996664 0.030119
vn -0.548575 0.836101 -0.000003
vn -0.038309 0.999266 0.000000
vn -0.228599 0.971777 -0.058237
vn -0.075850 0.996664 -0.030122
vn -0.168984 0.984088 0.054905
vn -0.020325 0.999772 0.006607
vn -0.150711 0.971777 0.181480
vn -0.043660 0.996664 0.068950
vn -0.443807 0.836103 0.322439
vn -0.030993 0.999266 0.022518
vn -0.219167 0.971778 0.087251
vn -0.079068 0.996664 0.020213
vn -0.104435 0.984089 0.143746
vn -0.012561 0.999772 0.017289
vn -0.015251 0.971778 0.235404
vn 0.005209 0.996664 0.081445
vn -0.169516 0.836107 0.521717
vn -0.011838 0.999266 0.036434
vn -0.126026 0.971778 0.199412
vn -0.052088 0.996664 0.062829
vn 0.000002 0.984089 0.177678
vn 0.000000 0.999772 0.021373
vn 0.121242 0.971280 0.204735
vn 0.030619 0.997742 0.059775
vn 0.412660 0.836226 0.361162
vn -0.003227 0.999635 0.026814
vn -0.084994 0.991678 0.096695
vn -0.054812 0.997268 0.049514
vn 0.000000 1.000000 -0.000001
vn -0.000000 1.000000 0.000000
vn 0.118232 0.991677 -0.050964
vn 0.064031 0.997268 -0.036835
vn 0.215962 0.836235 0.504055
vn 0.026498 0.999635 0.005216
vn 0.157244 0.971280 0.178579
vn 0.047388 0.997742 0.047592
vn 0.168983 0.984088 0.054907
vn 0.020325 0.999772 0.006605
vn 0.228603 0.971776 -0.058241
vn 0.075849 0.996664 -0.030121
vn 0.548568 0.836106 -0.000002
vn 0.038309 0.999266 0.000000
vn 0.228598 0.971777 0.058241
vn 0.075851 0.996664 0.030122
vn 0.950848 -0.021047 0.308943
vn 0.728064 0.406955 -0.551644
vn 0.403637 0.911170 -0.082738
vn 0.463429 0.873248 0.150571
vn 0.208387 0.367020 0.906571
vn 0.274822 0.910690 0.308411
vn 0.583010 -0.127244 0.802439
vn 0.950601 0.297004 -0.090257
vn 0.523996 0.838695 0.148389
vn 0.327269 0.830665 0.450434
vn 0.903961 0.362912 -0.226162
vn 0.462819 0.880601 0.101687
vn 0.186554 0.948296 0.256773
vn -0.046305 0.880609 0.471575
vn -0.020800 0.838704 0.544190
vn -0.494434 0.362930 0.789821
vn -0.379593 0.297026 0.876176
vn -0.000004 -0.021065 0.999778
vn 0.797808 0.367016 0.478332
vn 0.208387 0.910689 0.356679
vn 0.000000 0.873248 0.487277
vn -0.749633 0.406947 0.521962
vn -0.203414 0.911172 0.358313
vn -0.587652 -0.021052 0.808840
vn 0.299662 0.406963 0.862893
vn -0.046042 0.911173 0.409445
vn -0.286413 0.873246 0.394219
vn -0.913264 0.406956 -0.018336
vn -0.375178 0.911171 0.170321
vn -0.950846 -0.021052 0.308949
vn -0.264770 0.406955 0.874233
vn -0.277925 0.911171 0.304181
vn -0.463428 0.873247 0.150578
vn -0.728062 0.406956 -0.551646
vn -0.403633 0.911173 -0.082731
vn -0.950846 -0.021051 -0.308949
vn -0.728064 0.406951 0.551647
vn -0.403634 0.911173 0.082730
vn -0.463431 0.873246 -0.150578
vn -0.264772 0.406960 -0.874231
vn -0.277922 0.911170 -0.304185
vn -0.587650 -0.021039 -0.808842
vn -0.913260 0.406963 0.018345
vn -0.375174 0.911174 -0.170314
vn -0.286410 0.873248 -0.394218
vn 0.299663 0.406954 -0.862897
vn -0.046041 0.911169 -0.409453
vn -0.000002 -0.021059 -0.999778
vn -0.749631 0.406949 -0.521963
vn -0.203420 0.911172 -0.358309
vn 0.000002 0.873249 -0.487274
vn 0.749626 0.406961 -0.521961
vn 0.203422 0.911170 -0.358314
vn 0.587649 -0.021052 -0.808842
vn -0.299667 0.406957 -0.862894
vn 0.046039 0.911173 -0.409444
vn 0.286421 0.873244 -0.394217
vn 0.913269 0.406944 0.018347
vn 0.375190 0.911168 -0.170311
vn 0.950847 -0.021046 -0.308945
vn 0.264774 0.406962 -0.874230
vn 0.277918 0.911170 -0.304190
vn 0.463434 0.873245 -0.150574
vn 0.728063 0.406956 0.551644
vn 0.403631 0.911174 0.082736
vn 0.724581 -0.430889 -0.537882
vn 0.726342 -0.005254 -0.687313
vn 0.547326 -0.836920 -0.000000
vn 0.999967 -0.008103 -0.000000
vn 0.463186 -0.809848 0.360006
vn 0.225238 -0.381724 0.896412
vn 0.066894 0.027438 0.997383
vn 0.215952 0.048551 0.975196
vn 0.911424 -0.405771 -0.068242
vn 0.966283 0.013919 -0.257105
vn 0.980572 0.033009 -0.193365
vn 0.199255 -0.809846 0.551767
vn -0.346544 -0.405783 0.845723
vn -0.543121 0.013918 0.839539
vn -0.486925 0.033012 0.872820
vn 0.782933 -0.381727 0.491223
vn 0.927895 0.027433 0.371831
vn 0.860731 0.048550 0.506739
vn -0.169129 -0.836919 0.520540
vn -0.735468 -0.430893 0.522894
vn -0.878127 -0.005250 0.478399
vn -0.309017 -0.008089 0.951022
vn 0.287660 -0.430887 0.855329
vn 0.429223 -0.005240 0.903183
vn -0.442800 -0.836918 0.321709
vn -0.902358 -0.430887 -0.009261
vn -0.991617 -0.005249 -0.129109
vn -0.808989 -0.008095 0.587769
vn -0.270028 -0.430888 0.861058
vn -0.183626 -0.005245 0.982982
vn -0.547330 -0.836917 -0.000001
vn -0.724579 -0.430890 -0.537884
vn -0.726344 -0.005253 -0.687312
vn -0.999967 -0.008105 0.000003
vn -0.724575 -0.430888 0.537891
vn -0.726339 -0.005258 0.687317
vn -0.442801 -0.836917 -0.321710
vn -0.270027 -0.430883 -0.861060
vn -0.183627 -0.005242 -0.982982
vn -0.808990 -0.008098 -0.587767
vn -0.902359 -0.430885 0.009267
vn -0.991616 -0.005247 0.129113
vn -0.169134 -0.836918 -0.520539
vn 0.287659 -0.430886 -0.855330
vn 0.429224 -0.005248 -0.903183
vn -0.309018 -0.008099 -0.951022
vn -0.735465 -0.430895 -0.522896
vn -0.878126 -0.005254 -0.478401
vn 0.169136 -0.836918 -0.520540
vn 0.735469 -0.430888 -0.522896
vn 0.878129 -0.005238 -0.478396
vn 0.309000 -0.008089 -0.951028
vn -0.287665 -0.430883 -0.855330
vn -0.429231 -0.005247 -0.903179
vn 0.442793 -0.836922 -0.321708
vn 0.902357 -0.430890 0.009268
vn 0.991616 -0.005249 0.129115
vn 0.808985 -0.008094 -0.587773
vn 0.270030 -0.430894 -0.861054
vn 0.183623 -0.005240 -0.982983
vn 0.724578 -0.430884 0.537891
vn 0.726339 -0.005249 0.687316
vn 0.220782 -0.974378 -0.042938
vn 0.075547 -0.996834 -0.024810
vn 0.039689 -0.999212 -0.000000
vn 0.165909 -0.984666 0.053908
vn 0.020589 -0.999766 0.006690
vn -0.000000 -1.000000 0.000000
vn 0.149023 -0.972082 0.181245
vn 0.044247 -0.996170 0.075418
vn 0.034683 -0.999073 0.025498
vn 0.216476 -0.972571 0.085109
vn 0.085574 -0.996158 0.018589
vn 0.102535 -0.984667 0.141130
vn 0.012725 -0.999766 0.017514
vn 0.014053 -0.972572 0.232179
vn -0.008762 -0.996159 0.087129
vn 0.013534 -0.999073 0.040865
vn 0.126324 -0.972082 0.197736
vn 0.058053 -0.996170 0.065388
vn 0.000002 -0.984667 0.174446
vn 0.000000 -0.999766 0.021647
vn -0.109056 -0.974378 0.196709
vn -0.046940 -0.996834 0.064184
vn -0.012264 -0.999212 0.037746
vn -0.027393 -0.974377 0.223247
vn 0.000250 -0.996833 0.079520
vn -0.102537 -0.984667 0.141130
vn -0.012725 -0.999766 0.017513
vn -0.203853 -0.974378 0.095038
vn -0.075701 -0.996834 0.024332
vn -0.032108 -0.999212 0.023327
vn -0.153380 -0.974378 0.164507
vn -0.046537 -0.996834 0.064477
vn -0.165907 -0.984667 0.053909
vn -0.020589 -0.999766 0.006690
vn -0.220783 -0.974378 -0.042933
vn -0.075548 -0.996834 -0.024810
vn -0.039688 -0.999212 0.000001
vn -0.220783 -0.974378 0.042934
vn -0.075547 -0.996834 0.024812
vn -0.165906 -0.984667 -0.053907
vn -0.020589 -0.999766 -0.006686
vn -0.153383 -0.974376 -0.164512
vn -0.046536 -0.996834 -0.064477
vn -0.032109 -0.999212 -0.023328
vn -0.203856 -0.974377 -0.095041
vn -0.075701 -0.996834 -0.024338
vn -0.102535 -0.984667 -0.141131
vn -0.012724 -0.999766 -0.017514
vn -0.027389 -0.974377 -0.223249
vn 0.000250 -0.996833 -0.079519
vn -0.012264 -0.999212 -0.037745
vn -0.109063 -0.974376 -0.196714
vn -0.046943 -0.996834 -0.064184
vn 0.000000 -0.984667 -0.174445
vn -0.000000 -0.999766 -0.021648
vn 0.109063 -0.974377 -0.196711
vn 0.046938 -0.996834 -0.064184
vn 0.012266 -0.999212 -0.037748
vn 0.027392 -0.974377 -0.223245
vn -0.000248 -0.996833 -0.079517
vn 0.102537 -0.984666 -0.141133
vn 0.012725 -0.999766 -0.017512
vn 0.203863 -0.974376 -0.095038
vn 0.075703 -0.996833 -0.024334
vn 0.032110 -0.999212 -0.023329
vn 0.153380 -0.974376 -0.164515
vn 0.046535 -0.996834 -0.064478
vn 0.165908 -0.984667 -0.053908
vn 0.020590 -0.999766 -0.006692
vn 0.220787 -0.974376 0.042939
vn 0.075550 -0.996833 0.024811
vn 0.062744 -0.920068 -0.386702
vn 0.274145 -0.884573 -0.377328
vn 0.348394 -0.920065 -0.179171
vn 0.278062 -0.920065 -0.275973
vn 0.443576 -0.884573 -0.144124
vn 0.387172 -0.920065 0.059823
vn 0.387167 -0.920067 -0.059823
vn 0.443580 -0.884571 0.144123
vn 0.272039 -0.917843 0.289065
vn 0.979008 0.137400 0.150547
vn 0.806826 0.590748 0.007011
vn 0.304847 0.951870 0.031817
vn 0.077812 0.991199 0.107100
vn -0.242651 0.590771 0.769487
vn -0.063933 0.951872 0.299754
vn -0.159364 0.137415 0.977610
vn 0.190855 -0.917843 0.348049
vn 0.000001 -0.884574 0.466401
vn -0.176535 -0.920067 0.349732
vn -0.062747 -0.920067 0.386703
vn -0.274144 -0.884574 0.377326
vn -0.348388 -0.920066 0.179177
vn -0.278061 -0.920068 0.275965
vn -0.443573 -0.884573 0.144130
vn -0.387169 -0.920066 -0.059818
vn -0.387171 -0.920065 0.059822
vn -0.443575 -0.884572 -0.144133
vn -0.278064 -0.920064 -0.275975
vn -0.348386 -0.920067 -0.179174
vn -0.274137 -0.884576 -0.377326
vn -0.062744 -0.920065 -0.386709
vn -0.176538 -0.920066 -0.349734
vn 0.000003 -0.884574 -0.466399
vn 0.176537 -0.920068 -0.349729
vn 0.351452 -0.921131 0.167332
vn 0.266771 -0.891072 0.367185
vn 0.050541 -0.921129 0.385962
s 1
g pCylinder15
usemtl standardSurface9SG
f 1094/1621/1371 1233/1622/1372 1286/1623/1373 1235/1624/1374
f 1095/1627/1375 1234/1628/1376 1286/1623/1373 1233/1622/1372
f 1096/1629/1377 1235/1624/1374 1286/1623/1373 1234/1628/1376
f 1095/1627/1375 1236/1635/1378 1287/1636/1379 1234/1628/1376
f 1097/1643/1380 1237/1638/1381 1287/1636/1379 1236/1635/1378
f 1096/1629/1377 1234/1628/1376 1287/1636/1379 1237/1638/1381
f 1097/1643/1380 1238/1650/1382 1288/1646/1383 1237/1638/1381
f 1098/1654/1384 1239/1647/1385 1288/1646/1383 1238/1650/1382
f 1096/1629/1377 1237/1638/1381 1288/1646/1383 1239/1647/1385
f 1098/1654/1384 1240/1665/1386 1289/1655/1387 1239/1647/1385
f 1099/1667/1388 1241/1656/1389 1289/1655/1387 1240/1665/1386
f 1096/1629/1377 1239/1647/1385 1289/1655/1387 1241/1656/1389
f 1099/1667/1388 1242/1680/1390 1290/1668/1391 1241/1656/1389
f 1100/1682/1392 1243/1669/1393 1290/1668/1391 1242/1680/1390
f 1096/1629/1377 1241/1656/1389 1290/1668/1391 1243/1669/1393
f 1100/1682/1392 1244/1694/1394 1291/1683/1395 1243/1669/1393
f 1101/1696/1396 1245/1684/1397 1291/1683/1395 1244/1694/1394
f 1096/1629/1377 1243/1669/1393 1291/1683/1395 1245/1684/1397
f 1101/1696/1396 1246/1709/1398 1292/1697/1399 1245/1684/1397
f 1102/1711/1400 1247/1698/1401 1292/1697/1399 1246/1709/1398
f 1096/1629/1377 1245/1684/1397 1292/1697/1399 1247/1698/1401
f 1102/1711/1400 1248/1727/1402 1293/1712/1403 1247/1698/1401
f 1103/1729/1404 1249/1713/1405 1293/1712/1403 1248/1727/1402
f 1096/1629/1377 1247/1698/1401 1293/1712/1403 1249/1713/1405
f 1103/1729/1404 1250/1743/1406 1294/1730/1407 1249/1713/1405
f 1104/1745/1408 1251/1731/1409 1294/1730/1407 1250/1743/1406
f 1096/1629/1377 1249/1713/1405 1294/1730/1407 1251/1731/1409
f 1104/1745/1408 1252/1757/1410 1295/1746/1411 1251/1731/1409
f 1105/1759/1412 1253/1747/1413 1295/1746/1411 1252/1757/1410
f 1096/1629/1377 1251/1731/1409 1295/1746/1411 1253/1747/1413
f 1105/1759/1412 1254/1760/1414 1296/1748/1415 1253/1747/1413
f 1106/1749/1416 1255/1732/1417 1296/1748/1415 1254/1760/1414
f 1096/1629/1377 1253/1747/1413 1296/1748/1415 1255/1732/1417
f 1106/1749/1416 1256/1750/1418 1297/1733/1419 1255/1732/1417
f 1107/1734/1420 1257/1714/1421 1297/1733/1419 1256/1750/1418
f 1096/1629/1377 1255/1732/1417 1297/1733/1419 1257/1714/1421
f 1107/1734/1420 1258/1735/1422 1298/1715/1423 1257/1714/1421
f 1108/1716/1424 1259/1699/1425 1298/1715/1423 1258/1735/1422
f 1096/1629/1377 1257/1714/1421 1298/1715/1423 1259/1699/1425
f 1108/1716/1424 1260/1717/1426 1299/1700/1427 1259/1699/1425
f 1109/1701/1428 1261/1685/1429 1299/1700/1427 1260/1717/1426
f 1096/1629/1377 1259/1699/1425 1299/1700/1427 1261/1685/1429
f 1109/1701/1428 1262/1702/1430 1300/1686/1431 1261/1685/1429
f 1110/1687/1432 1263/1672/1433 1300/1686/1431 1262/1702/1430
f 1096/1629/1377 1261/1685/1429 1300/1686/1431 1263/1672/1433
f 1110/1687/1432 1264/1688/1434 1301/1673/1435 1263/1672/1433
f 1111/1674/1436 1265/1660/1437 1301/1673/1435 1264/1688/1434
f 1096/1629/1377 1263/1672/1433 1301/1673/1435 1265/1660/1437
f 1111/1674/1436 1266/1675/1438 1302/1661/1439 1265/1660/1437
f 1112/1662/1440 1267/1651/1441 1302/1661/1439 1266/1675/1438
f 1096/1629/1377 1265/1660/1437 1302/1661/1439 1267/1651/1441
f 1112/1662/1440 1268/1663/1442 1303/1652/1443 1267/1651/1441
f 1113/1653/1444 1269/1644/1445 1303/1652/1443 1268/1663/1442
f 1096/1629/1377 1267/1651/1441 1303/1652/1443 1269/1644/1445
f 1113/1653/1444 1270/1648/1446 1304/1645/1447 1269/1644/1445
f 1114/1639/1448 1271/1637/1449 1304/1645/1447 1270/1648/1446
f 1096/1629/1377 1269/1644/1445 1304/1645/1447 1271/1637/1449
f 1114/1639/1448 1272/1631/1450 1305/1630/1451 1271/1637/1449
f 1094/1621/1371 1235/1624/1374 1305/1630/1451 1272/1631/1450
f 1096/1629/1377 1271/1637/1449 1305/1630/1451 1235/1624/1374
f 1083/1670/1452 1273/1658/1453 1306/1657/1454 1274/1664/1455
f 1114/1639/1448 1270/1648/1446 1306/1657/1454 1273/1658/1453
f 1113/1653/1444 1274/1664/1455 1306/1657/1454 1270/1648/1446
f 1112/1662/1440 1275/1676/1456 1307/1677/1457 1268/1663/1442
f 1083/1670/1452 1274/1664/1455 1307/1677/1457 1275/1676/1456
f 1113/1653/1444 1268/1663/1442 1307/1677/1457 1274/1664/1455
f 1082/1543/1458 1276/1546/1459 1308/1552/1460 1278/1553/1461
f 1119/1551/1462 1277/1556/1463 1308/1552/1460 1276/1546/1459
f 1120/1705/1464 1278/1723/1461 1308/1724/1460 1277/1706/1463
f 1120/1705/1464 1279/1722/1465 1309/1740/1466 1278/1723/1461
f 1121/1721/1467 1280/1739/1468 1309/1740/1466 1279/1722/1465
f 1082/1754/1458 1278/1723/1461 1309/1740/1466 1280/1739/1468
f 1081/1738/1469 1281/1720/1470 1310/1719/1471 1282/1718/1472
f 1110/1687/1432 1262/1702/1430 1310/1719/1471 1281/1720/1470
f 1109/1701/1428 1282/1718/1472 1310/1719/1471 1262/1702/1430
f 1108/1716/1424 1283/1736/1473 1311/1737/1474 1260/1717/1426
f 1081/1738/1469 1282/1718/1472 1311/1737/1474 1283/1736/1473
f 1109/1701/1428 1260/1717/1426 1311/1737/1474 1282/1718/1472
f 1080/1763/1475 1284/1753/1476 1312/1752/1477 1285/1751/1478
f 1108/1716/1424 1258/1735/1422 1312/1752/1477 1284/1753/1476
f 1107/1734/1420 1285/1751/1478 1312/1752/1477 1258/1735/1422
f 1106/1749/1416 1129/1761/1479 1313/1762/1480 1256/1750/1418
f 1080/1578/1475 1285/1581/1478 1313/1582/1480 1129/1579/1479
f 1107/1734/1420 1256/1750/1418 1313/1762/1480 1285/1751/1478
f 1079/1769/1481 1130/1768/1482 1314/1767/1483 1131/1766/1484
f 1106/1749/1416 1254/1760/1414 1314/1767/1483 1130/1768/1482
f 1105/1759/1412 1131/1766/1484 1314/1767/1483 1254/1760/1414
f 1104/1745/1408 1132/1764/1485 1315/1765/1486 1252/1757/1410
f 1079/1769/1481 1131/1766/1484 1315/1765/1486 1132/1764/1485
f 1105/1759/1412 1252/1757/1410 1315/1765/1486 1131/1766/1484
f 1078/1755/1487 1133/1758/1488 1316/1756/1489 1134/1744/1490
f 1104/1745/1408 1250/1743/1406 1316/1756/1489 1133/1758/1488
f 1103/1729/1404 1134/1744/1490 1316/1756/1489 1250/1743/1406
f 1102/1711/1400 1135/1741/1491 1317/1742/1492 1248/1727/1402
f 1078/1755/1487 1134/1744/1490 1317/1742/1492 1135/1741/1491
f 1103/1729/1404 1248/1727/1402 1317/1742/1492 1134/1744/1490
f 1077/1585/1493 1136/1588/1494 1318/1594/1495 1137/1595/1496
f 1102/1711/1400 1246/1709/1398 1318/1726/1495 1136/1728/1494
f 1101/1696/1396 1137/1710/1496 1318/1726/1495 1246/1709/1398
f 1100/1682/1392 1138/1707/1497 1319/1708/1498 1244/1694/1394
f 1077/1725/1493 1137/1710/1496 1319/1708/1498 1138/1707/1497
f 1101/1696/1396 1244/1694/1394 1319/1708/1498 1137/1710/1496
f 1076/1692/1499 1139/1695/1500 1320/1693/1501 1140/1681/1502
f 1100/1682/1392 1242/1680/1390 1320/1693/1501 1139/1695/1500
f 1099/1667/1388 1140/1681/1502 1320/1693/1501 1242/1680/1390
f 1098/1654/1384 1141/1678/1503 1321/1679/1504 1240/1665/1386
f 1076/1692/1499 1140/1681/1502 1321/1679/1504 1141/1678/1503
f 1099/1667/1388 1240/1665/1386 1321/1679/1504 1140/1681/1502
f 1075/1671/1505 1142/1666/1506 1322/1659/1507 1143/1649/1508
f 1098/1654/1384 1238/1650/1382 1322/1659/1507 1142/1666/1506
f 1097/1643/1380 1143/1649/1508 1322/1659/1507 1238/1650/1382
f 1095/1627/1375 1144/1641/1509 1323/1642/1510 1236/1635/1378
f 1075/1614/1505 1143/1617/1508 1323/1618/1510 1144/1615/1509
f 1097/1643/1380 1236/1635/1378 1323/1642/1510 1143/1649/1508
f 1074/1633/1511 1145/1634/1512 1324/1626/1513 1146/1625/1514
f 1095/1627/1375 1233/1622/1372 1324/1626/1513 1145/1634/1512
f 1094/1621/1371 1146/1625/1514 1324/1626/1513 1233/1622/1372
f 1114/1639/1448 1147/1640/1515 1325/1632/1516 1272/1631/1450
f 1074/1633/1511 1146/1625/1514 1325/1632/1516 1147/1640/1515
f 1094/1621/1371 1272/1631/1450 1325/1632/1516 1146/1625/1514
f 1083/1992/1452 1148/1990/1517 1326/1989/1518 1273/1991/1453
f 1089/1982/1519 1149/1985/1520 1326/1989/1518 1148/1990/1517
f 1114/1988/1448 1273/1991/1453 1326/1989/1518 1149/1985/1520
f 1088/1911/1521 1150/1912/1522 1327/1913/1523 1151/1914/1524
f 1083/1915/1452 1275/1916/1456 1327/1913/1523 1150/1912/1522
f 1112/1917/1440 1151/1914/1524 1327/1913/1523 1275/1916/1456
f 1082/1543/1458 1152/1544/1525 1328/1545/1526 1276/1546/1459
f 1088/1549/1521 1153/1550/1527 1328/1545/1526 1152/1544/1525
f 1119/1551/1462 1276/1546/1459 1328/1545/1526 1153/1550/1527
f 1087/1924/1528 1154/1921/1529 1329/1920/1530 1155/1923/1531
f 1082/1918/1458 1280/1919/1468 1329/1920/1530 1154/1921/1529
f 1121/1922/1467 1155/1923/1531 1329/1920/1530 1280/1919/1468
f 1081/1560/1469 1156/1561/1532 1330/1562/1533 1281/1563/1470
f 1087/1564/1528 1157/1565/1534 1330/1562/1533 1156/1561/1532
f 1110/1566/1432 1281/1563/1470 1330/1562/1533 1157/1565/1534
f 1086/1567/1535 1158/1568/1536 1331/1569/1537 1159/1570/1538
f 1081/1571/1469 1283/1572/1473 1331/1569/1537 1158/1568/1536
f 1108/1573/1424 1159/1570/1538 1331/1569/1537 1283/1572/1473
f 1080/1929/1475 1160/1930/1539 1332/1931/1540 1284/1932/1476
f 1086/1933/1535 1159/1934/1538 1332/1931/1540 1160/1930/1539
f 1108/1935/1424 1284/1932/1476 1332/1931/1540 1159/1934/1538
f 1085/1574/1541 1161/1575/1542 1333/1576/1543 1162/1577/1544
f 1080/1578/1475 1129/1579/1479 1333/1576/1543 1161/1575/1542
f 1106/1580/1416 1162/1577/1544 1333/1576/1543 1129/1579/1479
f 1079/1936/1481 1163/1937/1545 1334/1938/1546 1130/1939/1482
f 1085/1940/1541 1162/1941/1544 1334/1938/1546 1163/1937/1545
f 1106/1942/1416 1130/1939/1482 1334/1938/1546 1162/1941/1544
f 1084/1971/1547 1164/1972/1548 1335/1973/1549 1165/1974/1550
f 1079/1975/1481 1132/1976/1485 1335/1973/1549 1164/1972/1548
f 1104/1977/1408 1165/1974/1550 1335/1973/1549 1132/1976/1485
f 1078/1981/1487 1166/1979/1551 1336/1978/1552 1133/1980/1488
f 1084/1971/1547 1165/1974/1550 1336/1978/1552 1166/1979/1551
f 1104/1977/1408 1133/1980/1488 1336/1978/1552 1165/1974/1550
f 1093/1943/1553 1167/1944/1554 1337/1945/1555 1168/1946/1556
f 1078/1947/1487 1135/1948/1491 1337/1945/1555 1167/1944/1554
f 1102/1949/1400 1168/1946/1556 1337/1945/1555 1135/1948/1491
f 1077/1585/1493 1169/1586/1557 1338/1587/1558 1136/1588/1494
f 1093/1591/1553 1168/1592/1556 1338/1587/1558 1169/1586/1557
f 1102/1593/1400 1136/1588/1494 1338/1587/1558 1168/1592/1556
f 1092/1950/1559 1170/1951/1560 1339/1952/1561 1171/1953/1562
f 1077/1954/1493 1138/1955/1497 1339/1952/1561 1170/1951/1560
f 1100/1956/1392 1171/1953/1562 1339/1952/1561 1138/1955/1497
f 1076/1596/1499 1172/1597/1563 1340/1598/1564 1139/1599/1500
f 1092/1600/1559 1171/1601/1562 1340/1598/1564 1172/1597/1563
f 1100/1602/1392 1139/1599/1500 1340/1598/1564 1171/1601/1562
f 1091/1603/1565 1173/1604/1566 1341/1605/1567 1174/1606/1568
f 1076/1607/1499 1141/1608/1503 1341/1605/1567 1173/1604/1566
f 1098/1609/1384 1174/1606/1568 1341/1605/1567 1141/1608/1503
f 1075/1957/1505 1175/1958/1569 1342/1959/1570 1142/1960/1506
f 1091/1961/1565 1174/1962/1568 1342/1959/1570 1175/1958/1569
f 1098/1963/1384 1142/1960/1506 1342/1959/1570 1174/1962/1568
f 1090/1610/1571 1176/1611/1572 1343/1612/1573 1177/1613/1574
f 1075/1614/1505 1144/1615/1509 1343/1612/1573 1176/1611/1572
f 1095/1616/1375 1177/1613/1574 1343/1612/1573 1144/1615/1509
f 1074/1964/1511 1178/1965/1575 1344/1966/1576 1145/1967/1512
f 1090/1968/1571 1177/1969/1574 1344/1966/1576 1178/1965/1575
f 1095/1970/1375 1145/1967/1512 1344/1966/1576 1177/1969/1574
f 1089/1982/1519 1179/1983/1577 1345/1984/1578 1149/1985/1520
f 1074/1986/1511 1147/1987/1515 1345/1984/1578 1179/1983/1577
f 1114/1988/1448 1149/1985/1520 1345/1984/1578 1147/1987/1515
f 1089/1770/1519 1180/1771/1579 1346/1772/1580 1182/1773/1581
f 1118/1776/1582 1181/1777/1583 1346/1772/1580 1180/1771/1579
f 1115/1778/1584 1182/1773/1581 1346/1772/1580 1181/1777/1583
f 1118/1776/1582 1183/1783/1585 1347/1784/1586 1181/1777/1583
f 1088/1792/1521 1184/1786/1587 1347/1784/1586 1183/1783/1585
f 1115/1778/1584 1181/1777/1583 1347/1784/1586 1184/1786/1587
f 1088/1792/1521 1185/1800/1588 1348/1795/1589 1184/1786/1587
f 1128/1804/1590 1186/1796/1591 1348/1795/1589 1185/1800/1588
f 1115/1778/1584 1184/1786/1587 1348/1795/1589 1186/1796/1591
f 1128/1804/1590 1187/1815/1592 1349/1805/1593 1186/1796/1591
f 1087/1817/1528 1188/1806/1594 1349/1805/1593 1187/1815/1592
f 1115/1778/1584 1186/1796/1591 1349/1805/1593 1188/1806/1594
f 1087/1817/1528 1189/1828/1595 1350/1818/1596 1188/1806/1594
f 1122/1830/1597 1190/1819/1598 1350/1818/1596 1189/1828/1595
f 1115/1778/1584 1188/1806/1594 1350/1818/1596 1190/1819/1598
f 1122/1830/1597 1191/1842/1599 1351/1831/1600 1190/1819/1598
f 1086/1844/1535 1192/1832/1601 1351/1831/1600 1191/1842/1599
f 1115/1778/1584 1190/1819/1598 1351/1831/1600 1192/1832/1601
f 1086/1844/1535 1193/1857/1602 1352/1845/1603 1192/1832/1601
f 1123/1859/1604 1194/1846/1605 1352/1845/1603 1193/1857/1602
f 1115/1778/1584 1192/1832/1601 1352/1845/1603 1194/1846/1605
f 1123/1859/1604 1195/1871/1606 1353/1860/1607 1194/1846/1605
f 1085/1873/1541 1196/1861/1608 1353/1860/1607 1195/1871/1606
f 1115/1778/1584 1194/1846/1605 1353/1860/1607 1196/1861/1608
f 1085/1873/1541 1197/1885/1609 1354/1874/1610 1196/1861/1608
f 1124/1887/1611 1198/1875/1612 1354/1874/1610 1197/1885/1609
f 1115/1778/1584 1196/1861/1608 1354/1874/1610 1198/1875/1612
f 1124/1887/1611 1199/1898/1613 1355/1888/1614 1198/1875/1612
f 1084/1900/1547 1200/1889/1615 1355/1888/1614 1199/1898/1613
f 1115/1778/1584 1198/1875/1612 1355/1888/1614 1200/1889/1615
f 1084/1900/1547 1201/1901/1616 1356/1890/1617 1200/1889/1615
f 1125/1891/1618 1202/1876/1619 1356/1890/1617 1201/1901/1616
f 1115/1778/1584 1200/1889/1615 1356/1890/1617 1202/1876/1619
f 1125/1891/1618 1203/1892/1620 1357/1877/1621 1202/1876/1619
f 1093/1878/1553 1204/1862/1622 1357/1877/1621 1203/1892/1620
f 1115/1778/1584 1202/1876/1619 1357/1877/1621 1204/1862/1622
f 1093/1878/1553 1205/1879/1623 1358/1863/1624 1204/1862/1622
f 1126/1864/1625 1206/1847/1626 1358/1863/1624 1205/1879/1623
f 1115/1778/1584 1204/1862/1622 1358/1863/1624 1206/1847/1626
f 1126/1864/1625 1207/1865/1627 1359/1848/1628 1206/1847/1626
f 1092/1849/1559 1208/1833/1629 1359/1848/1628 1207/1865/1627
f 1115/1778/1584 1206/1847/1626 1359/1848/1628 1208/1833/1629
f 1092/1849/1559 1209/1850/1630 1360/1834/1631 1208/1833/1629
f 1127/1835/1632 1210/1820/1633 1360/1834/1631 1209/1850/1630
f 1115/1778/1584 1208/1833/1629 1360/1834/1631 1210/1820/1633
f 1127/1835/1632 1211/1836/1634 1361/1821/1635 1210/1820/1633
f 1091/1822/1565 1212/1811/1636 1361/1821/1635 1211/1836/1634
f 1115/1778/1584 1210/1820/1633 1361/1821/1635 1212/1811/1636
f 1091/1822/1565 1213/1823/1637 1362/1812/1638 1212/1811/1636
f 1116/1813/1639 1214/1801/1640 1362/1812/1638 1213/1823/1637
f 1115/1778/1584 1212/1811/1636 1362/1812/1638 1214/1801/1640
f 1116/1813/1639 1215/1814/1641 1363/1802/1642 1214/1801/1640
f 1090/1803/1571 1216/1793/1643 1363/1802/1642 1215/1814/1641
f 1115/1778/1584 1214/1801/1640 1363/1802/1642 1216/1793/1643
f 1090/1803/1571 1217/1798/1644 1364/1794/1645 1216/1793/1643
f 1117/1787/1646 1218/1785/1647 1364/1794/1645 1217/1798/1644
f 1115/1778/1584 1216/1793/1643 1364/1794/1645 1218/1785/1647
f 1117/1787/1646 1219/1780/1648 1365/1779/1649 1218/1785/1647
f 1089/1770/1519 1182/1773/1581 1365/1779/1649 1219/1780/1648
f 1115/1778/1584 1218/1785/1647 1365/1779/1649 1182/1773/1581
f 1091/1822/1565 1175/1837/1569 1366/1838/1650 1213/1823/1637
f 1075/1854/1505 1220/1824/1651 1366/1838/1650 1175/1837/1569
f 1116/1813/1639 1213/1823/1637 1366/1838/1650 1220/1824/1651
f 1075/1614/1505 1176/1611/1572 1367/1619/1652 1220/1620/1651
f 1090/1803/1571 1215/1814/1641 1367/1825/1652 1176/1826/1572
f 1116/1813/1639 1220/1824/1651 1367/1825/1652 1215/1814/1641
f 1090/1803/1571 1178/1808/1575 1368/1807/1653 1217/1798/1644
f 1074/1799/1511 1221/1797/1654 1368/1807/1653 1178/1808/1575
f 1117/1787/1646 1217/1798/1644 1368/1807/1653 1221/1797/1654
f 1074/1799/1511 1179/1789/1577 1369/1788/1655 1221/1797/1654
f 1089/1770/1519 1219/1780/1648 1369/1788/1655 1179/1789/1577
f 1117/1787/1646 1221/1797/1654 1369/1788/1655 1219/1780/1648
f 1089/1770/1519 1148/1774/1517 1370/1775/1656 1180/1771/1579
f 1083/1781/1452 1222/1782/1657 1370/1775/1656 1148/1774/1517
f 1118/1776/1582 1180/1771/1579 1370/1775/1656 1222/1782/1657
f 1083/1781/1452 1150/1790/1522 1371/1791/1658 1222/1782/1657
f 1088/1792/1521 1183/1783/1585 1371/1791/1658 1150/1790/1522
f 1118/1776/1582 1222/1782/1657 1371/1791/1658 1183/1783/1585
f 1119/1551/1462 1153/1550/1527 1372/1555/1659 1223/1557/1660
f 1088/1549/1521 1151/1554/1524 1372/1555/1659 1153/1550/1527
f 1112/1558/1440 1223/1557/1660 1372/1555/1659 1151/1554/1524
f 1120/1705/1464 1277/1706/1463 1373/1690/1661 1224/1689/1662
f 1277/1556/1463 1119/1551/1462 1223/1557/1660 1373/1559/1661
f 1373/1690/1661 1223/1691/1660 1112/1662/1440 1266/1675/1438
f 1224/1689/1662 1373/1690/1661 1266/1675/1438 1111/1674/1436
f 1110/1687/1432 1225/1703/1663 1374/1704/1664 1264/1688/1434
f 1225/1703/1663 1121/1721/1467 1279/1722/1465 1374/1704/1664
f 1374/1704/1664 1279/1722/1465 1120/1705/1464 1224/1689/1662
f 1264/1688/1434 1374/1704/1664 1224/1689/1662 1111/1674/1436
f 1087/1924/1528 1155/1923/1531 1375/1926/1665 1157/1927/1534
f 1121/1922/1467 1225/1925/1663 1375/1926/1665 1155/1923/1531
f 1110/1928/1432 1157/1927/1534 1375/1926/1665 1225/1925/1663
f 1087/1817/1528 1156/1840/1532 1376/1841/1666 1189/1828/1595
f 1081/1855/1469 1226/1843/1667 1376/1841/1666 1156/1840/1532
f 1122/1830/1597 1189/1828/1595 1376/1841/1666 1226/1843/1667
f 1081/1855/1469 1158/1858/1536 1377/1856/1668 1226/1843/1667
f 1086/1844/1535 1191/1842/1599 1377/1856/1668 1158/1858/1536
f 1122/1830/1597 1226/1843/1667 1377/1856/1668 1191/1842/1599
f 1086/1844/1535 1160/1869/1539 1378/1870/1669 1193/1857/1602
f 1080/1883/1475 1227/1872/1670 1378/1870/1669 1160/1869/1539
f 1123/1859/1604 1193/1857/1602 1378/1870/1669 1227/1872/1670
f 1080/1578/1475 1161/1575/1542 1379/1583/1671 1227/1584/1670
f 1085/1873/1541 1195/1871/1606 1379/1884/1671 1161/1886/1542
f 1123/1859/1604 1227/1872/1670 1379/1884/1671 1195/1871/1606
f 1085/1873/1541 1163/1896/1545 1380/1897/1672 1197/1885/1609
f 1079/1905/1481 1228/1899/1673 1380/1897/1672 1163/1896/1545
f 1124/1887/1611 1197/1885/1609 1380/1897/1672 1228/1899/1673
f 1079/1905/1481 1164/1907/1548 1381/1906/1674 1228/1899/1673
f 1084/1900/1547 1199/1898/1613 1381/1906/1674 1164/1907/1548
f 1124/1887/1611 1228/1899/1673 1381/1906/1674 1199/1898/1613
f 1084/1900/1547 1166/1908/1551 1382/1909/1675 1201/1901/1616
f 1078/1910/1487 1229/1902/1676 1382/1909/1675 1166/1908/1551
f 1125/1891/1618 1201/1901/1616 1382/1909/1675 1229/1902/1676
f 1078/1910/1487 1167/1904/1554 1383/1903/1677 1229/1902/1676
f 1093/1878/1553 1203/1892/1620 1383/1903/1677 1167/1904/1554
f 1125/1891/1618 1229/1902/1676 1383/1903/1677 1203/1892/1620
f 1093/1878/1553 1169/1893/1557 1384/1894/1678 1205/1879/1623
f 1077/1585/1493 1230/1589/1679 1384/1590/1678 1169/1586/1557
f 1126/1864/1625 1205/1879/1623 1384/1894/1678 1230/1880/1679
f 1077/1895/1493 1170/1882/1560 1385/1881/1680 1230/1880/1679
f 1092/1849/1559 1207/1865/1627 1385/1881/1680 1170/1882/1560
f 1126/1864/1625 1230/1880/1679 1385/1881/1680 1207/1865/1627
f 1092/1849/1559 1172/1866/1563 1386/1867/1681 1209/1850/1630
f 1076/1868/1499 1231/1851/1682 1386/1867/1681 1172/1866/1563
f 1127/1835/1632 1209/1850/1630 1386/1867/1681 1231/1851/1682
f 1076/1868/1499 1173/1853/1566 1387/1852/1683 1231/1851/1682
f 1091/1822/1565 1211/1836/1634 1387/1852/1683 1173/1853/1566
f 1127/1835/1632 1231/1851/1682 1387/1852/1683 1211/1836/1634
f 1088/1792/1521 1152/1809/1525 1388/1810/1684 1185/1800/1588
f 1082/1543/1458 1232/1547/1685 1388/1548/1684 1152/1544/1525
f 1128/1804/1590 1185/1800/1588 1388/1810/1684 1232/1816/1685
f 1082/1839/1458 1154/1829/1529 1389/1827/1686 1232/1816/1685
f 1087/1817/1528 1187/1815/1592 1389/1827/1686 1154/1829/1529
f 1128/1804/1590 1232/1816/1685 1389/1827/1686 1187/1815/1592
