# This file uses centimeters as units for non-parametric coordinates.

mtllib people_obj.mtl
g default
v -114.100807 235.123947 293.799774
v -114.483513 235.123947 292.731995
v -115.079582 235.123947 291.876495
v -117.426262 235.123947 291.319031
v -120.567352 235.123947 291.105347
v -123.708443 235.123947 291.319031
v -126.055122 235.123947 291.876495
v -126.651192 235.123947 292.731995
v -127.033897 235.123947 293.799774
v -127.165771 235.123947 294.971558
v -127.033897 235.123947 296.132141
v -126.651192 235.123947 297.170471
v -126.055115 235.123947 297.989410
v -125.304024 235.123947 298.513275
v -120.567352 235.123947 298.598846
v -115.830688 235.123947 298.513275
v -115.079590 235.123947 297.989410
v -114.483513 235.123947 297.170471
v -114.100807 235.123947 296.132141
v -113.968933 235.123947 294.971558
v -111.591324 236.200073 292.509308
v -112.353493 236.200073 290.371765
v -113.534882 236.200073 288.642059
v -116.456055 236.200073 287.520386
v -120.567352 236.200073 287.129608
v -124.678650 236.200073 287.520386
v -127.599823 236.200073 288.642059
v -128.781204 236.200073 290.371765
v -129.543381 236.200073 292.509308
v -129.803833 236.200073 294.831604
v -129.543381 236.200073 297.111328
v -128.786896 236.200073 299.137939
v -127.601944 236.200073 300.730988
v -126.116112 236.200073 301.749664
v -120.567352 236.200073 301.995392
v -115.018593 236.200073 301.749664
v -113.532761 236.200073 300.730988
v -112.347809 236.200073 299.137939
v -111.591324 236.200073 297.111328
v -111.330864 236.200073 294.831604
v -109.174500 237.964172 291.157898
v -110.324127 237.964172 287.978882
v -112.067200 237.964172 285.379425
v -115.534233 237.964172 283.684845
v -120.567352 237.964172 283.112366
v -125.600471 237.964172 283.684845
v -129.067505 237.964172 285.379425
v -130.810577 237.964172 287.978882
v -131.960205 237.964172 291.157898
v -132.354919 237.964172 294.579193
v -131.972382 237.964172 297.912354
v -130.836456 237.964172 300.863617
v -129.075882 237.964172 303.181610
v -126.887726 237.964172 304.666901
v -120.567352 237.964172 305.078033
v -114.246979 237.964172 304.666901
v -112.058823 237.964172 303.181610
v -110.298248 237.964172 300.863617
v -109.162323 237.964172 297.912354
v -108.779785 237.964172 294.579193
v -106.913475 240.372772 289.758148
v -108.436569 240.372772 285.597473
v -110.695267 240.372772 282.256226
v -113.534882 240.372772 280.017944
v -120.567352 240.372772 279.270386
v -127.599823 240.372772 280.017944
v -130.439438 240.372772 282.256226
v -132.698135 240.372772 285.597473
v -134.221222 240.372772 289.758148
v -134.790161 240.372772 294.195160
v -134.294342 240.372772 298.496216
v -132.749893 240.372772 302.300842
v -130.439560 240.372772 305.291962
v -127.599823 240.372772 307.217010
v -120.567352 240.372772 307.787781
v -113.534882 240.372772 307.217010
v -110.695145 240.372772 305.291962
v -108.384819 240.372772 302.300842
v -106.840370 240.372772 298.496216
v -106.344543 240.372772 294.195160
v -104.835304 243.366577 288.320679
v -106.685654 243.366592 283.454102
v -109.473473 243.366592 279.414764
v -112.899803 243.366592 276.742737
v -120.567352 243.366592 275.829956
v -128.234894 243.366592 276.742737
v -131.661224 243.366592 279.414795
v -134.449051 243.366592 283.454102
v -136.299393 243.366592 288.320679
v -137.076630 243.366592 293.664764
v -136.441422 243.366592 298.835938
v -134.486633 243.366592 303.413727
v -131.661224 243.366592 307.023224
v -128.234894 243.366592 309.360504
v -120.567352 243.366592 310.084656
v -112.899811 243.366592 309.360504
v -109.473480 243.366592 307.023224
v -106.648071 243.366592 303.413727
v -104.693283 243.366592 298.835938
v -104.058090 243.366592 293.664764
v -102.946808 246.871887 287.012848
v -105.134499 246.871887 281.483276
v -108.425026 246.871887 276.971039
v -112.357399 246.871887 273.934448
v -120.567352 246.871887 272.882172
v -128.777298 246.871887 273.936035
v -132.709671 246.871887 276.971039
v -136.000198 246.871887 281.483276
v -138.187897 246.871887 287.012848
v -139.159882 246.871887 292.988373
v -138.347397 246.871887 298.922241
v -136.000198 246.871887 304.182312
v -132.709671 246.871887 308.349091
v -128.777298 246.871887 311.066376
v -120.567352 246.871887 311.935455
v -112.357407 246.871887 311.066376
v -108.425034 246.871887 308.349091
v -105.134506 246.871887 304.182312
v -102.787323 246.871887 298.922241
v -101.974831 246.871887 292.988373
v -101.281258 250.802383 285.718628
v -103.890320 250.802383 279.847534
v -107.578064 250.802383 274.991547
v -111.921021 250.802383 271.669678
v -120.567352 250.802383 270.502930
v -129.213684 250.802383 271.669678
v -133.556641 250.802383 274.991547
v -137.244385 250.802383 279.847534
v -139.853439 250.802383 285.718628
v -140.946045 250.802383 292.210297
v -139.955658 250.802383 298.760925
v -137.244385 250.802383 304.603333
v -133.556641 250.802383 309.256073
v -129.213684 250.802383 312.311707
v -120.567352 250.802383 313.313110
v -111.921028 250.802383 312.311707
v -107.578072 250.802383 309.256073
v -103.890320 250.802383 304.603302
v -101.179062 250.802383 298.760925
v -100.188667 250.802383 292.210297
v -99.937881 255.061264 284.651764
v -102.958031 255.061264 278.601044
v -106.936096 255.061264 273.467285
v -111.585419 255.061264 269.880707
v -120.567352 255.061264 268.630310
v -129.549377 255.061264 269.879669
v -134.198608 255.061264 273.467285
v -138.176666 255.061264 278.601044
v -141.196808 255.061264 284.651764
v -142.427094 255.061264 291.431396
v -141.196808 255.061264 298.383148
v -138.176666 255.061264 304.691650
v -134.198608 255.061264 309.741486
v -129.549377 255.061264 313.080658
v -120.567352 255.061264 314.196777
v -111.585426 255.061264 313.080658
v -106.936104 255.061264 309.741486
v -102.958038 255.061264 304.691650
v -99.937897 255.061264 298.383118
v -98.707619 255.061264 291.431396
v -99.126366 259.543671 283.885315
v -102.295593 259.543671 277.613007
v -106.461197 259.543671 272.234344
v -111.340630 259.543671 268.473083
v -120.567352 259.543671 267.166901
v -129.794327 259.543671 268.470673
v -134.673508 259.543671 272.234344
v -138.839111 259.543671 277.613037
v -142.008331 259.543671 283.885315
v -143.538559 259.543671 290.615936
v -142.008331 259.543671 297.828369
v -138.839111 259.543671 304.466522
v -134.673508 259.543671 309.810883
v -129.794327 259.543671 313.363373
v -120.567352 259.543671 314.569183
v -111.340637 259.543671 313.363373
v -106.461205 259.543671 309.810883
v -102.295601 259.543671 304.466522
v -99.126381 259.543671 297.828369
v -97.596161 259.543671 290.615936
v -98.661964 264.139252 283.216278
v -101.890182 264.139252 276.764771
v -106.169533 264.139252 271.299835
v -111.199112 264.139252 267.497528
v -120.567352 264.139252 266.182434
v -129.935913 264.139252 267.495117
v -134.965179 264.139252 271.299866
v -139.244537 264.139252 276.764801
v -142.472763 264.139252 283.216278
v -144.212585 264.139252 290.062103
v -142.472763 264.139252 297.153961
v -139.244537 264.139252 303.959045
v -134.965179 264.139252 309.476105
v -129.935913 264.139252 313.154846
v -120.567352 264.139252 314.419067
v -111.199112 264.139252 313.154846
v -106.169540 264.139252 309.476105
v -101.890182 264.139252 303.959045
v -98.661980 264.139252 297.153961
v -96.922150 264.139252 290.062103
v -98.556557 268.734833 282.573334
v -101.765656 268.734833 276.163788
v -106.078918 268.734833 270.762726
v -111.178452 268.734833 267.031738
v -120.567352 268.734833 265.742554
v -129.956253 268.734833 267.030670
v -135.055786 268.734833 270.762726
v -139.369049 268.734833 276.163788
v -142.578140 268.734833 282.573364
v -144.252975 268.734833 289.470123
v -142.578140 268.734833 296.445251
v -139.369049 268.734833 303.196106
v -135.055786 268.734833 308.748749
v -129.956253 268.734833 312.453125
v -120.567352 268.734833 313.739471
v -111.178459 268.734833 312.453125
v -106.078926 268.734833 308.748749
v -101.765656 268.734833 303.196106
v -98.556564 268.734833 296.445251
v -96.881737 268.734833 289.470123
v -98.861267 273.217224 282.102173
v -101.971329 273.217224 275.876068
v -106.227402 273.217224 270.679688
v -111.296234 273.217224 267.118805
v -120.567352 273.217224 265.889648
v -129.838501 273.217224 267.119263
v -134.907349 273.217224 270.679688
v -139.163513 273.217224 275.876068
v -142.273636 273.217224 282.102142
v -143.827835 273.217224 288.849731
v -142.273636 273.217224 295.678375
v -139.163513 273.217224 302.091522
v -134.907349 273.217224 307.569183
v -129.838501 273.217224 311.208649
v -120.567352 273.217224 312.477875
v -111.296242 273.217224 311.208649
v -106.227409 273.217224 307.569183
v -101.971336 273.217224 302.091522
v -98.861282 273.217224 295.678375
v -97.307121 273.217224 288.849731
v -99.629669 277.476135 281.853821
v -102.560272 277.476135 275.960693
v -106.654144 277.476135 271.090027
v -111.570549 277.476135 267.791199
v -120.567352 277.476135 266.650818
v -129.564102 277.476135 267.791718
v -134.480637 277.476135 271.090057
v -138.574707 277.476135 275.960663
v -141.505035 277.476135 281.853821
v -142.896149 277.476135 288.279449
v -141.505035 277.476135 294.779846
v -138.574707 277.476135 300.818665
v -134.480637 277.476135 305.912476
v -129.564102 277.476135 309.380554
v -120.567352 277.476135 310.592590
v -111.570557 277.476135 309.380554
v -106.654152 277.476135 305.912476
v -102.560280 277.476135 300.818665
v -99.629677 277.476135 294.779846
v -98.238556 277.476135 288.279449
v -100.902367 281.406616 281.861420
v -103.575752 281.406616 276.450470
v -107.391327 281.406616 272.023621
v -112.014999 281.406616 269.058441
v -120.567352 281.406616 268.034454
v -129.119720 281.406616 269.056335
v -133.743378 281.406616 272.023621
v -137.558945 281.406616 276.450470
v -140.232330 281.406616 281.861420
v -141.432144 281.406616 287.793701
v -140.232330 281.406616 293.789185
v -137.558945 281.406616 299.338593
v -133.743362 281.406616 303.926147
v -129.119720 281.406616 307.043976
v -120.567352 281.406616 308.160248
v -112.015007 281.406616 307.043976
v -107.391335 281.406616 303.926147
v -103.575760 281.406616 299.338593
v -100.902374 281.406616 293.789185
v -99.702568 281.406616 287.793701
v -102.694099 284.911926 282.135559
v -105.038811 284.911926 277.352234
v -108.456009 284.911926 273.475830
v -112.635262 284.911926 270.900238
v -120.567352 284.911926 270.017273
v -128.499603 284.911926 270.900238
v -132.678696 284.911926 273.475830
v -136.095886 284.911926 277.352234
v -138.440598 284.911926 282.135559
v -139.434509 284.911926 287.404663
v -138.440598 284.911926 292.719757
v -136.095886 284.911926 297.621033
v -132.678696 284.911926 301.642212
v -128.499603 284.911926 304.339233
v -120.567352 284.911926 305.280212
v -112.635269 284.911926 304.339233
v -108.456009 284.911926 301.642212
v -105.038818 284.911926 297.621033
v -102.694107 284.911926 292.720917
v -101.700195 284.911926 287.404663
v -104.986702 287.905731 282.666534
v -106.940224 287.905731 278.644653
v -109.843826 287.905731 275.412506
v -113.426231 287.905731 273.284485
v -120.567352 287.905731 272.563049
v -127.708778 287.905731 273.284485
v -131.290878 287.905731 275.412537
v -134.194473 287.905731 278.644653
v -136.147995 287.905731 282.666534
v -136.931824 287.905731 287.109528
v -136.147995 287.905731 291.586548
v -134.194473 287.905731 295.695374
v -131.290878 287.905731 299.040741
v -127.708771 287.905731 301.262207
v -120.567352 287.905731 302.040802
v -113.426231 287.905731 301.262207
v -109.843834 287.905731 299.040741
v -106.940231 287.905731 295.695374
v -104.986710 287.905731 291.586548
v -104.202881 287.905731 287.109528
v -107.728897 290.314331 283.427612
v -109.241165 290.314331 280.291748
v -111.526222 290.314331 277.782440
v -116.049583 290.314331 276.134979
v -120.567352 290.314331 275.598389
v -125.085121 290.314331 276.134979
v -129.608475 290.314331 277.782440
v -131.893539 290.314331 280.291748
v -133.405807 290.314331 283.427612
v -133.982513 290.314331 286.902252
v -133.405807 290.314331 290.397614
v -131.893539 290.314331 293.593506
v -129.608475 290.314331 296.176697
v -125.085121 290.314331 297.897217
v -120.567352 290.314331 298.472229
v -116.049583 290.314331 297.897217
v -111.526230 290.314331 296.176697
v -109.241173 290.314331 293.593506
v -107.728897 290.314331 290.397614
v -107.152191 290.314331 286.902252
v -110.840553 292.078430 284.382294
v -111.872284 292.078430 282.227936
v -114.994049 292.078430 280.511139
v -117.366043 292.078430 279.393463
v -120.567352 292.078430 279.042419
v -123.768661 292.078430 279.396606
v -126.140648 292.078430 280.511139
v -129.262421 292.078430 282.226410
v -130.294144 292.078430 284.382294
v -130.669952 292.078430 286.772247
v -130.294144 292.078430 289.173706
v -129.262421 292.078430 291.358917
v -126.140648 292.078430 293.123474
v -123.768661 292.078430 294.283936
v -120.567352 292.078430 294.656982
v -117.366051 292.078430 294.283905
v -114.994057 292.078430 293.123474
v -111.872284 292.078430 291.358887
v -110.840561 292.078430 289.173706
v -110.464752 292.078430 286.772247
v -115.951553 293.154572 285.490509
v -116.575554 293.154572 284.392365
v -117.550278 293.154572 283.517456
v -118.779251 293.154572 282.954987
v -120.567352 293.154572 282.776611
v -122.355453 293.154572 282.958740
v -123.584427 293.154572 283.517456
v -124.559151 293.154572 284.392365
v -125.183151 293.154572 285.490509
v -125.400368 293.154572 286.713135
v -125.183151 293.154572 287.939087
v -124.559151 293.154572 289.054321
v -123.584427 293.154572 289.943390
v -122.355453 293.154572 290.525726
v -120.567352 293.154572 290.693390
v -118.779251 293.154572 290.525726
v -117.550285 293.154572 289.943390
v -116.575562 293.154572 289.054321
v -115.951553 293.154572 287.939087
v -115.734337 293.154572 286.713135
v -120.567352 234.762268 294.951538
v -120.567352 293.516235 286.697571
v -81.480553 214.423233 272.032654
v -87.318138 214.423233 267.769012
v -96.410378 214.423233 264.383698
v -107.867279 214.423233 262.209961
v -120.567352 214.423233 261.461243
v -133.267426 214.423233 262.209961
v -144.724319 214.423233 264.383698
v -153.816559 214.423233 267.769012
v -159.654144 214.423233 272.032654
v -161.665634 214.423233 276.756470
v -159.654144 214.423233 281.479401
v -153.816559 214.423233 285.737793
v -144.724319 214.423233 289.115601
v -133.267410 214.423233 291.284058
v -120.567352 214.423233 292.031555
v -107.867294 214.423233 291.284058
v -96.410400 214.423233 289.115601
v -87.318161 214.423233 285.737793
v -81.480576 214.423233 281.479401
v -79.469086 214.423233 276.756470
v -81.790039 218.032700 272.390472
v -87.581398 218.032700 268.187378
v -96.601654 218.032700 264.848969
v -107.967842 218.032700 262.706665
v -120.567352 218.032700 261.967255
v -133.166870 218.032700 262.706665
v -144.533051 218.032700 264.848969
v -153.553299 218.032700 268.187378
v -159.344666 218.032700 272.390472
v -161.340210 218.032700 277.048981
v -159.344666 218.032700 281.706512
v -153.553299 218.032700 285.907562
v -144.533035 218.032700 289.238739
v -133.166870 218.032700 291.378571
v -120.567352 218.032700 292.114685
v -107.967850 218.032700 291.378571
v -96.601669 218.032700 289.238739
v -87.581406 218.032700 285.907562
v -81.790062 218.032700 281.706512
v -79.794495 218.032700 277.048981
v -83.228226 219.274857 272.676453
v -88.804794 219.274857 268.630127
v -97.490501 219.274857 265.418518
v -108.435135 219.274857 263.356720
v -120.567352 219.274857 262.646057
v -132.699570 219.274857 263.356720
v -143.644196 219.274857 265.418518
v -152.329895 219.274857 268.630127
v -157.906479 219.274857 272.676453
v -159.828018 219.274857 277.161804
v -157.906479 219.274857 281.647003
v -152.329895 219.274857 285.693115
v -143.644196 219.274857 288.903687
v -132.699570 219.274857 290.965210
v -120.567352 219.274857 291.675354
v -108.435143 219.274857 290.965210
v -97.490517 219.274857 288.903687
v -88.804810 219.274857 285.693115
v -83.228241 219.274857 281.647003
v -81.306702 219.274857 277.161804
v -85.585831 220.455048 273.076904
v -90.810295 220.455048 269.285553
v -98.947586 220.455048 266.276459
v -109.201172 220.455048 264.344360
v -120.567352 220.455048 263.678741
v -131.933548 220.455048 264.344360
v -142.187119 220.455048 266.276459
v -150.324402 220.455048 269.285553
v -155.548874 220.455048 273.076904
v -157.349091 220.455048 277.279205
v -155.548859 220.455048 281.481049
v -150.324402 220.455048 285.271179
v -142.187119 220.455048 288.278748
v -131.933548 220.455048 290.209656
v -120.567352 220.455048 290.875122
v -109.201180 220.455048 290.209656
v -98.947601 220.455048 288.278748
v -90.810303 220.455048 285.271179
v -85.585846 220.455048 281.481049
v -83.785629 220.455048 277.279205
v -88.804794 221.544250 273.592621
v -93.548508 221.544250 270.145935
v -100.937012 221.544250 267.409973
v -110.247078 221.544250 265.650696
v -120.567352 221.544250 265.044983
v -130.887634 221.544250 265.650726
v -140.197693 221.544250 267.410004
v -147.586197 221.544250 270.145935
v -152.329895 221.544250 273.592651
v -153.964478 221.544250 277.412811
v -152.329895 221.544250 281.223450
v -147.586197 221.544250 284.660583
v -140.197693 221.544250 287.387665
v -130.887634 221.544250 289.135895
v -120.567352 221.544250 289.738770
v -110.247086 221.544250 289.135895
v -100.937027 221.544250 287.387665
v -93.548523 221.544250 284.660583
v -88.804810 221.544250 281.223419
v -87.170242 221.544250 277.412811
v -92.805862 222.515625 274.199982
v -96.952011 222.515625 271.179626
v -103.409805 222.515625 268.791534
v -111.547104 222.515625 267.245239
v -120.567352 222.515625 266.709686
v -129.587616 222.515625 267.245239
v -137.724899 222.515625 268.791534
v -144.182678 222.515625 271.179626
v -148.328842 222.515625 274.199982
v -149.757507 222.515625 277.559143
v -148.328842 222.515625 280.869568
v -144.182678 222.515625 283.865875
v -137.724884 222.515625 286.252655
v -129.587616 222.515625 287.772003
v -120.567352 222.515625 288.292847
v -111.547104 222.515625 287.772003
v -103.409821 222.515625 286.252655
v -96.952034 222.515625 283.865875
v -92.805878 222.515625 280.869537
v -91.377205 222.515625 277.559143
v -97.490509 223.345261 274.894836
v -100.937012 223.345261 272.362823
v -106.305077 223.345261 270.369843
v -113.069237 223.345261 269.089752
v -120.567352 223.345261 268.637787
v -128.065475 223.345261 269.089783
v -134.829620 223.345261 270.369843
v -140.197693 223.345261 272.362823
v -143.644196 223.345261 274.894836
v -144.831787 223.345261 277.697540
v -143.644196 223.345261 280.438965
v -140.197693 223.345261 282.908325
v -134.829620 223.345261 284.884491
v -128.065475 223.345261 286.152740
v -120.567352 223.345261 286.578888
v -113.069244 223.345261 286.152740
v -106.305084 223.345261 284.884491
v -100.937027 223.345261 282.908325
v -97.490524 223.345261 280.438965
v -96.302933 223.345261 277.697540
v -102.743378 224.012726 275.635651
v -105.405373 224.012726 273.682251
v -109.551529 224.012726 272.121185
v -114.775993 224.012726 271.140900
v -120.567352 224.012726 270.783173
v -126.358719 224.012726 271.140900
v -131.583176 224.012726 272.121185
v -135.729324 224.012726 273.682251
v -138.391327 224.012726 275.635651
v -139.308578 224.012726 277.808380
v -138.391327 224.012726 279.917786
v -135.729324 224.012726 281.827332
v -131.583176 224.012726 283.331909
v -126.358719 224.012726 284.319916
v -120.567352 224.012726 284.640411
v -114.776001 224.012726 284.319916
v -109.551544 224.012726 283.331909
v -105.405388 224.012726 281.827332
v -102.743393 224.012726 279.917786
v -101.826126 224.012726 277.808380
v -108.435135 224.501587 276.413239
v -110.247078 224.501587 275.069489
v -113.069237 224.501587 274.010529
v -116.625351 224.501587 273.335938
v -120.567352 224.501587 273.089417
v -124.509354 224.501587 273.335938
v -128.065475 224.501587 274.010529
v -130.887634 224.501587 275.069489
v -132.699570 224.501587 276.413239
v -133.323914 224.501587 277.901703
v -132.699570 224.501587 279.327942
v -130.887634 224.501587 280.613617
v -128.065475 224.501587 281.641327
v -124.509354 224.501587 282.306488
v -120.567352 224.501587 282.521606
v -116.625359 224.501587 282.306488
v -113.069237 224.501587 281.641327
v -110.247078 224.501587 280.613617
v -108.435143 224.501587 279.327942
v -107.810791 224.501587 277.901703
v -114.298874 224.797699 277.194794
v -115.235062 224.797699 276.502075
v -116.693222 224.797699 275.941895
v -118.530594 224.797699 275.580780
v -120.567352 224.797699 275.453766
v -122.604111 224.797699 275.580780
v -124.441490 224.797699 275.941895
v -125.899643 224.797699 276.502075
v -126.835838 224.797699 277.194794
v -127.158424 224.797699 277.962036
v -126.835838 224.797699 278.700775
v -125.899643 224.797699 279.366638
v -124.441490 224.797699 279.884613
v -122.604111 224.797699 280.215668
v -120.567352 224.797699 280.327179
v -118.530602 224.797699 280.215668
v -116.693222 224.797699 279.884613
v -115.235069 224.797699 279.366638
v -114.298874 224.797699 278.700775
v -113.976280 224.797699 277.962036
v -120.567352 224.916779 277.970825
v -117.050774 24.714874 278.655487
v -117.575966 24.714905 277.976196
v -114.777740 25.011108 276.636414
v -113.761246 25.011108 277.951111
v -118.393990 24.714905 277.437103
v -116.360954 25.011108 275.593048
v -119.424759 24.714905 277.091003
v -118.355927 25.011108 274.923218
v -120.567360 24.714905 276.971741
v -120.567360 25.011108 274.692383
v -121.709953 24.714905 277.091003
v -122.778793 25.011108 274.923218
v -122.740723 24.714905 277.437103
v -124.773766 25.011108 275.593048
v -123.558746 24.714905 277.976196
v -126.356979 25.011108 276.636414
v -124.083946 24.714905 278.655487
v -127.373466 25.011108 277.951111
v -124.264923 24.714905 279.408478
v -127.723724 25.011108 279.408478
v -124.083946 24.714905 280.161438
v -127.373466 25.011108 280.865814
v -123.558746 24.714905 280.840729
v -126.356979 25.011108 282.180542
v -122.740723 24.714905 281.379822
v -124.773766 25.011108 283.223877
v -121.709953 24.714905 281.725922
v -122.778793 25.011108 283.893738
v -120.567360 24.714905 281.845184
v -120.567360 25.011108 284.124573
v -119.424767 24.714905 281.725922
v -118.355927 25.011108 283.893738
v -118.393990 24.714905 281.379822
v -116.360954 25.011108 283.223846
v -117.575974 24.714905 280.840729
v -114.777740 25.011108 282.180542
v -117.050774 24.714905 280.161438
v -113.761253 25.011108 280.865814
v -116.869797 24.714905 279.408478
v -113.410988 25.011108 279.408478
v -112.061569 25.499649 275.335938
v -110.568207 25.499649 277.267395
v -114.387535 25.499649 273.803101
v -117.318443 25.499649 272.818939
v -120.567360 25.499649 272.479858
v -123.816277 25.499649 272.818939
v -126.747177 25.499649 273.803101
v -129.073151 25.499649 275.335938
v -130.566513 25.499649 277.267395
v -131.081085 25.499649 279.408478
v -130.566513 25.499649 281.549530
v -129.073151 25.499649 283.481018
v -126.747177 25.499649 285.013824
v -123.816277 25.499649 285.997986
v -120.567360 25.499649 286.337097
v -117.318443 25.499649 285.997986
v -114.387543 25.499649 285.013824
v -112.061569 25.499649 283.481018
v -110.568207 25.499649 281.549530
v -110.053635 25.499649 279.408478
v -109.554840 26.167130 274.135712
v -107.621368 26.167130 276.636414
v -112.566299 26.167130 272.151154
v -116.360954 26.167130 270.876984
v -120.567360 26.167130 270.437927
v -124.773766 26.167130 270.876984
v -128.568420 26.167130 272.151154
v -131.579865 26.167130 274.135712
v -133.513336 26.167130 276.636414
v -134.179565 26.167130 279.408478
v -133.513336 26.167130 282.180542
v -131.579865 26.167130 284.681213
v -128.568420 26.167130 286.665802
v -124.773766 26.167130 287.939972
v -120.567360 26.167130 288.379028
v -116.360962 26.167130 287.939972
v -112.566299 26.167130 286.665802
v -109.554848 26.167130 284.681213
v -107.621384 26.167130 282.180542
v -106.955147 26.167130 279.408478
v -107.319275 26.996902 273.065338
v -104.993309 26.996902 276.073700
v -110.942062 26.996902 270.677887
v -115.507042 26.996902 269.145081
v -120.567360 26.996902 268.616882
v -125.627678 26.996902 269.145081
v -130.192642 26.996902 270.677917
v -133.815430 26.996902 273.065338
v -136.141388 26.996902 276.073700
v -136.942886 26.996902 279.408478
v -136.141388 26.996902 282.743256
v -133.815430 26.996902 285.751587
v -130.192642 26.996902 288.139038
v -125.627678 26.996902 289.671844
v -120.567360 26.996902 290.200043
v -115.507042 26.996902 289.671844
v -110.942070 26.996902 288.139038
v -107.319290 26.996902 285.751587
v -104.993317 26.996902 282.743256
v -104.191833 26.996902 279.408478
v -105.409927 27.968292 272.151154
v -102.748749 27.968292 275.593048
v -109.554840 27.968292 269.419617
v -114.777740 27.968292 267.665863
v -120.567360 27.968292 267.061584
v -126.356979 27.968292 267.665894
v -131.579865 27.968292 269.419647
v -135.724777 27.968292 272.151154
v -138.385956 27.968292 275.593048
v -139.302948 27.968292 279.408478
v -138.385956 27.968292 283.223877
v -135.724777 27.968292 286.665802
v -131.579865 27.968292 289.397308
v -126.356979 27.968292 291.151062
v -120.567360 27.968292 291.755371
v -114.777740 27.968292 291.151062
v -109.554848 27.968292 289.397308
v -105.409935 27.968292 286.665802
v -102.748749 27.968292 283.223846
v -101.831757 27.968292 279.408478
v -103.873802 29.057053 271.415649
v -100.942902 29.057053 275.206390
v -108.438774 29.057053 268.407318
v -114.190987 29.057053 266.475830
v -120.567360 29.057053 265.810272
v -126.943726 29.057053 266.475830
v -132.695923 29.057053 268.407318
v -137.260895 29.057053 271.415680
v -140.191803 29.057053 275.206421
v -141.201721 29.057053 279.408478
v -140.191803 29.057053 283.610535
v -137.260895 29.057053 287.401276
v -132.695923 29.057053 290.409637
v -126.943726 29.057053 292.341095
v -120.567360 29.057053 293.006653
v -114.190994 29.057053 292.341095
v -108.438782 29.057053 290.409637
v -103.873817 29.057053 287.401276
v -100.942917 29.057053 283.610535
v -99.932999 29.057053 279.408478
v -102.748749 30.237473 270.876984
v -99.620300 30.237473 274.923218
v -107.621368 30.237473 267.665863
v -113.761246 30.237473 265.604218
v -120.567360 30.237473 264.893829
v -127.373466 30.237473 265.604218
v -133.513336 30.237473 267.665894
v -138.385956 30.237473 270.876984
v -141.514389 30.237473 274.923218
v -142.592377 30.237473 279.408478
v -141.514389 30.237473 283.893738
v -138.385956 30.237473 287.939972
v -133.513336 30.237473 291.151062
v -127.373466 30.237473 293.212708
v -120.567360 30.237473 293.923096
v -113.761253 30.237473 293.212708
v -107.621384 30.237473 291.151062
v -102.748749 30.237473 287.939972
v -99.620316 30.237473 283.893738
v -98.542328 30.237473 279.408478
v -102.062416 31.479797 270.548370
v -98.813499 31.479797 274.750458
v -107.122726 31.479797 267.213593
v -113.499100 31.479797 265.072540
v -120.567360 31.479797 264.334747
v -127.635612 31.479797 265.072540
v -134.011978 31.479797 267.213593
v -139.072281 31.479797 270.548370
v -142.321213 31.479797 274.750458
v -143.440720 31.479797 279.408478
v -142.321198 31.479797 284.066498
v -139.072266 31.479797 288.268585
v -134.011978 31.479797 291.603363
v -127.635605 31.479797 293.744415
v -120.567360 31.479797 294.482178
v -113.499107 31.479797 293.744415
v -107.122742 31.479797 291.603363
v -102.062424 31.479797 288.268585
v -98.813522 31.479797 284.066498
v -97.694000 31.479797 279.408478
v -100.909271 43.773422 269.952148
v -97.457886 43.773422 274.213165
v -106.284912 43.773422 266.570587
v -113.058632 43.773422 264.399475
v -120.567360 43.773422 263.651367
v -128.076096 43.773422 264.399475
v -134.849792 43.773422 266.570587
v -140.225433 43.773422 269.952148
v -143.676819 43.773422 274.213165
v -144.866089 43.773422 278.936584
v -143.676819 43.773422 283.659912
v -140.225433 43.773422 287.920929
v -134.849792 43.773422 291.302490
v -128.076080 43.773422 293.473572
v -120.567360 43.773422 294.221680
v -113.058640 43.773422 293.473572
v -106.284927 43.773422 291.302490
v -100.909271 43.773422 287.920929
v -97.457901 43.773422 283.659912
v -96.268631 43.773422 278.936584
v -120.567360 24.596039 279.408478
v -158.179489 197.923737 280.300293
v -152.562149 197.923737 284.567108
v -143.812927 197.923737 287.953278
v -132.788269 197.923737 290.127289
v -120.567352 197.923737 290.876526
v -108.346436 197.923737 290.127289
v -97.321777 197.923737 287.953278
v -88.572571 197.923737 284.567108
v -82.955231 197.923737 280.300293
v -81.019623 197.923737 275.569763
v -82.955208 197.923737 270.838989
v -88.572556 197.923737 266.570618
v -97.321762 197.923737 263.183258
v -108.346420 197.923737 261.008392
v -120.567352 197.923737 260.259094
v -132.788284 197.923737 261.008392
v -143.812927 197.923737 263.183258
v -152.562149 197.923737 266.570618
v -158.179489 197.923737 270.838989
v -160.115097 197.923737 275.569763
v -93.088074 141.427139 266.216003
v -100.602478 141.427139 262.829254
v -110.071198 141.427139 260.654785
v -120.567352 141.427139 259.905548
v -131.063522 141.427139 260.654785
v -140.532227 141.427139 262.829254
v -148.046631 141.427139 266.216003
v -152.871185 141.427139 270.483612
v -154.533615 141.427139 275.214294
v -152.871185 141.427139 279.944916
v -148.046631 141.427139 284.212494
v -140.532211 141.427139 287.599274
v -131.063507 141.427139 289.773712
v -120.567352 141.427139 290.522980
v -110.071205 141.427139 289.773712
v -100.602493 141.427139 287.599274
v -93.088089 141.427139 284.212494
v -88.263542 141.427139 279.944916
v -86.601105 141.427139 275.214294
v -88.263519 141.427139 270.483612
v -158.458191 181.152222 275.186646
v -156.603668 181.152222 279.917297
v -151.221680 181.152222 284.184814
v -142.839020 181.152222 287.571564
v -132.276260 181.152222 289.746002
v -120.567352 181.152222 290.495270
v -108.858444 181.152222 289.746002
v -98.295692 181.152222 287.571564
v -89.913040 181.152222 284.184814
v -84.531052 181.152222 279.917297
v -82.676529 181.152222 275.186646
v -84.531029 181.152222 270.455963
v -89.913025 181.152222 266.188324
v -98.295670 181.152222 262.801544
v -108.858437 181.152222 260.627106
v -120.567352 181.152222 259.877838
v -132.276276 181.152222 260.627106
v -142.839020 181.152222 262.801544
v -151.221680 181.152222 266.188324
v -156.603668 181.152222 270.455963
v -151.714493 112.891716 276.045319
v -150.190033 112.891716 280.775787
v -145.765915 112.891716 285.043335
v -138.875183 112.891716 288.430084
v -130.192352 112.891716 290.604523
v -120.567352 112.891716 291.353790
v -110.942360 112.891716 290.604523
v -102.259529 112.891716 288.430084
v -95.368797 112.891716 285.043335
v -90.944672 112.891716 280.775787
v -89.420219 112.891716 276.045319
v -90.944664 112.891716 271.314453
v -95.368782 112.891716 267.046844
v -102.259514 112.891716 263.660065
v -110.942352 112.891716 261.485626
v -120.567360 112.891716 260.736359
v -130.192368 112.891716 261.485626
v -138.875183 112.891716 263.660065
v -145.765915 112.891716 267.046844
v -150.190033 112.891716 271.314453
v -89.712578 219.874542 268.931427
v -87.797089 220.455048 271.105713
v -84.295395 219.874542 272.862000
v -98.150047 219.874542 265.812103
v -94.560722 220.455048 267.663361
v -108.781876 219.874542 263.809357
v -103.870071 220.455048 265.162109
v -120.567352 219.874542 263.119263
v -114.813858 220.455048 263.847198
v -132.352829 219.874542 263.809357
v -126.320847 220.455048 263.847198
v -142.984650 219.874542 265.812134
v -137.264633 220.455048 265.162140
v -151.422119 219.874542 268.931458
v -146.573975 220.455048 267.663361
v -156.839310 219.874542 272.862030
v -153.337616 220.455048 271.105743
v -158.705948 219.874542 277.219086
v -156.893463 220.455048 275.152100
v -156.839310 219.874542 281.576172
v -156.893463 220.455048 279.406219
v -151.422119 219.874542 285.506744
v -153.337616 220.455048 283.451660
v -142.984650 219.874542 288.626068
v -146.573975 220.455048 286.892609
v -132.352829 219.874542 290.628815
v -137.264633 220.455048 289.392395
v -120.567352 219.874542 291.318909
v -126.320847 220.455048 290.706665
v -108.781883 219.874542 290.628815
v -114.813866 220.455048 290.706665
v -98.150055 219.874542 288.626068
v -103.870079 220.455048 289.392395
v -89.712585 219.874542 285.506744
v -94.560738 220.455048 286.892609
v -84.295410 219.874542 281.576172
v -87.797112 220.455048 283.451660
v -82.428772 219.874542 277.219086
v -84.241257 220.455048 279.406219
v -84.241241 220.455048 275.152100
v -92.091751 221.012741 269.691925
v -90.812576 221.544250 271.800537
v -87.092285 221.012741 273.321869
v -99.878624 221.012741 266.810089
v -96.953827 221.544250 268.671265
v -109.690643 221.012741 264.959442
v -105.406540 221.544250 266.395569
v -120.567352 221.012741 264.322235
v -115.343292 221.544250 265.198181
v -131.444061 221.012741 264.959473
v -125.791412 221.544250 265.198181
v -141.256073 221.012741 266.810120
v -135.728165 221.544250 266.395569
v -149.042938 221.012741 269.691925
v -144.180878 221.544250 268.671265
v -154.042419 221.012741 273.321869
v -150.322113 221.544250 271.800537
v -155.765121 221.012741 277.343933
v -153.550766 221.544250 275.479797
v -154.042419 221.012741 281.364105
v -153.550766 221.544250 279.342468
v -149.042938 221.012741 284.989136
v -150.322113 221.544250 283.010437
v -141.256073 221.012741 287.864899
v -144.180878 221.544250 286.131073
v -131.444061 221.012741 289.710876
v -135.728165 221.544250 288.396179
v -120.567352 221.012741 290.347443
v -125.791412 221.544250 289.586060
v -109.690659 221.012741 289.710876
v -115.343300 221.544250 289.586060
v -99.878632 221.012741 287.864899
v -105.406555 221.544250 288.396179
v -92.091774 221.012741 284.989136
v -96.953842 221.544250 286.131073
v -87.092300 221.012741 281.364075
v -90.812592 221.544250 283.010406
v -85.369598 221.012741 277.343933
v -87.583946 221.544250 279.342468
v -87.583939 221.544250 275.479797
v -95.172096 222.046219 270.642914
v -94.560722 222.515625 272.627319
v -90.713440 222.046219 273.884949
v -102.116623 222.046219 268.073029
v -99.928375 222.515625 269.892639
v -110.867233 222.046219 266.414246
v -107.316315 222.515625 267.901489
v -120.567352 222.046219 265.842163
v -116.001358 222.515625 266.845459
v -130.267487 222.046219 266.414276
v -125.133354 222.515625 266.845459
v -139.018082 222.046219 268.073029
v -133.818390 222.515625 267.901489
v -145.962601 222.046219 270.642914
v -141.206329 222.515625 269.892639
v -150.421249 222.046219 273.884949
v -146.573975 222.515625 272.627319
v -151.957596 222.046219 277.485504
v -149.395920 222.515625 275.861877
v -150.421249 222.046219 281.057190
v -149.395920 222.515625 279.237946
v -145.962601 222.046219 284.285370
v -146.573975 222.515625 282.425110
v -139.018082 222.046219 286.850220
v -141.206329 222.515625 285.153046
v -130.267487 222.046219 288.488190
v -133.818390 222.515625 287.130737
v -120.567352 222.046219 289.052063
v -125.133354 222.515625 288.161255
v -110.867241 222.046219 288.488190
v -116.001358 222.515625 288.161255
v -102.116638 222.046219 286.850220
v -107.316322 222.515625 287.130737
v -95.172119 222.046219 284.285370
v -99.928391 222.515625 285.153046
v -90.713455 222.046219 281.057190
v -94.560738 222.515625 282.425110
v -89.177109 222.046219 277.485504
v -91.738800 222.515625 279.237946
v -91.738785 222.515625 275.861877
v -98.877762 222.949493 271.752808
v -98.949242 223.345261 273.576660
v -95.069702 222.949493 274.539001
v -104.808937 222.949493 269.557800
v -103.411125 223.345261 271.286865
v -112.282669 222.949493 268.138733
v -109.552376 223.345261 269.632965
v -120.567352 222.949493 267.643494
v -116.771851 223.345261 268.753906
v -128.852051 222.949493 268.138733
v -124.362854 223.345261 268.753906
v -136.325760 222.949493 269.557800
v -131.582336 223.345261 269.632965
v -142.256943 222.949493 271.752808
v -137.723572 223.345261 271.286865
v -146.065002 222.949493 274.539001
v -142.185455 223.345261 273.576660
v -147.377151 222.949493 277.630890
v -144.531204 223.345261 276.283783
v -146.065002 222.949493 280.664673
v -144.531204 223.345261 279.090179
v -142.256943 222.949493 283.404541
v -142.185455 223.345261 281.721130
v -136.325760 222.949493 285.595032
v -137.723572 223.345261 283.972137
v -128.852051 222.949493 286.991638
v -131.582336 223.345261 285.617340
v -120.567352 222.949493 287.466644
v -124.362854 223.345261 286.472748
v -112.282677 222.949493 286.991638
v -116.771858 223.345261 286.472748
v -104.808952 222.949493 285.595032
v -109.552383 223.345261 285.617340
v -98.877769 222.949493 283.404541
v -103.411140 223.345261 283.972137
v -95.069725 222.949493 280.664673
v -98.949257 223.345261 281.721130
v -93.757553 222.949493 277.630890
v -96.603508 223.345261 279.090179
v -96.603500 223.345261 276.283783
v -103.117485 223.700363 273.010162
v -103.870071 224.012726 274.619873
v -100.053802 223.700363 275.260437
v -107.889282 223.700363 271.225769
v -107.316315 224.012726 272.839783
v -113.902100 223.700363 270.093414
v -112.059662 224.012726 271.555206
v -120.567352 223.700363 269.686829
v -117.635803 224.012726 270.877289
v -127.232613 223.700363 270.093414
v -123.498901 224.012726 270.877289
v -133.245422 223.700363 271.225769
v -129.075043 224.012726 271.555206
v -138.017212 223.700363 273.010162
v -133.818390 224.012726 272.839783
v -141.080902 223.700363 275.260437
v -137.264633 224.012726 274.619873
v -142.136566 223.700363 277.755829
v -139.076431 224.012726 276.712646
v -141.080902 223.700363 280.188721
v -139.076431 224.012726 278.880249
v -138.017212 223.700363 282.384308
v -137.264633 224.012726 280.910431
v -133.245422 223.700363 284.128174
v -133.818390 224.012726 282.637573
v -127.232613 223.700363 285.261108
v -129.075043 224.012726 283.901154
v -120.567352 223.700363 285.635071
v -123.498901 224.012726 284.562897
v -113.902107 223.700363 285.261108
v -117.635803 224.012726 284.562897
v -107.889297 223.700363 284.128174
v -112.059669 224.012726 283.901154
v -103.117493 223.700363 282.384308
v -107.316322 224.012726 282.637573
v -100.053818 223.700363 280.188721
v -103.870079 224.012726 280.910431
v -98.998146 223.700363 277.755829
v -102.058289 224.012726 278.880249
v -102.058273 224.012726 276.712646
v -107.786888 224.280304 274.366638
v -109.202042 224.501587 275.713409
v -105.543015 224.280304 276.020325
v -111.281799 224.280304 273.051727
v -111.547791 224.501587 274.497375
v -115.685646 224.280304 272.223480
v -114.776436 224.501587 273.622375
v -120.567352 224.280304 271.919464
v -118.571938 224.501587 273.154144
v -125.449059 224.280304 272.223480
v -122.562767 224.501587 273.154144
v -129.852905 224.280304 273.051727
v -126.358269 224.501587 273.622375
v -133.347824 224.280304 274.366638
v -129.586914 224.501587 274.497375
v -135.591690 224.280304 276.020325
v -131.932663 224.501587 275.713409
v -136.364868 224.280304 277.857819
v -133.165894 224.501587 277.152985
v -135.591690 224.280304 279.629852
v -133.165894 224.501587 278.628387
v -133.347824 224.280304 281.232361
v -131.932663 224.501587 279.995239
v -129.852905 224.280304 282.501587
v -129.586914 224.501587 281.166443
v -125.449059 224.280304 283.332458
v -126.358269 224.501587 282.025879
v -120.567352 224.280304 283.600128
v -122.562767 224.501587 282.469482
v -115.685654 224.280304 283.332458
v -118.571945 224.501587 282.469482
v -111.281807 224.280304 282.501587
v -114.776443 224.501587 282.025879
v -107.786896 224.280304 281.232361
v -111.547798 224.501587 281.166443
v -105.543022 224.280304 279.629852
v -109.202049 224.501587 279.995239
v -104.769836 224.280304 277.857819
v -107.968811 224.501587 278.628387
v -107.968811 224.501587 277.152985
v -112.770988 224.675049 275.797089
v -114.573395 224.795609 276.811707
v -111.402176 224.675049 276.813110
v -114.902962 224.675049 274.990662
v -115.810524 224.795609 276.164612
v -117.589401 224.675049 274.473053
v -117.513275 224.795609 275.687439
v -120.567352 224.675049 274.286804
v -119.514984 224.795609 275.434753
v -123.545303 224.675049 274.473053
v -121.619720 224.795609 275.434753
v -126.231750 224.675049 274.990662
v -123.621429 224.795609 275.687439
v -128.363724 224.675049 275.797089
v -125.324188 224.795609 276.164612
v -129.732529 224.675049 276.813110
v -126.561317 224.795609 276.811707
v -130.204193 224.675049 277.937653
v -127.211708 224.795609 277.567657
v -129.732529 224.675049 279.014984
v -127.211708 224.795609 278.345764
v -128.363724 224.675049 279.985352
v -126.561317 224.795609 279.069885
v -126.231750 224.675049 280.755310
v -125.324188 224.795609 279.681824
v -123.545303 224.675049 281.249786
v -123.621429 224.795609 280.119385
v -120.567352 224.675049 281.412262
v -121.619720 224.795609 280.347565
v -117.589409 224.675049 281.249786
v -119.514992 224.795609 280.347565
v -114.902969 224.675049 280.755280
v -117.513283 224.795609 280.119385
v -112.770988 224.675049 279.985352
v -115.810524 224.795609 279.681824
v -111.402176 224.675049 279.014984
v -114.573395 224.795609 279.069885
v -110.930519 224.675049 277.937653
v -113.922997 224.795609 278.345764
v -113.922997 224.795609 277.567657
v -118.554863 24.646103 278.977539
v -118.855423 24.646103 278.588806
v -119.323570 24.646103 278.280273
v -119.913467 24.646103 278.082214
v -120.567360 24.646103 278.013977
v -121.221252 24.646103 278.082214
v -121.811150 24.646103 278.280273
v -122.279297 24.646103 278.588806
v -122.579857 24.646103 278.977539
v -122.683426 24.646103 279.408478
v -122.579857 24.646103 279.839386
v -122.279297 24.646103 280.228149
v -121.811150 24.646103 280.536652
v -121.221252 24.646103 280.734711
v -120.567360 24.646103 280.802979
v -119.913467 24.646103 280.734711
v -119.323570 24.646103 280.536652
v -118.855423 24.646103 280.228149
v -118.554863 24.646103 279.839386
v -118.451286 24.646103 279.408478
v -117.515747 224.866516 277.137207
v -116.979980 224.866516 277.533203
v -118.350235 224.866516 276.814026
v -119.401741 224.866516 276.604980
v -120.567352 224.866516 276.532471
v -121.732964 224.866516 276.604980
v -122.784470 224.866516 276.814026
v -123.618958 224.866516 277.137207
v -124.154724 224.866516 277.533203
v -124.339340 224.866516 277.971252
v -124.154724 224.866516 278.395050
v -123.618958 224.866516 278.776550
v -122.784470 224.866516 279.070404
v -121.732964 224.866516 279.257477
v -120.567352 224.866516 279.321472
v -119.401749 224.866516 279.257477
v -118.350235 224.866516 279.070404
v -117.515755 224.866516 278.776550
v -116.979980 224.866516 278.395050
v -116.795364 224.866516 277.971252
v -82.123405 206.776642 271.440887
v -85.332748 197.923737 268.619812
v -87.864975 206.776642 267.171417
v -92.605011 197.923737 264.744476
v -96.807678 206.776642 263.782440
v -102.614426 197.923737 261.928894
v -108.076157 206.776642 261.606354
v -114.381195 197.923737 260.448730
v -120.567352 206.776642 260.856873
v -126.753517 197.923737 260.448730
v -133.058563 206.776642 261.606354
v -138.520279 197.923737 261.928894
v -144.327011 206.776642 263.782440
v -148.529678 197.923737 264.744476
v -153.269714 206.776642 267.171417
v -155.801941 197.923737 268.619812
v -159.011292 206.776642 271.440887
v -159.625198 197.923737 273.175110
v -160.989716 206.776642 276.171814
v -159.625198 197.923737 277.964386
v -159.011292 206.776642 280.902222
v -155.801941 197.923737 282.518768
v -153.269714 206.776642 285.167908
v -148.529694 197.923737 286.392609
v -144.327011 206.776642 288.552490
v -138.520279 197.923737 289.207153
v -133.058548 206.776642 290.725250
v -126.753502 197.923737 290.686859
v -120.567352 206.776642 291.474304
v -114.381203 197.923737 290.686859
v -108.076164 206.776642 290.725250
v -102.614441 197.923737 289.207153
v -96.807701 206.776642 288.552490
v -92.605034 197.923737 286.392609
v -87.865005 206.776642 285.167908
v -85.332771 197.923737 282.518768
v -82.123428 206.776642 280.902222
v -81.509521 197.923737 277.964386
v -80.145012 206.776642 276.171814
v -81.509506 197.923737 273.175110
v -157.559967 191.330154 280.013824
v -154.325729 181.152222 282.136078
v -152.035156 191.330154 284.281189
v -147.358154 181.152222 286.010620
v -143.430054 191.330154 287.667908
v -137.768112 181.152222 288.825684
v -132.586975 191.330154 289.842346
v -126.494324 181.152222 290.305634
v -120.567352 191.330154 290.591614
v -114.640381 181.152222 290.305634
v -108.547729 191.330154 289.842346
v -103.366608 181.152222 288.825684
v -97.704666 191.330154 287.667908
v -93.776558 181.152222 286.010620
v -89.099564 191.330154 284.281189
v -86.808983 181.152222 282.136078
v -83.574753 191.330154 280.013824
v -83.145905 181.152222 277.581268
v -81.671021 191.330154 275.283203
v -83.145897 181.152222 272.792023
v -83.574722 191.330154 270.552521
v -86.808960 181.152222 268.237122
v -89.099541 191.330154 266.284698
v -93.776543 181.152222 264.362488
v -97.704651 191.330154 262.897888
v -103.366592 181.152222 261.547424
v -108.547714 191.330154 260.723450
v -114.640373 181.152222 260.067474
v -120.567352 191.330154 259.974182
v -126.494339 181.152222 260.067474
v -132.586990 191.330154 260.723450
v -137.768112 181.152222 261.547424
v -143.430054 191.330154 262.897888
v -147.358154 181.152222 264.362488
v -152.035141 191.330154 266.284698
v -154.325729 181.152222 268.237122
v -157.559967 191.330154 270.552521
v -157.988800 181.152222 272.792023
v -159.463684 191.330154 275.283203
v -157.988800 181.152222 277.581268
v -96.551422 141.427155 264.390198
v -94.024628 129.709412 266.395447
v -98.544685 112.891724 265.221008
v -101.282921 129.709412 263.008698
v -105.148170 141.427155 261.575134
v -106.427925 112.891724 262.405945
v -110.428925 129.709412 260.834229
v -115.254265 141.427155 260.095184
v -115.695236 112.891724 260.925995
v -120.567360 129.709412 260.084991
v -125.880447 141.427155 260.095184
v -125.439476 112.891724 260.925995
v -130.705795 129.709412 260.834229
v -135.986542 141.427155 261.575134
v -134.706787 112.891724 262.405945
v -139.851776 129.709412 263.008698
v -144.583282 141.427155 264.390198
v -142.590012 112.891724 265.221008
v -147.110077 129.709412 266.395447
v -150.829178 141.427155 268.264771
v -148.317520 112.891724 269.095612
v -151.770203 129.709412 270.663086
v -154.112854 141.427155 272.819672
v -151.328659 112.891724 273.650604
v -153.375977 129.709412 275.393860
v -154.112854 141.427155 277.608917
v -151.328659 112.891724 278.439880
v -151.770203 129.709412 280.124390
v -150.829178 141.427155 282.163757
v -148.317520 112.891724 282.994568
v -147.110077 129.709412 284.391937
v -144.583282 141.427155 286.038330
v -142.590012 112.891724 286.869141
v -139.851776 129.709412 287.778717
v -135.986526 141.427155 288.853363
v -134.706772 112.891724 289.684204
v -130.705780 129.709412 289.953156
v -125.880440 141.427155 290.333344
v -125.439468 112.891724 291.164154
v -120.567352 129.709412 290.702423
v -115.254272 141.427155 290.333344
v -115.695244 112.891724 291.164154
v -110.428940 129.709412 289.953156
v -105.148186 141.427155 288.853363
v -106.427940 112.891724 289.684204
v -101.282944 129.709412 287.778717
v -96.551437 141.427155 286.038330
v -98.544693 112.891724 286.869141
v -94.024635 129.709412 284.391937
v -90.305534 141.427155 282.163757
v -92.817184 112.891724 282.994568
v -89.364517 129.709412 280.124390
v -87.021866 141.427155 277.608917
v -89.806053 112.891724 278.439880
v -87.758743 129.709412 275.393860
v -87.021858 141.427155 272.819672
v -89.806046 112.891724 273.650604
v -89.364502 129.709412 270.663086
v -90.305519 141.427155 268.264771
v -92.817177 112.891724 269.095612
v -156.521240 161.546326 275.154449
v -154.761536 161.546326 279.885101
v -149.654663 161.546326 284.152679
v -141.700531 161.546326 287.539459
v -131.677719 161.546326 289.713898
v -120.567352 161.546326 290.463165
v -109.456993 161.546326 289.713898
v -99.434189 161.546326 287.539459
v -91.480057 161.546326 284.152679
v -86.373184 161.546326 279.885101
v -84.613464 161.546326 275.154449
v -86.373169 161.546326 270.423798
v -91.480042 161.546326 266.156219
v -99.434174 161.546326 262.769440
v -109.456985 161.546326 260.594971
v -120.567352 161.546326 259.845734
v -131.677734 161.546326 260.594971
v -141.700531 161.546326 262.769440
v -149.654663 161.546326 266.156219
v -154.761536 161.546326 270.423798
v -148.215332 77.472763 277.520874
v -146.862137 77.472763 282.251404
v -142.935028 77.472763 286.518951
v -136.818436 77.472763 289.905731
v -129.111053 77.472763 292.080170
v -120.567360 77.472763 292.829437
v -112.023659 77.472763 292.080170
v -104.316284 77.472763 289.905731
v -98.199677 77.472763 286.518951
v -94.272568 77.472748 282.251404
v -92.919380 77.472763 277.520874
v -94.272560 77.472763 272.790100
v -98.199669 77.472763 268.522461
v -104.316269 77.472763 265.135712
v -112.023651 77.472763 262.961243
v -120.567360 77.472763 262.212006
v -129.111069 77.472763 262.961243
v -136.818436 77.472763 265.135712
v -142.935043 77.472763 268.522461
v -146.862137 77.472763 272.790100
v -117.204773 24.716965 278.279358
v -116.193634 24.837601 277.314331
v -114.191483 25.011124 277.267578
v -115.425743 24.837601 278.307526
v -117.898796 24.716965 277.649841
v -117.389664 24.837601 276.526154
v -115.507431 25.011124 276.073944
v -118.854050 24.716965 277.192505
v -118.896751 24.837601 276.020111
v -117.318687 25.011124 275.206726
v -119.976997 24.716965 276.952057
v -120.567360 24.837601 275.845734
v -119.447945 25.011124 274.750793
v -121.157722 24.716965 276.952057
v -122.237961 24.837601 276.020111
v -121.686775 25.011124 274.750793
v -122.280670 24.716965 277.192505
v -123.745049 24.837601 276.526154
v -123.816025 25.011124 275.206726
v -123.235924 24.716965 277.649841
v -124.941078 24.837601 277.314331
v -125.627281 25.011124 276.073944
v -123.929939 24.716965 278.279358
v -125.708977 24.837601 278.307526
v -126.943237 25.011124 277.267578
v -124.294807 24.716965 279.019409
v -125.973579 24.837601 279.408478
v -127.635078 25.011124 278.670776
v -124.294807 24.716965 279.797516
v -125.708977 24.837601 280.509430
v -127.635078 25.011124 280.146179
v -123.929939 24.716965 280.537567
v -124.941078 24.837601 281.502594
v -126.943237 25.011124 281.549377
v -123.235924 24.716965 281.167084
v -123.745049 24.837601 282.290802
v -125.627281 25.011124 282.743011
v -122.280670 24.716965 281.624420
v -122.237961 24.837601 282.796814
v -123.816025 25.011124 283.610229
v -121.157722 24.716965 281.864868
v -120.567360 24.837601 282.971191
v -121.686775 25.011124 284.066132
v -119.976997 24.716965 281.864868
v -118.896759 24.837601 282.796814
v -119.447952 25.011124 284.066132
v -118.854050 24.716965 281.624420
v -117.389671 24.837601 282.290771
v -117.318695 25.011124 283.610199
v -117.898796 24.716965 281.167084
v -116.193634 24.837601 281.502594
v -115.507431 25.011124 282.742981
v -117.204773 24.716965 280.537567
v -115.425743 24.837601 280.509430
v -114.191483 25.011124 281.549377
v -116.839905 24.716965 279.797516
v -115.161140 24.837601 279.408478
v -113.499641 25.011124 280.146179
v -116.839905 24.716965 279.019409
v -113.499641 25.011124 278.670776
v -113.397591 25.232224 275.975616
v -111.200272 25.499619 276.263184
v -112.138786 25.232224 277.603699
v -115.358215 25.232224 274.683533
v -113.133591 25.499619 274.509583
v -117.828751 25.232224 273.853973
v -115.794586 25.499619 273.235504
v -120.567360 25.232224 273.568146
v -118.922775 25.499619 272.565674
v -123.305962 25.232224 273.853973
v -122.211937 25.499619 272.565674
v -125.776505 25.232224 274.683533
v -125.340126 25.499619 273.235504
v -127.737129 25.232224 275.975616
v -128.001114 25.499619 274.509583
v -128.995926 25.232224 277.603699
v -129.934448 25.499619 276.263184
v -129.429688 25.232224 279.408478
v -130.950851 25.499619 278.324677
v -128.995926 25.232224 281.213226
v -130.950851 25.499619 280.492279
v -127.737129 25.232224 282.841339
v -129.934433 25.499619 282.553772
v -125.776505 25.232224 284.133392
v -128.001114 25.499619 284.307373
v -123.305962 25.232224 284.962952
v -125.340126 25.499619 285.581451
v -120.567360 25.232224 285.248810
v -122.211937 25.499619 286.251282
v -117.828758 25.232224 284.962952
v -118.922775 25.499619 286.251282
v -115.358215 25.232224 284.133392
v -115.794594 25.499619 285.581451
v -113.397591 25.232224 282.841339
v -113.133598 25.499619 284.307373
v -112.138786 25.232224 281.213226
v -111.200279 25.499619 282.553772
v -111.705032 25.232224 279.408478
v -110.183868 25.499619 280.492279
v -110.183868 25.499619 278.324677
v -110.778076 25.811966 274.721405
v -108.439713 26.167130 275.336243
v -109.059372 25.811966 276.944336
v -113.455025 25.811966 272.957275
v -110.942802 26.167130 273.065826
v -116.828186 25.811966 271.824615
v -114.388016 26.167130 271.416260
v -120.567360 25.811966 271.434357
v -118.438103 26.167130 270.549042
v -124.306526 25.811966 271.824615
v -122.696617 26.167130 270.549042
v -127.679688 25.811966 272.957275
v -126.746696 26.167130 271.416260
v -130.356628 25.811966 274.721405
v -130.191910 26.167130 273.065826
v -132.075348 25.811966 276.944336
v -132.694992 26.167130 275.336243
v -132.667572 25.811966 279.408478
v -134.010941 26.167130 278.005280
v -132.075348 25.811966 281.872620
v -134.010941 26.167130 280.811676
v -130.356628 25.811966 284.095551
v -132.694992 26.167130 283.480713
v -127.679688 25.811966 285.859680
v -130.191910 26.167130 285.751129
v -124.306526 25.811966 286.992310
v -126.746696 26.167130 287.400665
v -120.567360 25.811966 287.382599
v -122.696617 26.167130 288.267883
v -116.828194 25.811966 286.992310
v -118.438110 26.167130 288.267883
v -113.455032 25.811966 285.859680
v -114.388023 26.167130 287.400665
v -110.778076 25.811966 284.095551
v -110.942810 26.167130 285.751129
v -109.059372 25.811966 281.872620
v -108.439720 26.167130 283.480713
v -108.467148 25.811966 279.408478
v -107.123772 26.167130 280.811676
v -107.123764 26.167130 278.005280
v -108.399605 26.562973 273.582611
v -105.977776 26.996902 274.509583
v -106.263313 26.562973 276.345642
v -111.726967 26.562973 271.389832
v -108.988998 26.996902 271.778259
v -115.919693 26.562973 269.982025
v -113.133591 26.996902 269.793823
v -120.567360 26.562973 269.496887
v -118.005859 26.996902 268.750580
v -125.215027 26.562973 269.982025
v -123.128860 26.996902 268.750580
v -129.407745 26.562973 271.389862
v -128.001129 26.996902 269.793854
v -132.735107 26.562973 273.582611
v -132.145706 26.996902 271.778259
v -134.871399 26.562973 276.345642
v -135.156921 26.996902 274.509583
v -135.607513 26.562973 279.408478
v -136.740021 26.996902 277.720428
v -134.871399 26.562973 282.471313
v -136.740021 26.996902 281.096527
v -132.735107 26.562973 285.234344
v -135.156921 26.996902 284.307373
v -129.407745 26.562973 287.427094
v -132.145706 26.996902 287.038666
v -125.215027 26.562973 288.834930
v -128.001129 26.996902 289.023071
v -120.567360 26.562973 289.320038
v -123.128860 26.996902 290.066345
v -115.919693 26.562973 288.834930
v -118.005859 26.996902 290.066345
v -111.726974 26.562973 287.427094
v -113.133598 26.996902 289.023071
v -108.399612 26.562973 285.234344
v -108.989006 26.996902 287.038666
v -106.263321 26.562973 282.471313
v -105.977791 26.996902 284.307373
v -105.527199 26.562973 279.408478
v -104.394691 26.996902 281.096527
v -104.394684 26.996902 277.720428
v -106.320747 27.466354 272.587250
v -103.875092 27.968277 273.803528
v -103.819481 27.466354 275.822327
v -110.216591 27.466354 270.019867
v -107.320290 27.968277 270.678589
v -115.125641 27.466354 268.371490
v -112.062225 27.968277 268.408142
v -120.567360 27.466354 267.803528
v -117.636688 27.968277 267.214508
v -126.009079 27.466354 268.371521
v -123.498032 27.968277 267.214539
v -130.918121 27.466354 270.019867
v -129.072495 27.968277 268.408173
v -134.813965 27.466354 272.587250
v -133.814423 27.968277 270.678589
v -137.315216 27.466354 275.822327
v -137.259613 27.968277 273.803528
v -138.177124 27.466354 279.408478
v -139.070862 27.968277 277.477142
v -137.315216 27.466354 282.994598
v -139.070862 27.968277 281.339813
v -134.813965 27.466354 286.229706
v -137.259613 27.968277 285.013428
v -130.918121 27.466354 288.797058
v -133.814423 27.968277 288.138367
v -126.009079 27.466354 290.445435
v -129.072495 27.968277 290.408783
v -120.567360 27.466354 291.013428
v -123.498032 27.968277 291.602417
v -115.125641 27.466354 290.445435
v -117.636688 27.968277 291.602417
v -110.216599 27.466354 288.797058
v -112.062225 27.968277 290.408783
v -106.320763 27.466354 286.229706
v -107.320297 27.968277 288.138367
v -103.819489 27.466354 282.994598
v -103.875099 27.968277 285.013397
v -102.957596 27.466354 279.408478
v -102.063850 27.968277 281.339783
v -102.063843 27.968277 277.477142
v -104.592697 28.499542 271.759857
v -102.183411 29.057053 273.235504
v -101.788025 28.499542 275.387360
v -108.961090 28.499542 268.881073
v -105.977776 29.057053 269.793854
v -114.465584 28.499542 267.032745
v -111.200272 29.057053 267.293335
v -120.567360 28.499542 266.395874
v -117.339684 29.057053 265.978729
v -126.669136 28.499542 267.032776
v -123.795036 29.057053 265.978729
v -132.173630 28.499542 268.881073
v -129.934448 29.057053 267.293335
v -136.542023 28.499542 271.759888
v -135.156937 29.057053 269.793854
v -139.346680 28.499542 275.387360
v -138.951294 29.057053 273.235504
v -140.313110 28.499542 279.408478
v -140.946106 29.057053 277.281433
v -139.346680 28.499542 283.429596
v -140.946106 29.057053 281.535522
v -136.542023 28.499542 287.057068
v -138.951294 29.057053 285.581451
v -132.173630 28.499542 289.935883
v -135.156937 29.057053 289.023102
v -126.669136 28.499542 291.784180
v -129.934448 29.057053 291.523590
v -120.567360 28.499542 292.421082
v -123.795036 29.057053 292.838196
v -114.465584 28.499542 291.784180
v -117.339684 29.057053 292.838196
v -108.961090 28.499542 289.935883
v -111.200272 29.057053 291.523590
v -104.592705 28.499542 287.057068
v -105.977783 29.057053 289.023102
v -101.788033 28.499542 283.429565
v -102.183426 29.057053 285.581421
v -100.821602 28.499542 279.408478
v -100.188606 29.057053 281.535522
v -100.188599 29.057053 277.281403
v -103.257996 29.637634 271.120819
v -100.944420 30.237457 272.819489
v -100.218964 29.637634 275.051392
v -107.991371 29.637634 268.001495
v -104.994514 30.237457 269.145844
v -113.955765 29.637634 265.998749
v -110.568970 30.237457 266.476807
v -120.567360 29.637634 265.308655
v -117.122147 30.237457 265.073608
v -127.178947 29.637634 265.998749
v -124.012566 30.237457 265.073608
v -133.143341 29.637634 268.001495
v -130.565750 30.237457 266.476807
v -137.876709 29.637634 271.120819
v -136.140198 30.237457 269.145874
v -140.915741 29.637634 275.051392
v -140.190277 30.237457 272.819489
v -141.962891 29.637634 279.408478
v -142.319550 30.237457 277.138062
v -140.915741 29.637634 283.765533
v -142.319550 30.237457 281.678894
v -137.876709 29.637634 287.696136
v -140.190277 30.237457 285.997467
v -133.143341 29.637634 290.815460
v -136.140182 30.237457 289.671082
v -127.178947 29.637634 292.818176
v -130.565735 30.237457 292.340118
v -120.567360 29.637634 293.508270
v -124.012566 30.237457 293.743317
v -113.955772 29.637634 292.818176
v -117.122147 30.237457 293.743317
v -107.991379 29.637634 290.815460
v -110.568977 30.237457 292.340118
v -103.258011 29.637634 287.696136
v -104.994522 30.237457 289.671082
v -100.218979 29.637634 283.765533
v -100.944427 30.237457 285.997467
v -99.171814 29.637634 279.408478
v -98.815163 30.237457 281.678894
v -98.815163 30.237457 277.138062
v -102.349510 30.852814 270.685822
v -100.188606 31.479813 272.565674
v -99.150986 30.852814 274.822723
v -107.331314 30.852814 267.402771
v -104.394684 31.479813 268.750580
v -113.608757 30.852814 265.294922
v -110.183861 31.479813 265.978729
v -120.567360 30.852814 264.568604
v -116.989449 31.479813 264.521484
v -127.525955 30.852814 265.294922
v -124.145264 31.479813 264.521484
v -133.803406 30.852814 267.402771
v -130.950851 31.479813 265.978729
v -138.785187 30.852814 270.685822
v -136.740021 31.479813 268.750580
v -141.983719 30.852814 274.822723
v -140.946091 31.479813 272.565674
v -143.085846 30.852814 279.408478
v -143.157364 31.479813 277.050629
v -141.983719 30.852814 283.994232
v -143.157364 31.479813 281.766327
v -138.785187 30.852814 288.131134
v -140.946091 31.479813 286.251282
v -133.803391 30.852814 291.414154
v -136.740005 31.479813 290.066376
v -127.525955 30.852814 293.522003
v -130.950836 31.479813 292.838226
v -120.567360 30.852814 294.248322
v -124.145264 31.479813 294.295471
v -113.608765 30.852814 293.522003
v -116.989456 31.479813 294.295471
v -107.331322 30.852814 291.414154
v -110.183868 31.479813 292.838226
v -102.349518 30.852814 288.131134
v -104.394699 31.479813 290.066376
v -99.151001 30.852814 283.994232
v -100.188622 31.479813 286.251282
v -98.048859 30.852814 279.408478
v -97.977348 31.479813 281.766327
v -97.977341 31.479813 277.050629
v -101.889595 32.114517 270.465637
v -98.918694 43.773376 271.997742
v -98.610336 32.114517 274.706940
v -106.997162 32.114517 267.099701
v -103.386871 43.773376 268.129120
v -113.433083 32.114517 264.938629
v -109.536804 43.773376 265.318390
v -120.567360 32.114517 264.194000
v -116.766487 43.773376 263.840729
v -127.701637 32.114517 264.938629
v -124.368233 43.773376 263.840729
v -134.137543 32.114517 267.099701
v -131.597916 43.773376 265.318390
v -139.245102 32.114517 270.465637
v -137.747833 43.773376 268.129120
v -142.524368 32.114517 274.706940
v -142.216003 43.773376 271.997742
v -143.654327 32.114517 279.408478
v -144.565079 43.773376 276.545624
v -142.524368 32.114517 284.110016
v -144.565079 43.773376 281.327515
v -139.245102 32.114517 288.351318
v -142.216003 43.773376 285.875336
v -134.137543 32.114517 291.717255
v -137.747833 43.773376 289.743958
v -127.701622 32.114517 293.878296
v -131.597900 43.773376 292.554657
v -120.567360 32.114517 294.622955
v -124.368225 43.773376 294.032349
v -113.433090 32.114517 293.878296
v -116.766487 43.773376 294.032349
v -106.997177 32.114517 291.717255
v -109.536812 43.773376 292.554657
v -101.889603 32.114517 288.351318
v -103.386887 43.773376 289.743958
v -98.610352 32.114517 284.110016
v -98.918701 43.773376 285.875336
v -97.480377 32.114517 279.408478
v -96.569633 43.773376 281.327515
v -96.569626 43.773376 276.545624
v -83.951309 214.423233 269.816193
v -87.273331 217.397919 268.045319
v -84.241241 218.032700 270.205444
v -81.427887 217.397919 272.288696
v -91.508698 214.423233 265.944092
v -96.377831 217.397919 264.675171
v -91.738785 218.032700 266.387756
v -101.910545 214.423233 263.129974
v -107.850174 217.397919 262.511902
v -102.058273 218.032700 263.613342
v -114.138657 214.423233 261.650696
v -120.567352 217.397919 261.765961
v -114.189560 218.032700 262.154602
v -126.996056 214.423233 261.650696
v -133.284546 217.397919 262.511902
v -126.945145 218.032700 262.154602
v -139.224152 214.423233 263.129974
v -144.756866 217.397919 264.675171
v -139.076431 218.032700 263.613342
v -149.625992 214.423233 265.944092
v -153.861359 217.397919 268.045319
v -149.395920 218.032700 266.387756
v -157.183380 214.423233 269.816193
v -159.706802 217.397919 272.288696
v -156.893463 218.032700 270.205444
v -161.156525 214.423233 274.365479
v -161.721008 217.397919 276.990723
v -160.835144 218.032700 274.690948
v -161.156525 214.423233 279.147369
v -159.706802 217.397919 281.691742
v -160.835144 218.032700 279.406677
v -157.183380 214.423233 283.693756
v -153.861359 217.397919 285.931000
v -156.893463 218.032700 283.891022
v -149.625992 214.423233 287.558929
v -144.756866 217.397919 289.292725
v -149.395905 218.032700 287.703552
v -139.224152 214.423233 290.366241
v -133.284531 217.397919 291.451569
v -139.076431 218.032700 290.472839
v -126.996048 214.423233 291.842316
v -120.567352 217.397919 292.194946
v -126.945145 218.032700 291.928589
v -114.138664 214.423233 291.842316
v -107.850182 217.397919 291.451569
v -114.189568 218.032700 291.928589
v -101.910561 214.423233 290.366241
v -96.377853 217.397919 289.292725
v -102.058289 218.032700 290.472839
v -91.508720 214.423233 287.558929
v -87.273361 217.397919 285.931000
v -91.738800 218.032700 287.703552
v -83.951340 214.423233 283.693756
v -81.427917 217.397919 281.691742
v -84.241257 218.032700 283.891022
v -79.978195 214.423233 279.147369
v -79.413704 217.397919 276.990723
v -80.299568 218.032700 279.406677
v -79.978172 214.423233 274.365479
v -80.299561 218.032700 274.690948
v -88.093147 218.659622 268.382202
v -85.588516 219.274857 270.572723
v -82.391632 218.659622 272.519501
v -96.973457 218.659622 265.097107
v -92.807991 219.274857 266.898743
v -108.163307 218.659622 262.988708
v -102.744743 219.274857 264.229370
v -120.567352 218.659622 262.261322
v -114.426102 219.274857 262.825958
v -132.971390 218.659622 262.988708
v -126.708603 219.274857 262.825958
v -144.161240 218.659622 265.097107
v -138.389954 219.274857 264.229370
v -153.041550 218.659622 268.382202
v -148.326706 219.274857 266.898773
v -158.743073 218.659622 272.519501
v -155.546188 219.274857 270.572723
v -160.707672 218.659622 277.105560
v -159.341675 219.274857 274.891357
v -158.743073 218.659622 281.691010
v -159.341675 219.274857 279.432190
v -153.041550 218.659622 285.827515
v -155.546188 219.274857 283.750702
v -144.161240 218.659622 289.108490
v -148.326706 219.274857 287.423981
v -132.971390 218.659622 291.215790
v -138.389954 219.274857 290.092682
v -120.567352 218.659622 291.941040
v -126.708603 219.274857 291.495667
v -108.163322 218.659622 291.215790
v -114.426102 219.274857 291.495667
v -96.973473 218.659622 289.108490
v -102.744759 219.274857 290.092682
v -88.093155 218.659622 285.827515
v -92.807999 219.274857 287.423981
v -82.391647 218.659622 281.691010
v -85.588531 219.274857 283.750702
v -80.427048 218.659622 277.105560
v -81.793037 219.274857 279.432190
v -81.793030 219.274857 274.891357
v -115.750755 24.837616 277.791138
v -116.744881 24.837616 276.889404
v -118.113182 24.837616 276.234283
v -119.721710 24.837616 275.889862
v -121.413010 24.837616 275.889862
v -123.021538 24.837616 276.234283
v -124.389839 24.837616 276.889404
v -125.383965 24.837616 277.791138
v -125.906609 24.837616 278.851196
v -125.906609 24.837616 279.965759
v -125.383965 24.837616 281.025787
v -124.389839 24.837616 281.927521
v -123.021538 24.837616 282.582642
v -121.413010 24.837616 282.927063
v -119.721710 24.837616 282.927063
v -118.113182 24.837616 282.582642
v -116.744881 24.837616 281.927521
v -115.750755 24.837616 281.025787
v -115.228111 24.837616 279.965759
v -115.228111 24.837616 278.851196
v -112.671570 25.232254 276.757202
v -114.301231 25.232254 275.279053
v -116.544258 25.232254 274.205078
v -119.181091 25.232254 273.640472
v -121.953621 25.232254 273.640472
v -124.590462 25.232254 274.205078
v -126.833488 25.232254 275.279053
v -128.463135 25.232254 276.757202
v -129.319901 25.232254 278.494904
v -129.319901 25.232254 280.322052
v -128.463135 25.232254 282.059723
v -126.833488 25.232254 283.537903
v -124.590462 25.232254 284.611847
v -121.953621 25.232254 285.176453
v -119.181099 25.232254 285.176453
v -116.544258 25.232254 284.611847
v -114.301231 25.232254 283.537872
v -112.671577 25.232254 282.059723
v -111.814812 25.232254 280.322052
v -111.814812 25.232254 278.494904
v -109.786812 25.811981 275.788574
v -112.011864 25.811981 273.770355
v -115.074394 25.811981 272.304016
v -118.674614 25.811981 271.533112
v -122.460106 25.811981 271.533112
v -126.060318 25.811981 272.304016
v -129.122849 25.811981 273.770355
v -131.347900 25.811981 275.788574
v -132.517670 25.811981 278.161133
v -132.517670 25.811981 280.655823
v -131.347900 25.811981 283.028381
v -129.122849 25.811981 285.046600
v -126.060318 25.811981 286.512939
v -122.460106 25.811981 287.283813
v -118.674622 25.811981 287.283813
v -115.074402 25.811981 286.512939
v -112.011871 25.811981 285.046600
v -109.786819 25.811981 283.028381
v -108.617043 25.811981 280.655823
v -108.617035 25.811981 278.161133
v -107.167503 26.562973 274.909058
v -109.933167 26.562973 272.400482
v -113.739792 26.562973 270.577881
v -118.214737 26.562973 269.619690
v -122.919983 26.562973 269.619690
v -127.394928 26.562973 270.577881
v -131.201538 26.562973 272.400482
v -133.967209 26.562973 274.909058
v -135.421204 26.562973 277.858093
v -135.421204 26.562973 280.958862
v -133.967209 26.562973 283.907898
v -131.201538 26.562973 286.416473
v -127.394928 26.562973 288.239044
v -122.919983 26.562973 289.197266
v -118.214737 26.562973 289.197266
v -113.739792 26.562973 288.239044
v -109.933174 26.562973 286.416473
v -107.167511 26.562973 283.907898
v -105.713509 26.562973 280.958862
v -105.713509 26.562973 277.858093
v -104.878143 27.466370 274.140350
v -108.116318 27.466370 271.203156
v -112.573303 27.466370 269.069153
v -117.812798 27.466370 267.947266
v -123.321922 27.466370 267.947266
v -128.561417 27.466370 269.069183
v -133.018387 27.466370 271.203156
v -136.256561 27.466370 274.140350
v -137.958969 27.466370 277.593201
v -137.958969 27.466370 281.223755
v -136.256561 27.466370 284.676605
v -133.018387 27.466370 287.613770
v -128.561417 27.466370 289.747742
v -123.321922 27.466370 290.869659
v -117.812798 27.466370 290.869659
v -112.573303 27.466370 289.747742
v -108.116333 27.466370 287.613770
v -104.878159 27.466370 284.676605
v -103.175735 27.466370 281.223755
v -103.175735 27.466370 277.593201
v -102.975098 28.499542 273.501312
v -106.606064 28.499542 270.207886
v -111.603653 28.499542 267.815063
v -117.478676 28.499542 266.557068
v -123.656036 28.499542 266.557068
v -129.531052 28.499542 267.815063
v -134.528656 28.499542 270.207886
v -138.159607 28.499542 273.501343
v -140.068512 28.499542 277.373016
v -140.068512 28.499542 281.443939
v -138.159607 28.499542 285.315613
v -134.528656 28.499542 288.609039
v -129.531052 28.499542 291.001892
v -123.656036 28.499542 292.259857
v -117.478683 28.499542 292.259857
v -111.603661 28.499542 291.001892
v -106.606071 28.499542 288.609039
v -102.975113 28.499542 285.315613
v -101.066208 28.499542 281.443939
v -101.066200 28.499542 277.373016
v -101.505241 29.637619 273.007782
v -105.439583 29.637619 269.439148
v -110.854721 29.637619 266.846405
v -117.220612 29.637619 265.483307
v -123.914108 29.637619 265.483307
v -130.279984 29.637619 266.846405
v -135.695129 29.637619 269.439178
v -139.629456 29.637619 273.007812
v -141.697861 29.637619 277.202942
v -141.697861 29.637619 281.613983
v -139.629456 29.637619 285.809143
v -135.695114 29.637619 289.377777
v -130.279984 29.637619 291.970520
v -123.914101 29.637619 293.333618
v -117.220619 29.637619 293.333618
v -110.854729 29.637619 291.970520
v -105.439590 29.637619 289.377777
v -101.505249 29.637619 285.809143
v -99.436844 29.637619 281.613983
v -99.436836 29.637619 277.202942
v -100.504761 30.852829 272.671844
v -104.645592 30.852829 268.915924
v -110.344955 30.852829 266.187073
v -117.044960 30.852829 264.752441
v -124.089760 30.852829 264.752441
v -130.789764 30.852829 266.187073
v -136.489105 30.852829 268.915924
v -140.629929 30.852829 272.671844
v -142.806915 30.852829 277.087189
v -142.806915 30.852829 281.729767
v -140.629929 30.852829 286.145111
v -136.489105 30.852829 289.901031
v -130.789749 30.852829 292.629852
v -124.089760 30.852829 294.064514
v -117.044960 30.852829 294.064514
v -110.344963 30.852829 292.629852
v -104.645599 30.852829 289.901031
v -100.504776 30.852829 286.145111
v -98.327805 30.852829 281.729767
v -98.327797 30.852829 277.087189
v -99.998291 32.114517 272.501770
v -104.243645 32.114517 268.651031
v -110.086884 32.114517 265.853302
v -116.956032 32.114517 264.382446
v -124.178680 32.114517 264.382446
v -131.047836 32.114517 265.853302
v -136.891052 32.114517 268.651031
v -141.136414 32.114517 272.501770
v -143.368347 32.114517 277.028595
v -143.368347 32.114517 281.788361
v -141.136414 32.114517 286.315186
v -136.891052 32.114517 290.165924
v -131.047821 32.114517 292.963623
v -124.178680 32.114517 294.434479
v -116.956039 32.114517 294.434479
v -110.086899 32.114517 292.963623
v -104.243652 32.114517 290.165924
v -99.998299 32.114517 286.315186
v -97.766373 32.114517 281.788361
v -97.766365 32.114517 277.028595
v -83.901978 217.397919 270.082764
v -91.469543 217.397919 266.228607
v -101.885414 217.397919 263.427490
v -114.129997 217.397919 261.954865
v -127.004715 217.397919 261.954865
v -139.249298 217.397919 263.427490
v -149.665146 217.397919 266.228607
v -157.232712 217.397919 270.082764
v -161.211212 217.397919 274.610718
v -161.211212 217.397919 279.370514
v -157.232712 217.397919 283.896179
v -149.665146 217.397919 287.743500
v -139.249283 217.397919 290.537811
v -127.004707 217.397919 292.006897
v -114.130005 217.397919 292.006897
v -101.885429 217.397919 290.537811
v -91.469566 217.397919 287.743500
v -83.902000 217.397919 283.896179
v -79.923508 217.397919 279.370514
v -79.923485 217.397919 274.610718
v -84.804802 218.659622 270.368561
v -92.186035 218.659622 266.611267
v -102.345421 218.659622 263.881073
v -114.288506 218.659622 262.445587
v -126.846199 218.659622 262.445587
v -138.789276 218.659622 263.881073
v -148.948669 218.659622 266.611267
v -156.329895 218.659622 270.368561
v -160.210434 218.659622 274.784149
v -160.210434 218.659622 279.426697
v -156.329895 218.659622 283.841827
v -148.948654 218.659622 287.596375
v -138.789276 218.659622 290.323853
v -126.846199 218.659622 291.757629
v -114.288513 218.659622 291.757629
v -102.345436 218.659622 290.323853
v -92.186050 218.659622 287.596375
v -84.804817 218.659622 283.841827
v -80.924286 218.659622 279.426697
v -80.924271 218.659622 274.784149
v -86.588211 219.874542 270.818390
v -93.601357 219.874542 267.249786
v -103.254120 219.874542 264.657013
v -114.601616 219.874542 263.293915
v -126.533089 219.874542 263.293915
v -137.880585 219.874542 264.657043
v -147.533340 219.874542 267.249786
v -154.546478 219.874542 270.818420
v -158.233505 219.874542 275.013580
v -158.233505 219.874542 279.424622
v -154.546478 219.874542 283.619781
v -147.533340 219.874542 287.188385
v -137.880585 219.874542 289.781158
v -126.533089 219.874542 291.144226
v -114.601624 219.874542 291.144226
v -103.254135 219.874542 289.781158
v -93.601372 219.874542 287.188385
v -86.588234 219.874542 283.619781
v -82.901215 219.874542 279.424622
v -82.901207 219.874542 275.013580
v -89.208313 221.012741 271.434753
v -95.680679 221.012741 268.138428
v -104.589127 221.012741 265.742706
v -115.061630 221.012741 264.483429
v -126.073074 221.012741 264.483429
v -136.545578 221.012741 265.742737
v -145.454025 221.012741 268.138458
v -151.926392 221.012741 271.434753
v -155.329102 221.012741 275.308228
v -155.329102 221.012741 279.379150
v -151.926392 221.012741 283.249023
v -145.454025 221.012741 286.539612
v -136.545578 221.012741 288.929535
v -126.073074 221.012741 290.186249
v -115.061638 221.012741 290.186249
v -104.589134 221.012741 288.929535
v -95.680695 221.012741 286.539612
v -89.208328 221.012741 283.249023
v -85.805611 221.012741 279.379120
v -85.805603 221.012741 275.308197
v -92.600571 222.046219 272.198120
v -98.372787 222.046219 269.258057
v -106.317566 222.046219 267.117371
v -115.657211 222.046219 265.986908
v -125.477493 222.046219 265.986908
v -134.817139 222.046219 267.117371
v -142.761902 222.046219 269.258057
v -148.534134 222.046219 272.198120
v -151.568756 222.046219 275.664734
v -151.568756 222.046219 279.295288
v -148.534134 222.046219 282.734375
v -142.761902 222.046219 285.668671
v -134.817139 222.046219 287.795959
v -125.477493 222.046219 288.909302
v -115.657219 222.046219 288.909302
v -106.317581 222.046219 287.795959
v -98.372803 222.046219 285.668671
v -92.600586 222.046219 282.734375
v -89.565956 222.046219 279.295288
v -89.565948 222.046219 275.664734
v -96.681465 222.949493 273.088043
v -101.611404 222.949493 270.568848
v -108.396889 222.949493 268.741241
v -116.373695 222.949493 267.769653
v -124.761009 222.949493 267.769653
v -132.737823 222.949493 268.741272
v -139.523300 222.949493 270.568848
v -144.453232 222.949493 273.088043
v -147.045059 222.949493 276.070099
v -147.045059 222.949493 279.170898
v -144.453232 222.949493 282.086853
v -139.523300 222.949493 284.584839
v -132.737823 222.949493 286.402435
v -124.761009 222.949493 287.347229
v -116.373703 222.949493 287.347229
v -108.396896 222.949493 286.402435
v -101.611420 222.949493 284.584839
v -96.681480 222.949493 282.086853
v -94.089661 222.949493 279.170898
v -94.089645 222.949493 276.070099
v -101.350510 223.700363 274.089722
v -105.316780 223.700363 272.046844
v -110.775887 223.700363 270.572876
v -117.193443 223.700363 269.792572
v -123.941269 223.700363 269.792572
v -130.358826 223.700363 270.572876
v -135.817917 223.700363 272.046844
v -139.784195 223.700363 274.089722
v -141.869385 223.700363 276.497223
v -141.869385 223.700363 278.991913
v -139.784195 223.700363 281.329529
v -135.817917 223.700363 283.323090
v -130.358826 223.700363 284.781799
v -123.941269 223.700363 285.543274
v -117.193443 223.700363 285.543274
v -110.775894 223.700363 284.781799
v -105.316788 223.700363 283.323090
v -101.350525 223.700363 281.329529
v -99.265335 223.700363 278.991913
v -99.265320 223.700363 276.497223
v -106.492737 224.280304 275.159821
v -109.397675 224.280304 273.656586
v -113.395981 224.280304 272.574097
v -118.096268 224.280304 271.999664
v -123.038445 224.280304 271.999664
v -127.738731 224.280304 272.574097
v -131.737030 224.280304 273.656586
v -134.641968 224.280304 275.159821
v -136.169174 224.280304 276.932220
v -136.169174 224.280304 278.759338
v -134.641968 224.280304 280.462341
v -131.737030 224.280304 281.915436
v -127.738731 224.280304 282.980865
v -123.038445 224.280304 283.535645
v -118.096268 224.280304 283.535645
v -113.395981 224.280304 282.980835
v -109.397682 224.280304 281.915436
v -106.492744 224.280304 280.462341
v -104.965530 224.280304 278.759338
v -104.965523 224.280304 276.932220
v -111.981522 224.675049 276.284393
v -113.753601 224.675049 275.362274
v -116.192657 224.675049 274.692902
v -119.059929 224.675049 274.335236
v -122.074776 224.675049 274.335236
v -124.942055 224.675049 274.692902
v -127.381111 224.675049 275.362274
v -129.153183 224.675049 276.284393
v -130.084808 224.675049 277.372009
v -130.084808 224.675049 278.486603
v -129.153183 224.675049 279.519073
v -127.381111 224.675049 280.400391
v -124.942055 224.675049 281.041260
v -122.074776 224.675049 281.372406
v -119.059937 224.675049 281.372406
v -116.192657 224.675049 281.041260
v -113.753609 224.675049 280.400360
v -111.981529 224.675049 279.519073
v -111.049896 224.675049 278.486603
v -111.049889 224.675049 277.372009
v -118.408928 24.654465 278.683716
v -118.854416 24.654465 278.279633
v -119.467590 24.654465 277.986053
v -120.188408 24.654465 277.831696
v -120.946312 24.654465 277.831696
v -121.667130 24.654465 277.986053
v -122.280304 24.654465 278.279633
v -122.725792 24.654465 278.683716
v -122.959999 24.654465 279.158752
v -122.959999 24.654465 279.658203
v -122.725792 24.654465 280.133240
v -122.280304 24.654465 280.537323
v -121.667130 24.654465 280.830902
v -120.946312 24.654465 280.985229
v -120.188408 24.654465 280.985229
v -119.467590 24.654465 280.830902
v -118.854416 24.654465 280.537323
v -118.408928 24.654465 280.133240
v -118.174721 24.654465 279.658203
v -118.174721 24.654465 279.158752
v -116.719849 224.858139 277.234222
v -117.513962 224.858139 276.817657
v -118.606956 224.858139 276.507843
v -119.891846 224.858139 276.344574
v -121.242859 224.858139 276.344574
v -122.527756 224.858139 276.507843
v -123.620750 224.858139 276.817657
v -124.414856 224.858139 277.234222
v -124.832344 224.858139 277.718262
v -124.832344 224.858139 278.217743
v -124.414856 224.858139 278.683746
v -123.620750 224.858139 279.075348
v -122.527756 224.858139 279.352692
v -121.242859 224.858139 279.498077
v -119.891846 224.858139 279.498077
v -118.606956 224.858139 279.352692
v -117.513962 224.858139 279.075348
v -116.719856 224.858139 278.683746
v -116.302368 224.858139 278.217743
v -116.302368 224.858139 277.718262
v -84.553528 206.776642 269.221252
v -91.986618 206.776642 265.344482
v -102.217392 206.776642 262.527374
v -114.244385 206.776642 261.046509
v -126.890320 206.776642 261.046509
v -138.917313 206.776642 262.527374
v -149.148071 206.776642 265.344482
v -156.581161 206.776642 269.221252
v -160.488983 206.776642 273.777191
v -160.488983 206.776642 278.566437
v -156.581161 206.776642 283.120239
v -149.148071 206.776642 286.992615
v -138.917297 206.776642 289.805603
v -126.890312 206.776642 291.284668
v -114.244392 206.776642 291.284668
v -102.217407 206.776642 289.805603
v -91.986633 206.776642 286.992615
v -84.553551 206.776642 283.120239
v -80.645744 206.776642 278.566437
v -80.645737 206.776642 273.777191
v -155.221588 191.330139 282.232544
v -148.069107 191.330139 286.106964
v -138.224564 191.330139 288.922028
v -126.651611 191.330139 290.401978
v -114.483093 191.330139 290.401978
v -102.910149 191.330139 288.922028
v -93.065605 191.330139 286.106964
v -85.913132 191.330139 282.232544
v -82.152855 191.330139 277.677856
v -82.152840 191.330139 272.888580
v -85.913116 191.330139 268.333588
v -93.065590 191.330139 264.458832
v -102.910133 191.330139 261.643768
v -114.483093 191.330139 260.163818
v -126.651619 191.330139 260.163818
v -138.224579 191.330139 261.643768
v -148.069107 191.330139 264.458832
v -155.221588 191.330139 268.333588
v -158.981873 191.330139 272.888580
v -158.981873 191.330139 277.677856
v -97.369934 129.709396 264.569641
v -105.673691 129.709396 261.754578
v -115.435349 129.709396 260.274628
v -125.699371 129.709396 260.274628
v -135.461029 129.709396 261.754578
v -143.764771 129.709396 264.569641
v -149.797791 129.709396 268.444214
v -152.969559 129.709396 272.999176
v -152.969559 129.709396 277.788452
v -149.797791 129.709396 282.343170
v -143.764771 129.709396 286.217773
v -135.461014 129.709396 289.032806
v -125.699356 129.709396 290.512787
v -115.435349 129.709396 290.512787
v -105.673698 129.709396 289.032806
v -97.369949 129.709396 286.217773
v -91.336914 129.709396 282.343170
v -88.165161 129.709396 277.788452
v -88.165154 129.709396 272.999176
v -91.336899 129.709396 268.444214
v -156.075867 161.546326 277.549072
v -152.600037 161.546326 282.103943
v -145.988647 161.546326 285.978516
v -136.888824 161.546326 288.793549
v -126.191345 161.546326 290.273529
v -114.943359 161.546326 290.273529
v -104.245880 161.546326 288.793549
v -95.146072 161.546326 285.978516
v -88.534668 161.546326 282.103943
v -85.058853 161.546326 277.549072
v -85.058838 161.546326 272.759827
v -88.534653 161.546326 268.204956
v -95.146057 161.546326 264.330383
v -104.245872 161.546326 261.515320
v -114.943352 161.546326 260.035370
v -126.191360 161.546326 260.035370
v -136.888840 161.546326 261.515320
v -145.988647 161.546326 264.330383
v -152.600037 161.546326 268.204956
v -156.075867 161.546326 272.759827
v -147.872849 77.472748 279.915466
v -145.199982 77.472748 284.470184
v -140.115936 77.472748 288.344788
v -133.118317 77.472748 291.159821
v -124.892120 77.472748 292.639771
v -116.242592 77.472748 292.639771
v -108.016403 77.472748 291.159821
v -101.018784 77.472748 288.344788
v -95.934723 77.472748 284.470184
v -93.261871 77.472748 279.915466
v -93.261864 77.472748 275.126190
v -95.934715 77.472748 270.571228
v -101.018776 77.472748 266.696655
v -108.016388 77.472748 263.881592
v -116.242584 77.472748 262.401642
v -124.892136 77.472748 262.401642
v -133.118332 77.472748 263.881592
v -140.115936 77.472748 266.696655
v -145.199982 77.472748 270.571228
v -147.872849 77.472748 275.126190
v -112.365204 220.338013 273.449127
v -113.590187 220.338013 271.044983
v -115.498146 220.338013 269.137024
v -117.902313 220.338013 267.912018
v -120.567352 220.338013 267.489929
v -123.232391 220.338013 267.912018
v -125.636559 220.338013 269.137024
v -127.544518 220.338013 271.044983
v -128.769501 220.338013 273.449127
v -129.191605 220.338013 276.114166
v -128.769501 220.338013 278.779205
v -127.544518 220.338013 281.183380
v -125.636559 220.338013 283.091339
v -123.232391 220.338013 284.316315
v -120.567352 220.338013 284.738434
v -117.902313 220.338013 284.316315
v -115.498146 220.338013 283.091339
v -113.590195 220.338013 281.183380
v -112.365204 220.338013 278.779205
v -111.943108 220.338013 276.114166
v -112.365204 250.723938 276.863647
v -113.590187 250.739822 274.459503
v -115.498146 250.770035 272.551544
v -117.902313 250.811569 271.326538
v -120.567352 250.821213 270.904449
v -123.232391 250.811569 271.326538
v -125.636559 250.770035 272.551544
v -127.544518 250.739822 274.459503
v -128.769501 250.723938 276.863647
v -129.191605 250.723938 279.528687
v -128.769501 250.739822 282.193726
v -127.544518 250.770035 284.597900
v -125.636559 250.811569 286.505859
v -123.232391 250.821213 287.730835
v -120.567352 250.821213 288.152954
v -117.902313 250.821213 287.730835
v -115.498146 250.811569 286.505859
v -113.590195 250.770035 284.597900
v -112.365204 250.739822 282.193726
v -111.943108 250.723938 279.528687
v -120.567352 220.338013 276.114166
v -120.567352 250.821213 279.528687
v -112.365204 235.714600 274.542999
v -111.943108 235.714600 277.208038
v -112.365204 235.714600 279.873077
v -113.590195 235.714600 282.277252
v -115.498146 235.714600 284.185211
v -117.902313 235.714600 285.410187
v -120.567352 235.714600 285.832306
v -123.232391 235.714600 285.410187
v -125.636559 235.714600 284.185211
v -127.544518 235.714600 282.277252
v -128.769501 235.714600 279.873077
v -129.191605 235.714600 277.208038
v -128.769501 235.714600 274.542999
v -127.544518 235.714600 272.138855
v -125.636559 235.714600 270.230896
v -123.232391 235.714600 269.005890
v -120.567352 235.714600 268.583801
v -117.902313 235.714600 269.005890
v -115.498146 235.714600 270.230896
v -113.590187 235.714600 272.138855
v -112.365204 227.561111 273.727722
v -111.943108 227.561111 276.392761
v -112.365204 227.561111 279.057800
v -113.590195 227.561111 281.461975
v -115.498146 227.561111 283.369934
v -117.902313 227.561111 284.594910
v -120.567352 227.561111 285.017029
v -123.232391 227.561111 284.594910
v -125.636559 227.561111 283.369934
v -127.544518 227.561111 281.461975
v -128.769501 227.561111 279.057800
v -129.191605 227.561111 276.392761
v -128.769501 227.561111 273.727722
v -127.544518 227.561111 271.323547
v -125.636559 227.561111 269.415619
v -123.232391 227.561111 268.190613
v -120.567352 227.561111 267.768524
v -117.902313 227.561111 268.190613
v -115.498146 227.561111 269.415588
v -113.590187 227.561111 271.323547
vt 0.708028 0.762816
vt 0.728041 0.762816
vt 0.728375 0.776381
vt 0.705411 0.776381
vt 0.710081 0.751229
vt 0.726726 0.751229
vt 0.745758 0.762816
vt 0.748732 0.776381
vt 0.727751 0.791593
vt 0.702399 0.791593
vt 0.687346 0.762816
vt 0.682285 0.776381
vt 0.711567 0.741908
vt 0.724467 0.741908
vt 0.741451 0.751229
vt 0.692909 0.751229
vt 0.759727 0.762816
vt 0.764858 0.776381
vt 0.750361 0.791593
vt 0.726289 0.808075
vt 0.699385 0.808075
vt 0.677276 0.791593
vt 0.668512 0.762816
vt 0.660885 0.776381
vt 0.712544 0.735081
vt 0.721367 0.735081
vt 0.735888 0.741908
vt 0.698326 0.741908
vt 0.753027 0.751229
vt 0.676807 0.751229
vt 0.768772 0.762816
vt 0.775374 0.776381
vt 0.768368 0.791593
vt 0.750703 0.808075
vt 0.724142 0.825423
vt 0.696229 0.825423
vt 0.673147 0.808075
vt 0.654554 0.791593
vt 0.652879 0.762816
vt 0.643422 0.776381
vt 0.729210 0.735081
vt 0.703556 0.735081
vt 0.744859 0.741908
vt 0.686023 0.741908
vt 0.663876 0.751229
vt 0.780194 0.791593
vt 0.770247 0.808075
vt 0.749832 0.825423
vt 0.721532 0.843208
vt 0.694086 0.843208
vt 0.670181 0.825423
vt 0.649730 0.808075
vt 0.635761 0.791593
vt 0.695284 0.735081
vt 0.675963 0.741908
vt 0.783170 0.808075
vt 0.770515 0.825423
vt 0.747868 0.843208
vt 0.718789 0.860993
vt 0.691795 0.860993
vt 0.667592 0.843208
vt 0.645907 0.825423
vt 0.629862 0.808075
vt 0.631676 0.776381
vt 0.622905 0.791593
vt 0.784264 0.825423
vt 0.769220 0.843208
vt 0.744915 0.860993
vt 0.715821 0.878340
vt 0.689394 0.878340
vt 0.665103 0.860993
vt 0.642624 0.843208
vt 0.625091 0.825423
vt 0.615978 0.808075
vt 0.783457 0.843208
vt 0.766405 0.860993
vt 0.740641 0.878340
vt 0.712344 0.894823
vt 0.687187 0.894823
vt 0.663280 0.878340
vt 0.640298 0.860993
vt 0.621474 0.843208
vt 0.610525 0.825423
vt 0.780741 0.860993
vt 0.761840 0.878340
vt 0.735715 0.894823
vt 0.708510 0.910034
vt 0.685307 0.910034
vt 0.662319 0.894823
vt 0.639184 0.878340
vt 0.619395 0.860993
vt 0.606749 0.843208
vt 0.775925 0.878340
vt 0.755428 0.894823
vt 0.729986 0.910034
vt 0.704371 0.923600
vt 0.683801 0.923600
vt 0.662348 0.910034
vt 0.639512 0.894823
vt 0.619074 0.878340
vt 0.604952 0.860993
vt 0.768850 0.894823
vt 0.747741 0.910034
vt 0.723339 0.923600
vt 0.699985 0.935186
vt 0.682659 0.935186
vt 0.663409 0.923600
vt 0.641407 0.910034
vt 0.620662 0.894823
vt 0.605295 0.878340
vt 0.759807 0.910034
vt 0.738902 0.923600
vt 0.715887 0.935186
vt 0.695384 0.944508
vt 0.681857 0.944508
vt 0.665464 0.935186
vt 0.644897 0.923600
vt 0.624275 0.910034
vt 0.607897 0.894823
vt 0.728834 0.935186
vt 0.707752 0.944508
vt 0.668410 0.944508
vt 0.649899 0.935186
vt 0.629895 0.923600
vt 0.612791 0.910034
vt 0.656273 0.944508
vt 0.637390 0.935186
vt 0.828730 0.762816
vt 0.846446 0.762816
vt 0.846112 0.776381
vt 0.825756 0.776381
vt 0.833037 0.751229
vt 0.847761 0.751229
vt 0.866459 0.762816
vt 0.869077 0.776381
vt 0.846737 0.791593
vt 0.824126 0.791593
vt 0.814761 0.762816
vt 0.809630 0.776381
vt 0.838599 0.741908
vt 0.850021 0.741908
vt 0.864407 0.751229
vt 0.821461 0.751229
vt 0.887141 0.762816
vt 0.892203 0.776381
vt 0.872088 0.791593
vt 0.848199 0.808075
vt 0.823784 0.808075
vt 0.806120 0.791593
vt 0.805715 0.762816
vt 0.799114 0.776381
vt 0.845278 0.735081
vt 0.853121 0.735081
vt 0.862920 0.741908
vt 0.829628 0.741908
vt 0.881578 0.751229
vt 0.905976 0.762816
vt 0.913603 0.776381
vt 0.897212 0.791593
vt 0.875103 0.808075
vt 0.850346 0.825423
vt 0.824656 0.825423
vt 0.804241 0.808075
vt 0.794294 0.791593
vt 0.861944 0.735081
vt 0.876161 0.741908
vt 0.897681 0.751229
vt 0.921608 0.762816
vt 0.931066 0.776381
vt 0.919933 0.791593
vt 0.901340 0.808075
vt 0.878259 0.825423
vt 0.852956 0.843208
vt 0.826620 0.843208
vt 0.803972 0.825423
vt 0.791318 0.808075
vt 0.870931 0.735081
vt 0.888464 0.741908
vt 0.910612 0.751229
vt 0.938726 0.791593
vt 0.924757 0.808075
vt 0.904307 0.825423
vt 0.880402 0.843208
vt 0.855699 0.860993
vt 0.829572 0.860993
vt 0.805268 0.843208
vt 0.790224 0.825423
vt 0.879204 0.735081
vt 0.898524 0.741908
vt 0.942818 0.776381
vt 0.951582 0.791593
vt 0.944625 0.808075
vt 0.928581 0.825423
vt 0.906896 0.843208
vt 0.882693 0.860993
vt 0.858667 0.878340
vt 0.833847 0.878340
vt 0.808083 0.860993
vt 0.791031 0.843208
vt 0.958506 0.808075
vt 0.949397 0.825423
vt 0.931864 0.843208
vt 0.909384 0.860993
vt 0.885094 0.878340
vt 0.862144 0.894823
vt 0.838773 0.894823
vt 0.812648 0.878340
vt 0.793747 0.860993
vt 0.963953 0.825423
vt 0.953014 0.843208
vt 0.934190 0.860993
vt 0.911208 0.878340
vt 0.887301 0.894823
vt 0.865978 0.910034
vt 0.844501 0.910034
vt 0.819060 0.894823
vt 0.798563 0.878340
vt 0.967729 0.843208
vt 0.955092 0.860993
vt 0.935303 0.878340
vt 0.912169 0.894823
vt 0.889181 0.910034
vt 0.870112 0.923600
vt 0.851148 0.923600
vt 0.826747 0.910034
vt 0.805638 0.894823
vt 0.969532 0.860993
vt 0.955414 0.878340
vt 0.934976 0.894823
vt 0.912139 0.910034
vt 0.890687 0.923600
vt 0.874502 0.935186
vt 0.858601 0.935186
vt 0.835586 0.923600
vt 0.814681 0.910034
vt 0.969195 0.878340
vt 0.953826 0.894823
vt 0.933080 0.910034
vt 0.911079 0.923600
vt 0.891829 0.935186
vt 0.879104 0.944508
vt 0.866735 0.944508
vt 0.845654 0.935186
vt 0.966592 0.894823
vt 0.950213 0.910034
vt 0.929590 0.923600
vt 0.909024 0.935186
vt 0.892631 0.944508
vt 0.961688 0.910034
vt 0.944592 0.923600
vt 0.924589 0.935186
vt 0.906078 0.944508
vt 0.937097 0.935186
vt 0.918214 0.944508
vt 0.165638 0.011099
vt 0.173962 0.011099
vt 0.174373 0.013526
vt 0.165918 0.013526
vt 0.165249 0.008718
vt 0.173391 0.008718
vt 0.181648 0.011099
vt 0.182180 0.013526
vt 0.174620 0.015982
vt 0.166086 0.015982
vt 0.156874 0.011099
vt 0.157016 0.013526
vt 0.164753 0.006397
vt 0.172662 0.006396
vt 0.180908 0.008718
vt 0.156677 0.008718
vt 0.188498 0.011099
vt 0.189138 0.013526
vt 0.182500 0.015982
vt 0.176571 0.061103
vt 0.167997 0.061103
vt 0.157101 0.015982
vt 0.147891 0.011099
vt 0.147891 0.013526
vt 0.164153 0.004150
vt 0.171781 0.004150
vt 0.179965 0.006397
vt 0.156426 0.006396
vt 0.187608 0.008718
vt 0.147891 0.008718
vt 0.189523 0.015982
vt 0.184488 0.061103
vt 0.182092 0.191523
vt 0.173504 0.191523
vt 0.158970 0.061103
vt 0.147891 0.015982
vt 0.138907 0.011099
vt 0.138766 0.013526
vt 0.156123 0.004150
vt 0.147891 0.006397
vt 0.139104 0.008718
vt 0.191543 0.061103
vt 0.190021 0.191523
vt 0.187802 0.328598
vt 0.179215 0.328598
vt 0.164464 0.191523
vt 0.149717 0.061103
vt 0.138680 0.015982
vt 0.130143 0.011099
vt 0.129864 0.013526
vt 0.155768 0.001992
vt 0.163453 0.001992
vt 0.147891 0.004150
vt 0.139355 0.006396
vt 0.130532 0.008718
vt 0.197087 0.191523
vt 0.195731 0.328598
vt 0.190323 0.393684
vt 0.181736 0.393684
vt 0.170174 0.328598
vt 0.155196 0.191523
vt 0.140464 0.061103
vt 0.129695 0.015982
vt 0.121819 0.011099
vt 0.121408 0.013526
vt 0.147891 0.001992
vt 0.139659 0.004150
vt 0.131028 0.006397
vt 0.122391 0.008718
vt 0.202798 0.328598
vt 0.198252 0.393684
vt 0.191018 0.439032
vt 0.182431 0.439032
vt 0.172695 0.393684
vt 0.160906 0.328598
vt 0.145929 0.191523
vt 0.131437 0.061103
vt 0.121161 0.015982
vt 0.114133 0.011099
vt 0.113601 0.013526
vt 0.140013 0.001992
vt 0.131628 0.004150
vt 0.123120 0.006396
vt 0.114873 0.008718
vt 0.198947 0.439032
vt 0.191249 0.516895
vt 0.182662 0.516895
vt 0.173390 0.439032
vt 0.163428 0.393684
vt 0.151639 0.328598
vt 0.136888 0.191523
vt 0.122863 0.061103
vt 0.113281 0.015982
vt 0.107284 0.011099
vt 0.106644 0.013526
vt 0.132329 0.001992
vt 0.124001 0.004150
vt 0.115817 0.006397
vt 0.108173 0.008718
vt 0.199178 0.516895
vt 0.191125 0.592772
vt 0.182538 0.592772
vt 0.173622 0.516895
vt 0.164123 0.439032
vt 0.154160 0.393684
vt 0.142599 0.328598
vt 0.128301 0.191523
vt 0.114947 0.061103
vt 0.106258 0.015982
vt 0.199054 0.592772
vt 0.190752 0.632162
vt 0.182164 0.632162
vt 0.173497 0.592772
vt 0.164354 0.516895
vt 0.154855 0.439032
vt 0.145120 0.393684
vt 0.134012 0.328598
vt 0.120373 0.191523
vt 0.107891 0.061103
vt 0.198681 0.632162
vt 0.189644 0.657679
vt 0.181055 0.657679
vt 0.173123 0.632162
vt 0.164230 0.592772
vt 0.155087 0.516895
vt 0.145815 0.439032
vt 0.136533 0.393684
vt 0.126083 0.328598
vt 0.113306 0.191523
vt 0.197574 0.657679
vt 0.187316 0.691941
vt 0.178726 0.691941
vt 0.172014 0.657679
vt 0.163856 0.632162
vt 0.154962 0.592772
vt 0.146046 0.516895
vt 0.137227 0.439032
vt 0.128604 0.393684
vt 0.119017 0.328598
vt 0.195249 0.691941
vt 0.185014 0.721534
vt 0.176436 0.721534
vt 0.169684 0.691941
vt 0.162747 0.657679
vt 0.154588 0.632162
vt 0.145922 0.592772
vt 0.137459 0.516895
vt 0.129299 0.439032
vt 0.192937 0.721534
vt 0.183982 0.733046
vt 0.175445 0.733046
vt 0.167408 0.721534
vt 0.160417 0.691941
vt 0.153479 0.657679
vt 0.145548 0.632162
vt 0.137335 0.592772
vt 0.129530 0.516895
vt 0.191867 0.733046
vt 0.183507 0.735503
vt 0.175051 0.735503
vt 0.166458 0.733046
vt 0.158154 0.721534
vt 0.151149 0.691941
vt 0.144439 0.657679
vt 0.136961 0.632162
vt 0.129406 0.592772
vt 0.182876 0.737929
vt 0.174552 0.737929
vt 0.166148 0.735503
vt 0.157248 0.733046
vt 0.148901 0.721534
vt 0.142110 0.691941
vt 0.135854 0.657679
vt 0.129033 0.632162
vt 0.165787 0.737929
vt 0.157022 0.735503
vt 0.148038 0.733046
vt 0.139876 0.721534
vt 0.133526 0.691941
vt 0.127926 0.657679
vt 0.173944 0.740310
vt 0.165372 0.740310
vt 0.156803 0.737929
vt 0.147898 0.735503
vt 0.139054 0.733046
vt 0.131306 0.721534
vt 0.125601 0.691941
vt 0.156586 0.740310
vt 0.147820 0.737929
vt 0.138997 0.735503
vt 0.130523 0.733046
vt 0.123396 0.721534
vt 0.147799 0.740310
vt 0.139057 0.737929
vt 0.130543 0.735503
vt 0.122648 0.733046
vt 0.139227 0.740310
vt 0.130733 0.737929
vt 0.030771 0.011099
vt 0.039095 0.011099
vt 0.038815 0.013526
vt 0.030360 0.013526
vt 0.031342 0.008718
vt 0.039484 0.008718
vt 0.047858 0.011099
vt 0.047717 0.013526
vt 0.038647 0.015982
vt 0.030112 0.015982
vt 0.023085 0.011099
vt 0.022553 0.013526
vt 0.032071 0.006396
vt 0.039980 0.006397
vt 0.048055 0.008718
vt 0.023824 0.008718
vt 0.056842 0.011099
vt 0.056842 0.013526
vt 0.047632 0.015982
vt 0.036736 0.061103
vt 0.028162 0.061103
vt 0.022232 0.015982
vt 0.016235 0.011099
vt 0.015595 0.013526
vt 0.032952 0.004150
vt 0.040580 0.004150
vt 0.048306 0.006396
vt 0.024768 0.006397
vt 0.056842 0.008718
vt 0.017125 0.008718
vt 0.065826 0.011099
vt 0.065967 0.013526
vt 0.056842 0.015982
vt 0.045762 0.061103
vt 0.031228 0.191523
vt 0.022641 0.191523
vt 0.020245 0.061103
vt 0.015210 0.015982
vt 0.048610 0.004150
vt 0.056842 0.006397
vt 0.065629 0.008718
vt 0.074589 0.011099
vt 0.074869 0.013526
vt 0.066052 0.015982
vt 0.055016 0.061103
vt 0.040269 0.191523
vt 0.025517 0.328598
vt 0.016930 0.328598
vt 0.014712 0.191523
vt 0.013190 0.061103
vt 0.041280 0.001992
vt 0.048965 0.001992
vt 0.056842 0.004150
vt 0.065378 0.006396
vt 0.074200 0.008718
vt 0.082913 0.011099
vt 0.083324 0.013526
vt 0.075037 0.015982
vt 0.064269 0.061103
vt 0.049537 0.191523
vt 0.034559 0.328598
vt 0.022997 0.393684
vt 0.014409 0.393684
vt 0.009001 0.328598
vt 0.007646 0.191523
vt 0.056842 0.001992
vt 0.065074 0.004150
vt 0.073704 0.006397
vt 0.082342 0.008718
vt 0.090600 0.011099
vt 0.091132 0.013526
vt 0.083572 0.015982
vt 0.073295 0.061103
vt 0.058804 0.191523
vt 0.043826 0.328598
vt 0.032037 0.393684
vt 0.022302 0.439032
vt 0.013715 0.439032
vt 0.006480 0.393684
vt 0.001935 0.328598
vt 0.064719 0.001992
vt 0.073104 0.004150
vt 0.081613 0.006396
vt 0.089860 0.008718
vt 0.097449 0.011099
vt 0.098089 0.013526
vt 0.091452 0.015982
vt 0.081869 0.061103
vt 0.067844 0.191523
vt 0.053093 0.328598
vt 0.041305 0.393684
vt 0.031343 0.439032
vt 0.022070 0.516895
vt 0.013483 0.516895
vt 0.005786 0.439032
vt 0.072404 0.001992
vt 0.080732 0.004150
vt 0.088916 0.006397
vt 0.096559 0.008718
vt 0.098474 0.015982
vt 0.089786 0.061103
vt 0.076431 0.191523
vt 0.062134 0.328598
vt 0.050572 0.393684
vt 0.040610 0.439032
vt 0.031111 0.516895
vt 0.022195 0.592772
vt 0.013608 0.592772
vt 0.005555 0.516895
vt 0.096841 0.061103
vt 0.084360 0.191523
vt 0.070721 0.328598
vt 0.059613 0.393684
vt 0.049878 0.439032
vt 0.040379 0.516895
vt 0.031236 0.592772
vt 0.022569 0.632162
vt 0.013981 0.632162
vt 0.005679 0.592772
vt 0.091426 0.191523
vt 0.078649 0.328598
vt 0.068200 0.393684
vt 0.058918 0.439032
vt 0.049646 0.516895
vt 0.040503 0.592772
vt 0.031609 0.632162
vt 0.023677 0.657679
vt 0.015089 0.657679
vt 0.006052 0.632162
vt 0.085716 0.328598
vt 0.076129 0.393684
vt 0.067505 0.439032
vt 0.058687 0.516895
vt 0.049771 0.592772
vt 0.040877 0.632162
vt 0.032718 0.657679
vt 0.026007 0.691941
vt 0.017416 0.691941
vt 0.007158 0.657679
vt 0.075434 0.439032
vt 0.067274 0.516895
vt 0.058811 0.592772
vt 0.050144 0.632162
vt 0.041986 0.657679
vt 0.035048 0.691941
vt 0.028297 0.721534
vt 0.019719 0.721534
vt 0.009483 0.691941
vt 0.075202 0.516895
vt 0.067398 0.592772
vt 0.059185 0.632162
vt 0.051253 0.657679
vt 0.044316 0.691941
vt 0.037325 0.721534
vt 0.029288 0.733046
vt 0.020751 0.733046
vt 0.011796 0.721534
vt 0.075327 0.592772
vt 0.067771 0.632162
vt 0.060293 0.657679
vt 0.053583 0.691941
vt 0.046579 0.721534
vt 0.038274 0.733046
vt 0.029682 0.735503
vt 0.021225 0.735503
vt 0.012866 0.733046
vt 0.075700 0.632162
vt 0.068879 0.657679
vt 0.062623 0.691941
vt 0.055831 0.721534
vt 0.047485 0.733046
vt 0.038585 0.735503
vt 0.030181 0.737929
vt 0.021857 0.737929
vt 0.076806 0.657679
vt 0.071207 0.691941
vt 0.064857 0.721534
vt 0.056695 0.733046
vt 0.047711 0.735503
vt 0.038946 0.737929
vt 0.079132 0.691941
vt 0.073426 0.721534
vt 0.065679 0.733046
vt 0.056835 0.735503
vt 0.047930 0.737929
vt 0.039360 0.740310
vt 0.030789 0.740310
vt 0.081337 0.721534
vt 0.074210 0.733046
vt 0.065736 0.735503
vt 0.056913 0.737929
vt 0.048147 0.740310
vt 0.082085 0.733046
vt 0.074190 0.735503
vt 0.065676 0.737929
vt 0.056934 0.740310
vt 0.074000 0.737929
vt 0.065505 0.740310
vt 0.098096 0.880072
vt 0.107400 0.880072
vt 0.106322 0.908026
vt 0.097017 0.908026
vt 0.114784 0.880072
vt 0.113706 0.908026
vt 0.103166 0.939581
vt 0.093862 0.939581
vt 0.087782 0.880072
vt 0.086703 0.908026
vt 0.110550 0.939581
vt 0.094185 0.997730
vt 0.084881 0.997669
vt 0.083548 0.939581
vt 0.077468 0.880072
vt 0.076390 0.908026
vt 0.101569 0.997847
vt 0.074567 0.997669
vt 0.073234 0.939581
vt 0.068163 0.880072
vt 0.067085 0.908026
vt 0.064253 0.997730
vt 0.063930 0.939581
vt 0.060779 0.880072
vt 0.059701 0.908026
vt 0.054949 0.997847
vt 0.056546 0.939581
vt 0.047565 0.998008
vt 0.128789 0.880072
vt 0.138093 0.880072
vt 0.139172 0.908026
vt 0.129867 0.908026
vt 0.148407 0.880072
vt 0.149485 0.908026
vt 0.142327 0.939581
vt 0.133022 0.939581
vt 0.121405 0.880072
vt 0.122483 0.908026
vt 0.158721 0.880072
vt 0.159799 0.908026
vt 0.152641 0.939581
vt 0.151308 0.997669
vt 0.142004 0.997730
vt 0.125639 0.939581
vt 0.168026 0.880072
vt 0.169104 0.908026
vt 0.162955 0.939581
vt 0.161622 0.997669
vt 0.134620 0.997847
vt 0.175410 0.880072
vt 0.176488 0.908026
vt 0.172259 0.939581
vt 0.171936 0.997730
vt 0.179643 0.939581
vt 0.181240 0.997847
vt 0.188624 0.998008
vt 0.465589 0.827623
vt 0.464108 0.823491
vt 0.472351 0.814356
vt 0.475301 0.822629
vt 0.440563 0.832080
vt 0.461801 0.820180
vt 0.467779 0.807662
vt 0.466099 0.832158
vt 0.476309 0.831616
vt 0.452719 0.818022
vt 0.456474 0.803321
vt 0.473459 0.795035
vt 0.480205 0.805095
vt 0.465589 0.836649
vt 0.475301 0.840439
vt 0.440563 0.817195
vt 0.440563 0.801809
vt 0.460042 0.788477
vt 0.464108 0.840668
vt 0.472373 0.848282
vt 0.428407 0.818022
vt 0.424652 0.803321
vt 0.440563 0.786262
vt 0.467779 0.774286
vt 0.478769 0.782948
vt 0.461801 0.843837
vt 0.467787 0.854447
vt 0.419325 0.820180
vt 0.413347 0.807662
vt 0.421084 0.788477
vt 0.440563 0.771393
vt 0.470237 0.761611
vt 0.483497 0.771951
vt 0.480305 0.854961
vt 0.473492 0.863931
vt 0.458894 0.845865
vt 0.462037 0.858390
vt 0.417018 0.823491
vt 0.408775 0.814356
vt 0.407667 0.795035
vt 0.413347 0.774286
vt 0.440563 0.758078
vt 0.472336 0.750742
vt 0.487555 0.762494
vt 0.465023 0.869680
vt 0.440563 0.846196
vt 0.440563 0.859341
vt 0.415537 0.827623
vt 0.405825 0.822629
vt 0.400921 0.805095
vt 0.402357 0.782948
vt 0.410889 0.761611
vt 0.440563 0.746670
vt 0.478769 0.872099
vt 0.467779 0.879549
vt 0.440563 0.871271
vt 0.422232 0.845865
vt 0.419089 0.858390
vt 0.415026 0.832158
vt 0.404817 0.831616
vt 0.397629 0.771952
vt 0.408790 0.750748
vt 0.440563 0.737462
vt 0.474025 0.741977
vt 0.483497 0.878799
vt 0.470237 0.887844
vt 0.440563 0.881758
vt 0.416102 0.869680
vt 0.419325 0.843837
vt 0.413338 0.854447
vt 0.415537 0.836649
vt 0.405825 0.840439
vt 0.393571 0.762494
vt 0.407101 0.741977
vt 0.440563 0.890647
vt 0.413347 0.879549
vt 0.407634 0.863931
vt 0.417018 0.840668
vt 0.408753 0.848282
vt 0.410889 0.887844
vt 0.402357 0.872099
vt 0.400821 0.854961
vt 0.397629 0.878799
vt 0.598992 0.861103
vt 0.587754 0.873612
vt 0.581243 0.864440
vt 0.590087 0.854729
vt 0.573890 0.881848
vt 0.563738 0.870816
vt 0.567823 0.853880
vt 0.579904 0.847236
vt 0.593125 0.881107
vt 0.576951 0.891075
vt 0.546253 0.884640
vt 0.546253 0.872893
vt 0.558643 0.858205
vt 0.557930 0.842245
vt 0.561702 0.838859
vt 0.595939 0.842593
vt 0.583897 0.838898
vt 0.546253 0.894492
vt 0.518615 0.881848
vt 0.528769 0.870816
vt 0.546253 0.859564
vt 0.553173 0.844422
vt 0.546253 0.829938
vt 0.564117 0.834609
vt 0.598171 0.829146
vt 0.585351 0.829649
vt 0.515555 0.891075
vt 0.504752 0.873612
vt 0.511263 0.864440
vt 0.533864 0.858193
vt 0.546253 0.845112
vt 0.564958 0.829878
vt 0.595939 0.815618
vt 0.583897 0.820355
vt 0.499381 0.881107
vt 0.493515 0.861103
vt 0.502420 0.854729
vt 0.524684 0.853880
vt 0.539333 0.844407
vt 0.564117 0.825133
vt 0.590087 0.803250
vt 0.579904 0.811898
vt 0.512603 0.847242
vt 0.534577 0.842245
vt 0.561702 0.820817
vt 0.581243 0.793253
vt 0.567823 0.805069
vt 0.496567 0.842593
vt 0.508610 0.838898
vt 0.530805 0.838859
vt 0.557930 0.817376
vt 0.587754 0.782169
vt 0.598992 0.795116
vt 0.563738 0.786594
vt 0.558643 0.800578
vt 0.494335 0.829146
vt 0.507155 0.829649
vt 0.528390 0.834609
vt 0.553173 0.815123
vt 0.573890 0.773571
vt 0.546253 0.784369
vt 0.546253 0.799134
vt 0.496567 0.815618
vt 0.508610 0.820355
vt 0.527549 0.829878
vt 0.546253 0.814474
vt 0.576951 0.761663
vt 0.593125 0.772101
vt 0.546253 0.770558
vt 0.528769 0.786594
vt 0.533864 0.800578
vt 0.502420 0.803250
vt 0.512603 0.811898
vt 0.528390 0.825133
vt 0.539333 0.815123
vt 0.579352 0.751195
vt 0.597246 0.763262
vt 0.546253 0.758021
vt 0.518615 0.773571
vt 0.511263 0.793253
vt 0.524684 0.805069
vt 0.530805 0.820817
vt 0.534577 0.817376
vt 0.546253 0.746875
vt 0.515555 0.761663
vt 0.504752 0.782169
vt 0.493515 0.795116
vt 0.546253 0.737462
vt 0.581072 0.742153
vt 0.513155 0.751195
vt 0.499381 0.772101
vt 0.511435 0.742153
vt 0.495261 0.763262
vt 0.328524 0.800270
vt 0.327068 0.800866
vt 0.325179 0.795239
vt 0.327177 0.793981
vt 0.329770 0.806091
vt 0.328633 0.805527
vt 0.325895 0.802303
vt 0.323333 0.796953
vt 0.323152 0.789205
vt 0.325798 0.787540
vt 0.329932 0.799454
vt 0.329281 0.793217
vt 0.330471 0.804620
vt 0.331438 0.813880
vt 0.328266 0.807254
vt 0.324632 0.803552
vt 0.321689 0.799087
vt 0.320710 0.791474
vt 0.321177 0.783322
vt 0.324453 0.781260
vt 0.328583 0.786527
vt 0.331438 0.799570
vt 0.331438 0.792957
vt 0.331438 0.805690
vt 0.327072 0.809066
vt 0.327069 0.807251
vt 0.323808 0.805469
vt 0.320283 0.801582
vt 0.318533 0.794298
vt 0.318152 0.786132
vt 0.319265 0.777628
vt 0.323152 0.775182
vt 0.327902 0.780007
vt 0.331438 0.786184
vt 0.332943 0.799454
vt 0.333595 0.793217
vt 0.332404 0.804620
vt 0.333105 0.806091
vt 0.326305 0.811349
vt 0.325933 0.809624
vt 0.322862 0.807249
vt 0.319153 0.804382
vt 0.316672 0.797601
vt 0.315456 0.789629
vt 0.315677 0.780962
vt 0.317428 0.772158
vt 0.321901 0.769343
vt 0.327243 0.773695
vt 0.331438 0.779582
vt 0.334293 0.786527
vt 0.334352 0.800270
vt 0.335699 0.793981
vt 0.334243 0.805527
vt 0.334610 0.807254
vt 0.326041 0.813880
vt 0.325336 0.812413
vt 0.322469 0.809458
vt 0.318325 0.807414
vt 0.315177 0.801307
vt 0.313152 0.793720
vt 0.312479 0.785110
vt 0.313298 0.775994
vt 0.315678 0.766945
vt 0.320710 0.763778
vt 0.326610 0.767631
vt 0.331438 0.773191
vt 0.334973 0.780007
vt 0.337078 0.787540
vt 0.335808 0.800866
vt 0.337697 0.795239
vt 0.336981 0.802303
vt 0.335807 0.807251
vt 0.335804 0.809066
vt 0.326305 0.816410
vt 0.325336 0.815346
vt 0.322007 0.813880
vt 0.321931 0.811595
vt 0.317820 0.810607
vt 0.314079 0.805321
vt 0.311300 0.798310
vt 0.309744 0.789963
vt 0.309618 0.780769
vt 0.311032 0.771260
vt 0.314025 0.762021
vt 0.319584 0.758522
vt 0.326007 0.761852
vt 0.331438 0.767051
vt 0.335632 0.773695
vt 0.338422 0.781260
vt 0.339723 0.789205
vt 0.339542 0.796953
vt 0.338244 0.803552
vt 0.339067 0.805469
vt 0.336943 0.809624
vt 0.336570 0.811349
vt 0.327072 0.818693
vt 0.325933 0.818136
vt 0.322469 0.818302
vt 0.321931 0.816165
vt 0.317650 0.813880
vt 0.313412 0.809548
vt 0.309941 0.803281
vt 0.307548 0.795409
vt 0.306471 0.786354
vt 0.306891 0.776632
vt 0.308891 0.766789
vt 0.312479 0.757417
vt 0.318532 0.753607
vt 0.325438 0.756394
vt 0.331438 0.761199
vt 0.336265 0.767631
vt 0.339724 0.775182
vt 0.341698 0.783323
vt 0.342166 0.791474
vt 0.341187 0.799087
vt 0.340014 0.807249
vt 0.342593 0.801582
vt 0.340407 0.809458
vt 0.337540 0.812413
vt 0.336835 0.813880
vt 0.328266 0.820505
vt 0.327069 0.820509
vt 0.323808 0.822291
vt 0.322862 0.820511
vt 0.318325 0.820345
vt 0.317820 0.817153
vt 0.313186 0.813880
vt 0.309115 0.808515
vt 0.305936 0.801306
vt 0.303943 0.792622
vt 0.303351 0.782915
vt 0.304316 0.772725
vt 0.306889 0.762609
vt 0.311050 0.753161
vt 0.317559 0.749064
vt 0.324905 0.751290
vt 0.331438 0.755673
vt 0.336868 0.761852
vt 0.340974 0.769343
vt 0.343610 0.777628
vt 0.344723 0.786132
vt 0.344343 0.794298
vt 0.343722 0.804382
vt 0.346204 0.797601
vt 0.340944 0.811595
vt 0.344551 0.807414
vt 0.340868 0.813880
vt 0.337540 0.815346
vt 0.336570 0.816410
vt 0.329770 0.821668
vt 0.328633 0.822233
vt 0.325895 0.825457
vt 0.324632 0.824207
vt 0.320283 0.826178
vt 0.319153 0.823378
vt 0.314079 0.822438
vt 0.313412 0.818212
vt 0.308835 0.813880
vt 0.304955 0.807515
vt 0.302088 0.799409
vt 0.300507 0.789965
vt 0.300405 0.779667
vt 0.301908 0.769071
vt 0.305039 0.758744
vt 0.309746 0.749279
vt 0.316672 0.744920
vt 0.324412 0.746573
vt 0.331438 0.750505
vt 0.337438 0.756394
vt 0.342166 0.763778
vt 0.345447 0.772158
vt 0.347199 0.780962
vt 0.347419 0.789629
vt 0.347699 0.801307
vt 0.349724 0.793720
vt 0.345055 0.810607
vt 0.348796 0.805321
vt 0.340944 0.816165
vt 0.345226 0.813880
vt 0.340407 0.818302
vt 0.336943 0.818136
vt 0.335804 0.818693
vt 0.331438 0.822069
vt 0.330471 0.823140
vt 0.328524 0.827489
vt 0.327068 0.826893
vt 0.323333 0.830807
vt 0.321689 0.828673
vt 0.316672 0.830159
vt 0.315177 0.826452
vt 0.309941 0.824479
vt 0.309115 0.819245
vt 0.304623 0.813880
vt 0.300959 0.806555
vt 0.298420 0.797601
vt 0.297263 0.787457
vt 0.297650 0.776629
vt 0.299682 0.765693
vt 0.303351 0.755219
vt 0.308576 0.745796
vt 0.315876 0.741202
vt 0.323963 0.742270
vt 0.331438 0.745728
vt 0.337971 0.751290
vt 0.343291 0.758522
vt 0.347198 0.766945
vt 0.349577 0.775994
vt 0.350397 0.785111
vt 0.351575 0.798310
vt 0.353131 0.789963
vt 0.349463 0.809548
vt 0.352934 0.803281
vt 0.345055 0.817153
vt 0.349690 0.813880
vt 0.340014 0.820511
vt 0.344551 0.820345
vt 0.339067 0.822291
vt 0.335807 0.820509
vt 0.334610 0.820505
vt 0.333105 0.821668
vt 0.332404 0.823140
vt 0.331438 0.828190
vt 0.329932 0.828305
vt 0.327177 0.833778
vt 0.325179 0.832521
vt 0.320710 0.836286
vt 0.318533 0.833462
vt 0.313152 0.834040
vt 0.311300 0.829450
vt 0.305936 0.826454
vt 0.304955 0.820245
vt 0.300577 0.813880
vt 0.297151 0.805640
vt 0.294957 0.795893
vt 0.294228 0.785110
vt 0.295103 0.773821
vt 0.297652 0.762613
vt 0.301837 0.752056
vt 0.307548 0.742732
vt 0.315175 0.737931
vt 0.323560 0.738409
vt 0.331438 0.741371
vt 0.338463 0.746573
vt 0.344344 0.753607
vt 0.348851 0.762021
vt 0.351844 0.771260
vt 0.353258 0.780769
vt 0.355328 0.795409
vt 0.356405 0.786354
vt 0.353760 0.808515
vt 0.356940 0.801306
vt 0.349463 0.818212
vt 0.354040 0.813880
vt 0.343722 0.823378
vt 0.348796 0.822438
vt 0.338244 0.824207
vt 0.342593 0.826178
vt 0.336981 0.825457
vt 0.334243 0.822233
vt 0.334352 0.827489
vt 0.332943 0.828305
vt 0.331438 0.834802
vt 0.329281 0.834543
vt 0.325798 0.840220
vt 0.323152 0.838555
vt 0.318152 0.841628
vt 0.315456 0.838130
vt 0.309744 0.837796
vt 0.307548 0.832351
vt 0.302088 0.828351
vt 0.300959 0.821205
vt 0.296721 0.813880
vt 0.293554 0.804775
vt 0.291717 0.794296
vt 0.291424 0.782942
vt 0.292780 0.771260
vt 0.295831 0.759848
vt 0.300505 0.749274
vt 0.331438 0.737462
vt 0.338912 0.742270
vt 0.345316 0.749064
vt 0.350397 0.757417
vt 0.353985 0.766790
vt 0.355984 0.776632
vt 0.358933 0.792622
vt 0.359524 0.782915
vt 0.357920 0.807515
vt 0.360788 0.799409
vt 0.353760 0.819245
vt 0.358252 0.813880
vt 0.347699 0.826452
vt 0.352934 0.824479
vt 0.341187 0.828673
vt 0.346204 0.830159
vt 0.335808 0.826893
vt 0.339542 0.830807
vt 0.335699 0.833778
vt 0.333595 0.834543
vt 0.331438 0.841576
vt 0.328583 0.841233
vt 0.324453 0.846499
vt 0.321177 0.844437
vt 0.315677 0.846798
vt 0.312479 0.842649
vt 0.306471 0.841405
vt 0.303943 0.835138
vt 0.298420 0.830159
vt 0.297151 0.822120
vt 0.293079 0.813880
vt 0.290191 0.803967
vt 0.288724 0.792820
vt 0.288865 0.780964
vt 0.290696 0.768963
vt 0.294228 0.757417
vt 0.299364 0.746891
vt 0.306666 0.740108
vt 0.339315 0.738409
vt 0.346204 0.744920
vt 0.351826 0.753161
vt 0.355986 0.762609
vt 0.358559 0.772725
vt 0.362368 0.789965
vt 0.362471 0.779667
vt 0.361916 0.806555
vt 0.364455 0.797601
vt 0.357920 0.820245
vt 0.362298 0.813880
vt 0.351575 0.829450
vt 0.356940 0.826454
vt 0.344343 0.833462
vt 0.349724 0.834040
vt 0.337697 0.832521
vt 0.342166 0.836286
vt 0.337078 0.840220
vt 0.334293 0.841233
vt 0.331438 0.848178
vt 0.327902 0.847753
vt 0.323152 0.852578
vt 0.319265 0.850131
vt 0.313298 0.851765
vt 0.309618 0.846990
vt 0.303351 0.844845
vt 0.300507 0.837794
vt 0.294957 0.831867
vt 0.293554 0.822985
vt 0.289673 0.813880
vt 0.287082 0.803219
vt 0.285993 0.791474
vt 0.286570 0.779189
vt 0.288862 0.766941
vt 0.292856 0.755334
vt 0.347000 0.741202
vt 0.353129 0.749279
vt 0.357837 0.758744
vt 0.360967 0.769071
vt 0.365613 0.787457
vt 0.365226 0.776629
vt 0.365725 0.805640
vt 0.367919 0.795893
vt 0.361916 0.821205
vt 0.366155 0.813880
vt 0.355328 0.832351
vt 0.360788 0.828351
vt 0.347419 0.838130
vt 0.353131 0.837796
vt 0.339723 0.838555
vt 0.344723 0.841628
vt 0.338422 0.846499
vt 0.334973 0.847753
vt 0.331438 0.854569
vt 0.327243 0.854065
vt 0.321901 0.858417
vt 0.317428 0.855602
vt 0.311032 0.856499
vt 0.306891 0.851128
vt 0.300405 0.848093
vt 0.297263 0.840303
vt 0.291717 0.833464
vt 0.290191 0.823793
vt 0.286526 0.813880
vt 0.284246 0.802538
vt 0.283543 0.790265
vt 0.284551 0.777628
vt 0.287292 0.765210
vt 0.291720 0.753612
vt 0.298420 0.744920
vt 0.354299 0.745796
vt 0.359524 0.755219
vt 0.363193 0.765693
vt 0.368647 0.785111
vt 0.367773 0.773821
vt 0.369321 0.804775
vt 0.371158 0.794296
vt 0.365725 0.822120
vt 0.369796 0.813880
vt 0.358933 0.835138
vt 0.364455 0.830159
vt 0.350397 0.842649
vt 0.356405 0.841405
vt 0.341698 0.844437
vt 0.347199 0.846798
vt 0.339724 0.852578
vt 0.335632 0.854065
vt 0.331438 0.860709
vt 0.326610 0.860129
vt 0.320710 0.863982
vt 0.315678 0.860815
vt 0.308891 0.860970
vt 0.304316 0.855035
vt 0.297650 0.851131
vt 0.294228 0.842649
vt 0.288724 0.834940
vt 0.287082 0.824540
vt 0.283654 0.813880
vt 0.281702 0.801926
vt 0.281387 0.789203
vt 0.282821 0.776291
vt 0.285993 0.763778
vt 0.347700 0.737931
vt 0.355328 0.742732
vt 0.361039 0.752056
vt 0.365223 0.762613
vt 0.371452 0.782942
vt 0.370096 0.771260
vt 0.372685 0.803967
vt 0.374152 0.792820
vt 0.369321 0.822985
vt 0.373202 0.813880
vt 0.362368 0.837794
vt 0.367919 0.831867
vt 0.353258 0.846990
vt 0.359524 0.844845
vt 0.343610 0.850131
vt 0.349577 0.851765
vt 0.340974 0.858417
vt 0.336265 0.860129
vt 0.331438 0.866560
vt 0.326007 0.865908
vt 0.319584 0.869238
vt 0.314025 0.865739
vt 0.306889 0.865151
vt 0.301908 0.858689
vt 0.295103 0.853938
vt 0.291424 0.844818
vt 0.285993 0.836286
vt 0.284246 0.825222
vt 0.281078 0.813880
vt 0.279463 0.801388
vt 0.279541 0.788292
vt 0.281391 0.775185
vt 0.284975 0.762655
vt 0.290831 0.752261
vt 0.362371 0.749274
vt 0.367045 0.759848
vt 0.374010 0.780964
vt 0.372180 0.768963
vt 0.375794 0.803219
vt 0.376883 0.791474
vt 0.372685 0.823793
vt 0.376350 0.813880
vt 0.365613 0.840303
vt 0.371158 0.833464
vt 0.355984 0.851128
vt 0.362471 0.848093
vt 0.345447 0.855602
vt 0.351844 0.856499
vt 0.342166 0.863982
vt 0.336868 0.865908
vt 0.331438 0.872087
vt 0.325438 0.871366
vt 0.318532 0.874153
vt 0.312479 0.870343
vt 0.305039 0.869016
vt 0.299682 0.862067
vt 0.292780 0.856499
vt 0.288866 0.846796
vt 0.283543 0.837494
vt 0.281702 0.825833
vt 0.278811 0.813880
vt 0.277546 0.800928
vt 0.278014 0.787540
vt 0.356209 0.740108
vt 0.363512 0.746891
vt 0.368647 0.757417
vt 0.376305 0.779190
vt 0.374013 0.766941
vt 0.378629 0.802538
vt 0.379333 0.790265
vt 0.375794 0.824540
vt 0.379221 0.813880
vt 0.368647 0.842649
vt 0.374152 0.834940
vt 0.358559 0.855035
vt 0.365226 0.851131
vt 0.347198 0.860815
vt 0.353985 0.860970
vt 0.343291 0.869238
vt 0.337438 0.871366
vt 0.331438 0.877255
vt 0.324905 0.876470
vt 0.317559 0.878696
vt 0.311050 0.874599
vt 0.303351 0.872540
vt 0.297652 0.865147
vt 0.290696 0.858797
vt 0.286570 0.848570
vt 0.281387 0.838557
vt 0.279463 0.826371
vt 0.276870 0.813880
vt 0.275961 0.800547
vt 0.370020 0.755334
vt 0.378324 0.777628
vt 0.375584 0.765210
vt 0.381174 0.801926
vt 0.381488 0.789203
vt 0.378629 0.825222
vt 0.381798 0.813880
vt 0.371452 0.844818
vt 0.376883 0.836286
vt 0.360967 0.858689
vt 0.367773 0.853938
vt 0.348851 0.865739
vt 0.355986 0.865151
vt 0.344344 0.874153
vt 0.337971 0.876470
vt 0.331438 0.882031
vt 0.324412 0.881187
vt 0.316672 0.882840
vt 0.309746 0.878480
vt 0.301837 0.875703
vt 0.295831 0.867911
vt 0.288862 0.860819
vt 0.284551 0.850131
vt 0.279541 0.839467
vt 0.277546 0.826832
vt 0.275265 0.813880
vt 0.364455 0.744920
vt 0.371155 0.753612
vt 0.380054 0.776291
vt 0.376883 0.763778
vt 0.383412 0.801388
vt 0.383335 0.788292
vt 0.381174 0.825833
vt 0.384064 0.813880
vt 0.374010 0.846796
vt 0.379333 0.837494
vt 0.363193 0.862067
vt 0.370096 0.856499
vt 0.350397 0.870343
vt 0.357837 0.869016
vt 0.345316 0.878696
vt 0.338463 0.881187
vt 0.331438 0.886388
vt 0.323963 0.885490
vt 0.315876 0.886558
vt 0.308577 0.881964
vt 0.300505 0.878485
vt 0.294228 0.870343
vt 0.287292 0.862550
vt 0.282821 0.851469
vt 0.278014 0.840220
vt 0.275961 0.827213
vt 0.381485 0.775185
vt 0.372045 0.752261
vt 0.377901 0.762655
vt 0.385329 0.800928
vt 0.384861 0.787540
vt 0.383412 0.826371
vt 0.386005 0.813880
vt 0.376305 0.848570
vt 0.381488 0.838557
vt 0.365223 0.865147
vt 0.372180 0.858797
vt 0.351826 0.874599
vt 0.359524 0.872540
vt 0.346204 0.882840
vt 0.338912 0.885490
vt 0.331438 0.890298
vt 0.323560 0.889351
vt 0.315175 0.889828
vt 0.307548 0.885027
vt 0.299364 0.880869
vt 0.292856 0.872426
vt 0.285993 0.863982
vt 0.281391 0.852575
vt 0.386915 0.800547
vt 0.385329 0.826832
vt 0.387611 0.813880
vt 0.378324 0.850131
vt 0.383335 0.839467
vt 0.367045 0.867911
vt 0.374013 0.860819
vt 0.353129 0.878480
vt 0.361039 0.875703
vt 0.347000 0.886558
vt 0.339315 0.889351
vt 0.306667 0.887652
vt 0.298420 0.882840
vt 0.291721 0.874148
vt 0.386915 0.827213
vt 0.380054 0.851469
vt 0.384861 0.840220
vt 0.368647 0.870343
vt 0.375584 0.862550
vt 0.354299 0.881964
vt 0.362371 0.878485
vt 0.290831 0.875499
vt 0.284975 0.865105
vt 0.381485 0.852575
vt 0.370020 0.872426
vt 0.376883 0.863982
vt 0.355328 0.885027
vt 0.363512 0.880869
vt 0.347700 0.889828
vt 0.371155 0.874148
vt 0.356209 0.887652
vt 0.364455 0.882840
vt 0.377901 0.865105
vt 0.372045 0.875499
vt 0.867069 0.009429
vt 0.875211 0.018563
vt 0.874260 0.022432
vt 0.866351 0.013559
vt 0.867677 0.006191
vt 0.876001 0.015530
vt 0.882729 0.031010
vt 0.881563 0.034524
vt 0.873148 0.027110
vt 0.865519 0.018553
vt 0.858497 0.003874
vt 0.858024 0.008163
vt 0.883688 0.028256
vt 0.889429 0.046503
vt 0.888071 0.049574
vt 0.880192 0.038772
vt 0.871875 0.032572
vt 0.864571 0.024383
vt 0.857488 0.013349
vt 0.849710 0.001992
vt 0.849489 0.006335
vt 0.876632 0.013349
vt 0.884442 0.026276
vt 0.890542 0.044096
vt 0.895158 0.064625
vt 0.893635 0.067177
vt 0.886470 0.053286
vt 0.878620 0.043731
vt 0.870459 0.038781
vt 0.863524 0.031010
vt 0.856884 0.019403
vt 0.849256 0.011586
vt 0.840924 0.003874
vt 0.840953 0.008163
vt 0.891407 0.042365
vt 0.896402 0.062624
vt 0.899760 0.084959
vt 0.898105 0.086931
vt 0.891838 0.070264
vt 0.884632 0.057621
vt 0.876862 0.049369
vt 0.868920 0.045700
vt 0.862392 0.038397
vt 0.856220 0.026286
vt 0.849006 0.017716
vt 0.841024 0.013349
vt 0.832352 0.009429
vt 0.832626 0.013559
vt 0.901108 0.083414
vt 0.903137 0.106982
vt 0.901386 0.108324
vt 0.896150 0.089314
vt 0.889773 0.073867
vt 0.882570 0.062548
vt 0.874939 0.055652
vt 0.867259 0.053286
vt 0.861173 0.046495
vt 0.855504 0.033956
vt 0.848739 0.024684
vt 0.841129 0.019403
vt 0.832995 0.018553
vt 0.824211 0.018563
vt 0.824718 0.022432
vt 0.904562 0.105930
vt 0.905192 0.130167
vt 0.903380 0.130846
vt 0.899315 0.109946
vt 0.893903 0.092097
vt 0.887451 0.077963
vt 0.880299 0.068039
vt 0.872862 0.062541
vt 0.865476 0.061494
vt 0.859861 0.055256
vt 0.854741 0.042365
vt 0.848458 0.032451
vt 0.841271 0.026286
vt 0.833447 0.024383
vt 0.825368 0.027111
vt 0.823858 0.015530
vt 0.832182 0.006191
vt 0.816693 0.031010
vt 0.817415 0.034524
vt 0.906664 0.129635
vt 0.905888 0.153934
vt 0.904056 0.153934
vt 0.901239 0.131668
vt 0.896935 0.111841
vt 0.891377 0.095261
vt 0.884885 0.082528
vt 0.877843 0.074060
vt 0.870644 0.069994
vt 0.863585 0.070270
vt 0.858484 0.064625
vt 0.853935 0.051463
vt 0.848173 0.040966
vt 0.841454 0.033956
vt 0.833992 0.031010
vt 0.826152 0.032572
vt 0.818326 0.038772
vt 0.816173 0.028256
vt 0.809995 0.046503
vt 0.810907 0.049574
vt 0.907377 0.153934
vt 0.905192 0.177702
vt 0.903380 0.177022
vt 0.901891 0.153934
vt 0.898777 0.132627
vt 0.894260 0.113994
vt 0.888583 0.098786
vt 0.882104 0.087533
vt 0.875226 0.080573
vt 0.868283 0.077963
vt 0.861600 0.079563
vt 0.857069 0.074545
vt 0.853108 0.061192
vt 0.847895 0.050178
vt 0.841676 0.042365
vt 0.834635 0.038397
vt 0.827076 0.038781
vt 0.819418 0.043731
vt 0.812051 0.053286
vt 0.809328 0.044096
vt 0.804268 0.064625
vt 0.805343 0.067177
vt 0.906664 0.178234
vt 0.903137 0.200887
vt 0.901386 0.199545
vt 0.901239 0.176201
vt 0.899401 0.153934
vt 0.896011 0.133717
vt 0.891304 0.116394
vt 0.885549 0.102652
vt 0.879139 0.092948
vt 0.872447 0.087538
vt 0.865778 0.086402
vt 0.859548 0.089314
vt 0.855617 0.084954
vt 0.852282 0.071494
vt 0.847637 0.060029
vt 0.841935 0.051463
vt 0.835361 0.046495
vt 0.828144 0.045700
vt 0.820689 0.049369
vt 0.813417 0.057621
vt 0.806687 0.070264
vt 0.799667 0.084959
vt 0.800872 0.086931
vt 0.904562 0.201939
vt 0.899760 0.222910
vt 0.898105 0.220938
vt 0.899315 0.197923
vt 0.898777 0.175242
vt 0.896604 0.153934
vt 0.892958 0.134932
vt 0.888088 0.119025
vt 0.882299 0.106834
vt 0.875996 0.098738
vt 0.869506 0.094913
vt 0.863177 0.095256
vt 0.857458 0.099464
vt 0.854128 0.095789
vt 0.851449 0.082303
vt 0.847412 0.070460
vt 0.842247 0.061192
vt 0.836154 0.055256
vt 0.829341 0.053286
vt 0.822142 0.055652
vt 0.814999 0.062548
vt 0.808289 0.073867
vt 0.802377 0.089314
vt 0.796290 0.106982
vt 0.797592 0.108324
vt 0.901108 0.224455
vt 0.895158 0.243244
vt 0.893635 0.240691
vt 0.896150 0.218554
vt 0.896935 0.196028
vt 0.896011 0.174152
vt 0.893519 0.153934
vt 0.889636 0.136264
vt 0.884631 0.121872
vt 0.878848 0.111305
vt 0.872683 0.104869
vt 0.866437 0.102652
vt 0.860528 0.104473
vt 0.855316 0.109950
vt 0.852607 0.106982
vt 0.850599 0.093554
vt 0.847208 0.081404
vt 0.842628 0.071494
vt 0.837028 0.064625
vt 0.830650 0.061494
vt 0.823765 0.062541
vt 0.816788 0.068039
vt 0.810135 0.077963
vt 0.804168 0.092097
vt 0.799214 0.109946
vt 0.794237 0.130167
vt 0.795597 0.130847
vt 0.896402 0.245245
vt 0.889429 0.261366
vt 0.888071 0.258295
vt 0.891838 0.237605
vt 0.893903 0.215772
vt 0.894259 0.193875
vt 0.892958 0.172937
vt 0.890161 0.153934
vt 0.886059 0.137705
vt 0.880950 0.124916
vt 0.875210 0.116041
vt 0.869218 0.111302
vt 0.863276 0.110707
vt 0.857808 0.113994
vt 0.853106 0.120706
vt 0.851060 0.118464
vt 0.849745 0.105177
vt 0.847017 0.092797
vt 0.843060 0.082303
vt 0.837996 0.074545
vt 0.832065 0.070270
vt 0.825550 0.069994
vt 0.818784 0.074060
vt 0.812215 0.082528
vt 0.806232 0.095261
vt 0.801144 0.111841
vt 0.797291 0.131668
vt 0.793542 0.153934
vt 0.794921 0.153934
vt 0.890542 0.263773
vt 0.882729 0.276858
vt 0.881563 0.273345
vt 0.886470 0.254582
vt 0.889772 0.234002
vt 0.891377 0.212608
vt 0.891304 0.191475
vt 0.889636 0.171605
vt 0.886547 0.153934
vt 0.882250 0.139245
vt 0.877066 0.128139
vt 0.871409 0.121009
vt 0.865617 0.117998
vt 0.860022 0.119028
vt 0.854992 0.123762
vt 0.851065 0.130737
vt 0.849583 0.129675
vt 0.848897 0.117101
vt 0.846847 0.104565
vt 0.843528 0.093554
vt 0.839044 0.084954
vt 0.833581 0.079564
vt 0.827471 0.077963
vt 0.820983 0.080573
vt 0.814528 0.087533
vt 0.808555 0.098786
vt 0.803370 0.113994
vt 0.799305 0.132627
vt 0.796639 0.153934
vt 0.794237 0.177702
vt 0.795597 0.177022
vt 0.883688 0.279613
vt 0.875211 0.289306
vt 0.874260 0.285437
vt 0.880192 0.269097
vt 0.884632 0.250248
vt 0.887451 0.229906
vt 0.888583 0.209082
vt 0.888088 0.188844
vt 0.886059 0.170164
vt 0.882699 0.153934
vt 0.878230 0.140877
vt 0.873012 0.131521
vt 0.867465 0.126181
vt 0.861906 0.124916
vt 0.856675 0.127565
vt 0.852264 0.133298
vt 0.849430 0.139044
vt 0.848273 0.140051
vt 0.848140 0.128220
vt 0.846708 0.116639
vt 0.844035 0.105177
vt 0.840159 0.095789
vt 0.835203 0.089314
vt 0.829499 0.086402
vt 0.823354 0.087538
vt 0.817073 0.092948
vt 0.811130 0.102652
vt 0.805876 0.116394
vt 0.801627 0.133717
vt 0.798681 0.153934
vt 0.797291 0.176201
vt 0.796290 0.200887
vt 0.797592 0.199545
vt 0.891407 0.265504
vt 0.884442 0.281593
vt 0.876001 0.292339
vt 0.867069 0.298440
vt 0.866351 0.294310
vt 0.873148 0.280758
vt 0.878620 0.264138
vt 0.882570 0.245321
vt 0.884885 0.225340
vt 0.885549 0.205217
vt 0.884631 0.185997
vt 0.882250 0.168623
vt 0.878639 0.153934
vt 0.874032 0.142589
vt 0.868822 0.135042
vt 0.863408 0.131523
vt 0.858113 0.132013
vt 0.853570 0.135525
vt 0.849806 0.142124
vt 0.846579 0.153934
vt 0.847557 0.137429
vt 0.846613 0.128426
vt 0.844583 0.117101
vt 0.841327 0.106982
vt 0.836937 0.099464
vt 0.831654 0.095256
vt 0.825866 0.094913
vt 0.819823 0.098738
vt 0.813948 0.106834
vt 0.808648 0.119025
vt 0.804247 0.134932
vt 0.801036 0.153934
vt 0.799305 0.175242
vt 0.799214 0.197923
vt 0.799667 0.222910
vt 0.800872 0.220938
vt 0.876632 0.294520
vt 0.867677 0.301678
vt 0.858497 0.303995
vt 0.858024 0.299706
vt 0.865519 0.289316
vt 0.871875 0.275297
vt 0.876862 0.258500
vt 0.880299 0.239829
vt 0.882104 0.220336
vt 0.882299 0.201035
vt 0.880950 0.182953
vt 0.878230 0.166992
vt 0.874396 0.153934
vt 0.869688 0.144371
vt 0.864517 0.138679
vt 0.859265 0.137004
vt 0.854432 0.138941
vt 0.851042 0.142118
vt 0.846578 0.139336
vt 0.851056 0.145354
vt 0.845128 0.128220
vt 0.842538 0.118464
vt 0.838745 0.109950
vt 0.833957 0.104473
vt 0.828519 0.102652
vt 0.822750 0.104869
vt 0.816987 0.111305
vt 0.811668 0.121872
vt 0.807141 0.136264
vt 0.803694 0.153934
vt 0.801627 0.174152
vt 0.801144 0.196028
vt 0.802377 0.218554
vt 0.804268 0.243244
vt 0.805343 0.240691
vt 0.849710 0.305877
vt 0.849489 0.301534
vt 0.857488 0.294520
vt 0.864571 0.283486
vt 0.870459 0.269088
vt 0.874939 0.252216
vt 0.877843 0.233809
vt 0.879139 0.214921
vt 0.878848 0.196563
vt 0.877066 0.179730
vt 0.874032 0.165280
vt 0.869999 0.153934
vt 0.865220 0.146212
vt 0.860116 0.142409
vt 0.855416 0.142115
vt 0.844938 0.140051
vt 0.845624 0.137429
vt 0.852241 0.146348
vt 0.851865 0.149423
vt 0.843754 0.129675
vt 0.840588 0.120706
vt 0.836352 0.113994
vt 0.831313 0.110707
vt 0.825832 0.111302
vt 0.820220 0.116041
vt 0.814915 0.124916
vt 0.810292 0.137705
vt 0.806632 0.153934
vt 0.804247 0.172937
vt 0.803370 0.193875
vt 0.804168 0.215772
vt 0.806687 0.237605
vt 0.809995 0.261366
vt 0.810907 0.258295
vt 0.840924 0.303995
vt 0.840953 0.299706
vt 0.849256 0.296283
vt 0.856884 0.288466
vt 0.863523 0.276858
vt 0.868920 0.262168
vt 0.872862 0.245328
vt 0.875226 0.227296
vt 0.875996 0.209131
vt 0.875210 0.191828
vt 0.873012 0.176348
vt 0.869688 0.163498
vt 0.865471 0.153934
vt 0.860650 0.148101
vt 0.855829 0.146052
vt 0.843461 0.142124
vt 0.843820 0.139044
vt 0.852873 0.151320
vt 0.852146 0.153934
vt 0.842326 0.130737
vt 0.838783 0.123762
vt 0.834212 0.119028
vt 0.829045 0.117999
vt 0.823629 0.121009
vt 0.818365 0.128139
vt 0.813676 0.139245
vt 0.809830 0.153934
vt 0.807141 0.171605
vt 0.805876 0.191475
vt 0.806232 0.212608
vt 0.808289 0.234002
vt 0.812051 0.254582
vt 0.816693 0.276858
vt 0.817415 0.273345
vt 0.832352 0.298440
vt 0.832626 0.294310
vt 0.841024 0.294520
vt 0.849006 0.290153
vt 0.856220 0.281583
vt 0.862392 0.269472
vt 0.867259 0.254582
vt 0.870644 0.237875
vt 0.872447 0.220331
vt 0.872683 0.203000
vt 0.871409 0.186860
vt 0.868822 0.172827
vt 0.865220 0.161657
vt 0.860837 0.153934
vt 0.856394 0.149862
vt 0.842324 0.145354
vt 0.842305 0.142118
vt 0.841178 0.133298
vt 0.856321 0.153934
vt 0.852873 0.156549
vt 0.851865 0.158445
vt 0.837177 0.127565
vt 0.832374 0.124916
vt 0.827190 0.126181
vt 0.822008 0.131521
vt 0.817273 0.140877
vt 0.813265 0.153934
vt 0.810292 0.170164
vt 0.808648 0.188844
vt 0.808555 0.209082
vt 0.810135 0.229906
vt 0.813417 0.250248
vt 0.818326 0.269097
vt 0.816173 0.279613
vt 0.809328 0.263773
vt 0.824211 0.289306
vt 0.824718 0.285437
vt 0.832995 0.289316
vt 0.841129 0.288466
vt 0.848739 0.283184
vt 0.855504 0.273913
vt 0.861173 0.261374
vt 0.865476 0.246375
vt 0.868283 0.229906
vt 0.869506 0.212956
vt 0.869218 0.196567
vt 0.867465 0.181688
vt 0.864517 0.169190
vt 0.860650 0.159768
vt 0.841600 0.149423
vt 0.841232 0.146348
vt 0.839173 0.138941
vt 0.839958 0.135525
vt 0.856394 0.158007
vt 0.855829 0.161817
vt 0.852241 0.161521
vt 0.851056 0.162515
vt 0.835803 0.132013
vt 0.830886 0.131523
vt 0.825829 0.135042
vt 0.821067 0.142589
vt 0.816918 0.153934
vt 0.813676 0.168623
vt 0.811668 0.185997
vt 0.811130 0.205217
vt 0.812215 0.225340
vt 0.814999 0.245321
vt 0.819418 0.264138
vt 0.825368 0.280758
vt 0.823858 0.292339
vt 0.832182 0.301678
vt 0.833447 0.283486
vt 0.841271 0.281583
vt 0.848458 0.275418
vt 0.854741 0.265504
vt 0.859861 0.252613
vt 0.863585 0.237599
vt 0.865778 0.221467
vt 0.866437 0.205217
vt 0.865617 0.189870
vt 0.863408 0.176346
vt 0.860116 0.165459
vt 0.841352 0.153934
vt 0.840669 0.151320
vt 0.837892 0.146052
vt 0.838264 0.142115
vt 0.855416 0.165754
vt 0.854432 0.168928
vt 0.851042 0.165751
vt 0.849806 0.165744
vt 0.834697 0.137004
vt 0.829800 0.138679
vt 0.825043 0.144371
vt 0.820767 0.153934
vt 0.817273 0.166992
vt 0.814915 0.182953
vt 0.813948 0.201035
vt 0.814528 0.220336
vt 0.816788 0.239829
vt 0.820689 0.258500
vt 0.826152 0.275297
vt 0.833991 0.276858
vt 0.841454 0.273913
vt 0.848173 0.266903
vt 0.853935 0.256406
vt 0.858484 0.243244
vt 0.861600 0.228305
vt 0.863177 0.212613
vt 0.863276 0.197162
vt 0.861906 0.182953
vt 0.859265 0.170865
vt 0.841600 0.158445
vt 0.840669 0.156549
vt 0.837460 0.153934
vt 0.837381 0.149862
vt 0.833889 0.142410
vt 0.853570 0.172344
vt 0.858113 0.175856
vt 0.852264 0.174571
vt 0.849430 0.168825
vt 0.848273 0.167818
vt 0.829169 0.146212
vt 0.824794 0.153934
vt 0.821067 0.165280
vt 0.818365 0.179730
vt 0.816987 0.196563
vt 0.817073 0.214921
vt 0.818784 0.233809
vt 0.822142 0.252216
vt 0.827076 0.269088
vt 0.834635 0.269472
vt 0.841676 0.265504
vt 0.847895 0.257691
vt 0.853108 0.246677
vt 0.857069 0.233324
vt 0.859548 0.218554
vt 0.860528 0.203396
vt 0.860022 0.188841
vt 0.842324 0.162515
vt 0.841232 0.161521
vt 0.837892 0.161817
vt 0.837381 0.158007
vt 0.833261 0.153934
vt 0.833415 0.148101
vt 0.856675 0.180304
vt 0.851065 0.177132
vt 0.854992 0.184107
vt 0.849583 0.178194
vt 0.847557 0.170440
vt 0.846578 0.168532
vt 0.828968 0.153934
vt 0.825043 0.163498
vt 0.822008 0.176348
vt 0.820220 0.191828
vt 0.819823 0.209131
vt 0.820983 0.227296
vt 0.823765 0.245328
vt 0.828144 0.262168
vt 0.835361 0.261374
vt 0.841935 0.256406
vt 0.847637 0.247840
vt 0.852282 0.236375
vt 0.855617 0.222915
vt 0.857458 0.208405
vt 0.857808 0.193875
vt 0.843461 0.165744
vt 0.842305 0.165751
vt 0.839173 0.168928
vt 0.838264 0.165754
vt 0.833889 0.165459
vt 0.833415 0.159768
vt 0.853106 0.187162
vt 0.848140 0.179649
vt 0.851060 0.189405
vt 0.846613 0.179442
vt 0.845624 0.170440
vt 0.844938 0.167818
vt 0.829169 0.161657
vt 0.825829 0.172827
vt 0.823629 0.186860
vt 0.822750 0.203000
vt 0.823354 0.220331
vt 0.825550 0.237875
vt 0.829341 0.254582
vt 0.836154 0.252613
vt 0.842247 0.246677
vt 0.847412 0.237409
vt 0.851449 0.225566
vt 0.854128 0.212080
vt 0.855316 0.197919
vt 0.843820 0.168825
vt 0.841178 0.174571
vt 0.839958 0.172344
vt 0.835803 0.175856
vt 0.834697 0.170865
vt 0.829800 0.169190
vt 0.848897 0.190768
vt 0.852607 0.200887
vt 0.845128 0.179649
vt 0.846708 0.191230
vt 0.843754 0.178194
vt 0.827190 0.181688
vt 0.825832 0.196567
vt 0.825866 0.212956
vt 0.827471 0.229906
vt 0.830650 0.246375
vt 0.837028 0.243244
vt 0.842628 0.236375
vt 0.847208 0.226465
vt 0.850599 0.214315
vt 0.842326 0.177132
vt 0.838783 0.184107
vt 0.837177 0.180304
vt 0.832374 0.182953
vt 0.830886 0.176346
vt 0.849745 0.202692
vt 0.844583 0.190768
vt 0.846847 0.203304
vt 0.842538 0.189405
vt 0.829045 0.189870
vt 0.828519 0.205217
vt 0.829499 0.221467
vt 0.832065 0.237599
vt 0.837996 0.233324
vt 0.843060 0.225566
vt 0.847017 0.215072
vt 0.840588 0.187162
vt 0.836352 0.193875
vt 0.834212 0.188841
vt 0.844035 0.202692
vt 0.841327 0.200887
vt 0.831313 0.197162
vt 0.831654 0.212613
vt 0.833581 0.228305
vt 0.839044 0.222915
vt 0.843528 0.214315
vt 0.838745 0.197919
vt 0.833957 0.203396
vt 0.840159 0.212080
vt 0.835203 0.218554
vt 0.836937 0.208405
vt 0.255624 0.893831
vt 0.260365 0.903135
vt 0.228622 0.913449
vt 0.261999 0.913449
vt 0.248240 0.886447
vt 0.260365 0.923763
vt 0.238936 0.881706
vt 0.255624 0.933068
vt 0.228622 0.880073
vt 0.248240 0.940451
vt 0.218308 0.881706
vt 0.238936 0.945192
vt 0.209004 0.886447
vt 0.228622 0.946826
vt 0.201620 0.893831
vt 0.218308 0.945192
vt 0.196879 0.903135
vt 0.209004 0.940451
vt 0.195245 0.913449
vt 0.201620 0.933068
vt 0.196879 0.923763
vt 0.334206 0.937866
vt 0.329465 0.947170
vt 0.302462 0.927552
vt 0.322081 0.954554
vt 0.335839 0.927552
vt 0.312776 0.959295
vt 0.334206 0.917238
vt 0.302462 0.960929
vt 0.329465 0.907934
vt 0.292149 0.959295
vt 0.322081 0.900550
vt 0.282844 0.954554
vt 0.312776 0.895809
vt 0.275460 0.947170
vt 0.302462 0.894175
vt 0.270719 0.937866
vt 0.292149 0.895809
vt 0.269086 0.927552
vt 0.282844 0.900550
vt 0.270719 0.917238
vt 0.275460 0.907934
vt 0.203295 0.744188
vt 0.232969 0.744188
vt 0.232969 0.757754
vt 0.201195 0.757754
vt 0.262643 0.744188
vt 0.264742 0.757754
vt 0.232969 0.772965
vt 0.199507 0.772965
vt 0.266431 0.772965
vt 0.232969 0.789447
vt 0.198207 0.789447
vt 0.267729 0.789447
vt 0.232969 0.806795
vt 0.197259 0.806795
vt 0.268677 0.806795
vt 0.232969 0.824580
vt 0.196711 0.824580
vt 0.269225 0.824580
vt 0.232969 0.842365
vt 0.196633 0.842365
vt 0.269305 0.842365
vt 0.232969 0.859712
vt 0.197088 0.859712
vt 0.268849 0.859712
vt 0.232969 0.876195
vt 0.198150 0.876195
vt 0.267787 0.876195
vt 0.173142 0.876195
vt 0.139680 0.876195
vt 0.139680 0.859713
vt 0.174441 0.859713
vt 0.106218 0.876195
vt 0.104919 0.859713
vt 0.139680 0.842365
vt 0.175388 0.842365
vt 0.103971 0.842365
vt 0.139680 0.824580
vt 0.175936 0.824580
vt 0.103423 0.824580
vt 0.139680 0.806795
vt 0.176016 0.806795
vt 0.103344 0.806795
vt 0.139680 0.789447
vt 0.175560 0.789447
vt 0.103800 0.789447
vt 0.139680 0.772965
vt 0.174498 0.772965
vt 0.104862 0.772965
vt 0.139680 0.757754
vt 0.172778 0.757754
vt 0.106582 0.757754
vt 0.139680 0.744188
vt 0.170378 0.744188
vt 0.108981 0.744188
vt 0.190672 0.757754
vt 0.186552 0.744188
vt 0.088688 0.757754
vt 0.092808 0.744188
vt 0.705484 0.728822
vt 0.695090 0.728822
vt 0.695897 0.726395
vt 0.706455 0.726395
vt 0.683427 0.728822
vt 0.684050 0.726395
vt 0.696383 0.723939
vt 0.707040 0.723939
vt 0.693967 0.731203
vt 0.682560 0.731203
vt 0.670796 0.728822
vt 0.671220 0.726395
vt 0.684426 0.723939
vt 0.699140 0.678818
vt 0.710355 0.678818
vt 0.670206 0.731203
vt 0.657497 0.728822
vt 0.657712 0.726395
vt 0.671476 0.723939
vt 0.686554 0.678818
vt 0.706758 0.548398
vt 0.719520 0.548398
vt 0.657199 0.731203
vt 0.643865 0.728822
vt 0.643865 0.726395
vt 0.657841 0.723939
vt 0.672925 0.678818
vt 0.692439 0.548398
vt 0.714718 0.411324
vt 0.729095 0.411324
vt 0.643865 0.731203
vt 0.630233 0.728822
vt 0.630018 0.726395
vt 0.643865 0.723939
vt 0.658575 0.678818
vt 0.676930 0.548398
vt 0.698586 0.411324
vt 0.718498 0.346238
vt 0.733642 0.346238
vt 0.630532 0.731203
vt 0.616935 0.728822
vt 0.616510 0.726395
vt 0.629889 0.723939
vt 0.643865 0.678818
vt 0.660603 0.548398
vt 0.681115 0.411324
vt 0.701505 0.346238
vt 0.721131 0.300889
vt 0.736809 0.300889
vt 0.746588 0.346238
vt 0.741386 0.411324
vt 0.617525 0.731203
vt 0.604304 0.728822
vt 0.603680 0.726395
vt 0.616255 0.723939
vt 0.629156 0.678818
vt 0.643865 0.548398
vt 0.662721 0.411324
vt 0.683102 0.346238
vt 0.703539 0.300889
vt 0.725653 0.223026
vt 0.742248 0.223026
vt 0.750213 0.300889
vt 0.605171 0.731203
vt 0.592641 0.728822
vt 0.591833 0.726395
vt 0.603305 0.723939
vt 0.614806 0.678818
vt 0.627128 0.548398
vt 0.643865 0.411324
vt 0.663727 0.346238
vt 0.684486 0.300889
vt 0.707031 0.223026
vt 0.730059 0.147149
vt 0.747548 0.147149
vt 0.756436 0.223026
vt 0.593763 0.731203
vt 0.582247 0.728822
vt 0.581276 0.726395
vt 0.591347 0.723939
vt 0.601176 0.678818
vt 0.610800 0.548398
vt 0.625010 0.411324
vt 0.643865 0.346238
vt 0.664427 0.300889
vt 0.686863 0.223026
vt 0.710434 0.147149
vt 0.732346 0.107760
vt 0.750300 0.107760
vt 0.762500 0.147149
vt 0.580691 0.723939
vt 0.588591 0.678818
vt 0.595292 0.548398
vt 0.606616 0.411324
vt 0.624004 0.346238
vt 0.643865 0.300889
vt 0.665631 0.223026
vt 0.689180 0.147149
vt 0.712200 0.107760
vt 0.733828 0.082242
vt 0.752082 0.082242
vt 0.765649 0.107760
vt 0.577375 0.678818
vt 0.580972 0.548398
vt 0.589144 0.411324
vt 0.604629 0.346238
vt 0.623303 0.300889
vt 0.643865 0.223026
vt 0.666803 0.147149
vt 0.690382 0.107760
vt 0.713345 0.082242
vt 0.735817 0.047980
vt 0.754475 0.047980
vt 0.767688 0.082242
vt 0.568210 0.548398
vt 0.573012 0.411324
vt 0.586225 0.346238
vt 0.603244 0.300889
vt 0.622100 0.223026
vt 0.643865 0.147149
vt 0.667412 0.107760
vt 0.691161 0.082242
vt 0.714881 0.047980
vt 0.737355 0.018387
vt 0.756325 0.018387
vt 0.770427 0.047980
vt 0.558636 0.411324
vt 0.569233 0.346238
vt 0.584192 0.300889
vt 0.600867 0.223026
vt 0.620927 0.147149
vt 0.643865 0.107760
vt 0.667806 0.082242
vt 0.692207 0.047980
vt 0.716069 0.018387
vt 0.737481 0.006875
vt 0.756477 0.006875
vt 0.772543 0.018387
vt 0.554089 0.346238
vt 0.566599 0.300889
vt 0.580700 0.223026
vt 0.598551 0.147149
vt 0.620319 0.107760
vt 0.643865 0.082242
vt 0.668336 0.047980
vt 0.693016 0.018387
vt 0.716166 0.006875
vt 0.736615 0.004418
vt 0.755435 0.004418
vt 0.772716 0.006875
vt 0.550921 0.300889
vt 0.541142 0.346238
vt 0.546345 0.411324
vt 0.562078 0.223026
vt 0.577297 0.147149
vt 0.597348 0.107760
vt 0.619924 0.082242
vt 0.643865 0.047980
vt 0.668745 0.018387
vt 0.693082 0.006875
vt 0.715497 0.004418
vt 0.735176 0.001992
vt 0.753704 0.001992
vt 0.771524 0.004418
vt 0.545483 0.223026
vt 0.537518 0.300889
vt 0.557672 0.147149
vt 0.575530 0.107760
vt 0.596569 0.082242
vt 0.619395 0.047980
vt 0.643865 0.018387
vt 0.668778 0.006875
vt 0.692627 0.004418
vt 0.714386 0.001992
vt 0.785764 0.006875
vt 0.784451 0.004418
vt 0.540182 0.147149
vt 0.531295 0.223026
vt 0.555385 0.107760
vt 0.574386 0.082242
vt 0.595523 0.047980
vt 0.618986 0.018387
vt 0.643865 0.006875
vt 0.668548 0.004418
vt 0.691870 0.001992
vt 0.537431 0.107760
vt 0.525230 0.147149
vt 0.553903 0.082242
vt 0.572849 0.047980
vt 0.594715 0.018387
vt 0.618952 0.006875
vt 0.643865 0.004418
vt 0.668165 0.001992
vt 0.535649 0.082242
vt 0.522082 0.107760
vt 0.551913 0.047980
vt 0.571662 0.018387
vt 0.594649 0.006875
vt 0.619183 0.004418
vt 0.643865 0.001992
vt 0.533255 0.047980
vt 0.520042 0.082242
vt 0.550376 0.018387
vt 0.571564 0.006875
vt 0.595104 0.004418
vt 0.619566 0.001992
vt 0.531406 0.018387
vt 0.517304 0.047980
vt 0.550250 0.006875
vt 0.572233 0.004418
vt 0.595860 0.001992
vt 0.531254 0.006875
vt 0.515188 0.018387
vt 0.551116 0.004418
vt 0.573345 0.001992
vt 0.515014 0.006875
vt 0.532296 0.004418
vt 0.552555 0.001992
vt 0.516207 0.004418
vt 0.534027 0.001992
vt 0.501967 0.006875
vt 0.503280 0.004418
vt 0.290672 0.004374
vt 0.301066 0.004373
vt 0.300259 0.006800
vt 0.289701 0.006800
vt 0.312729 0.004374
vt 0.312105 0.006800
vt 0.299773 0.009256
vt 0.289116 0.009256
vt 0.302188 0.001992
vt 0.313596 0.001992
vt 0.325360 0.004373
vt 0.324936 0.006800
vt 0.311730 0.009256
vt 0.297016 0.054377
vt 0.285801 0.054377
vt 0.325950 0.001992
vt 0.338659 0.004374
vt 0.338444 0.006800
vt 0.324680 0.009256
vt 0.309601 0.054377
vt 0.289397 0.184797
vt 0.276636 0.184797
vt 0.338957 0.001992
vt 0.352291 0.004373
vt 0.352291 0.006800
vt 0.338314 0.009256
vt 0.323231 0.054377
vt 0.303717 0.184797
vt 0.281438 0.321872
vt 0.267061 0.321872
vt 0.352291 0.001992
vt 0.365923 0.004374
vt 0.366137 0.006800
vt 0.352291 0.009256
vt 0.337581 0.054377
vt 0.319226 0.184797
vt 0.297570 0.321872
vt 0.277658 0.386958
vt 0.262514 0.386958
vt 0.365624 0.001992
vt 0.379221 0.004373
vt 0.379645 0.006800
vt 0.366267 0.009256
vt 0.352291 0.054377
vt 0.335553 0.184797
vt 0.315041 0.321872
vt 0.294651 0.386958
vt 0.275025 0.432306
vt 0.259347 0.432306
vt 0.249568 0.386958
vt 0.254770 0.321872
vt 0.378631 0.001992
vt 0.391852 0.004374
vt 0.392476 0.006800
vt 0.379901 0.009256
vt 0.367000 0.054377
vt 0.352291 0.184797
vt 0.333435 0.321872
vt 0.313054 0.386958
vt 0.292617 0.432306
vt 0.270503 0.510170
vt 0.253908 0.510170
vt 0.245943 0.432306
vt 0.390985 0.001992
vt 0.403515 0.004373
vt 0.404322 0.006800
vt 0.392851 0.009256
vt 0.381350 0.054377
vt 0.369028 0.184797
vt 0.352291 0.321872
vt 0.332429 0.386958
vt 0.311669 0.432306
vt 0.289125 0.510170
vt 0.266097 0.586046
vt 0.248608 0.586046
vt 0.239720 0.510170
vt 0.402393 0.001992
vt 0.413909 0.004374
vt 0.414880 0.006800
vt 0.404808 0.009256
vt 0.394980 0.054377
vt 0.385355 0.184797
vt 0.371146 0.321872
vt 0.352291 0.386958
vt 0.331728 0.432306
vt 0.309292 0.510170
vt 0.285722 0.586046
vt 0.263810 0.625436
vt 0.245856 0.625436
vt 0.233655 0.586046
vt 0.415465 0.009256
vt 0.407565 0.054377
vt 0.400864 0.184797
vt 0.389540 0.321872
vt 0.372152 0.386958
vt 0.352291 0.432306
vt 0.330525 0.510170
vt 0.306976 0.586046
vt 0.283956 0.625436
vt 0.262328 0.650954
vt 0.244074 0.650954
vt 0.230507 0.625436
vt 0.418781 0.054377
vt 0.415184 0.184797
vt 0.407011 0.321872
vt 0.391527 0.386958
vt 0.372853 0.432306
vt 0.352291 0.510170
vt 0.329353 0.586046
vt 0.305773 0.625436
vt 0.282811 0.650954
vt 0.260338 0.685215
vt 0.241681 0.685215
vt 0.228468 0.650954
vt 0.427945 0.184797
vt 0.423144 0.321872
vt 0.409930 0.386958
vt 0.392912 0.432306
vt 0.374056 0.510170
vt 0.352291 0.586046
vt 0.328744 0.625436
vt 0.304994 0.650954
vt 0.281275 0.685215
vt 0.258801 0.714808
vt 0.239831 0.714808
vt 0.225729 0.685215
vt 0.437520 0.321872
vt 0.426923 0.386958
vt 0.411964 0.432306
vt 0.395289 0.510170
vt 0.375228 0.586046
vt 0.352291 0.625436
vt 0.328350 0.650954
vt 0.303948 0.685215
vt 0.280087 0.714808
vt 0.258675 0.726321
vt 0.239679 0.726321
vt 0.223613 0.714808
vt 0.442067 0.386958
vt 0.429556 0.432306
vt 0.415456 0.510170
vt 0.397605 0.586046
vt 0.375837 0.625436
vt 0.352291 0.650954
vt 0.327820 0.685215
vt 0.303140 0.714808
vt 0.279990 0.726321
vt 0.259541 0.728777
vt 0.240721 0.728777
vt 0.223440 0.726321
vt 0.445234 0.432306
vt 0.455013 0.386958
vt 0.449811 0.321872
vt 0.434078 0.510170
vt 0.418859 0.586046
vt 0.398808 0.625436
vt 0.376232 0.650954
vt 0.352291 0.685215
vt 0.327411 0.714808
vt 0.303074 0.726321
vt 0.280659 0.728777
vt 0.260980 0.731203
vt 0.242452 0.731203
vt 0.224632 0.728777
vt 0.450673 0.510170
vt 0.458638 0.432306
vt 0.438484 0.586046
vt 0.420626 0.625436
vt 0.399587 0.650954
vt 0.376761 0.685215
vt 0.352291 0.714808
vt 0.327377 0.726321
vt 0.303529 0.728777
vt 0.281770 0.731203
vt 0.262981 0.733584
vt 0.244859 0.733584
vt 0.226612 0.731203
vt 0.210392 0.726321
vt 0.211705 0.728777
vt 0.455973 0.586046
vt 0.464861 0.510170
vt 0.440771 0.625436
vt 0.421770 0.650954
vt 0.400633 0.685215
vt 0.377170 0.714808
vt 0.352291 0.726321
vt 0.327608 0.728777
vt 0.304286 0.731203
vt 0.283315 0.733584
vt 0.213886 0.731203
vt 0.458725 0.625436
vt 0.470926 0.586046
vt 0.442253 0.650954
vt 0.423307 0.685215
vt 0.401441 0.714808
vt 0.377204 0.726321
vt 0.352291 0.728777
vt 0.327991 0.731203
vt 0.305338 0.733584
vt 0.460507 0.650954
vt 0.474074 0.625436
vt 0.444243 0.685215
vt 0.424494 0.714808
vt 0.401507 0.726321
vt 0.376973 0.728777
vt 0.352291 0.731203
vt 0.328523 0.733584
vt 0.462901 0.685215
vt 0.476113 0.650954
vt 0.445780 0.714808
vt 0.424591 0.726321
vt 0.401052 0.728777
vt 0.376590 0.731203
vt 0.352291 0.733584
vt 0.464750 0.714808
vt 0.478852 0.685215
vt 0.445906 0.726321
vt 0.423922 0.728777
vt 0.400295 0.731203
vt 0.376058 0.733584
vt 0.464902 0.726321
vt 0.480968 0.714808
vt 0.445040 0.728777
vt 0.422811 0.731203
vt 0.399243 0.733584
vt 0.481141 0.726321
vt 0.463860 0.728777
vt 0.443601 0.731203
vt 0.421266 0.733584
vt 0.479949 0.728777
vt 0.462129 0.731203
vt 0.441600 0.733584
vt 0.494189 0.726321
vt 0.492876 0.728777
vt 0.477969 0.731203
vt 0.459722 0.733584
vt 0.490695 0.731203
vt 0.082727 0.862161
vt 0.073423 0.862161
vt 0.073423 0.834207
vt 0.082727 0.834207
vt 0.063109 0.862161
vt 0.063109 0.834207
vt 0.073423 0.802652
vt 0.082727 0.802652
vt 0.052795 0.862161
vt 0.052795 0.834207
vt 0.063109 0.802652
vt 0.073423 0.744225
vt 0.082727 0.744386
vt 0.043491 0.862161
vt 0.043491 0.834207
vt 0.052795 0.802652
vt 0.063109 0.744188
vt 0.043491 0.802652
vt 0.052795 0.744225
vt 0.043491 0.744386
vt 0.001935 0.866038
vt 0.011240 0.866038
vt 0.011240 0.893992
vt 0.001935 0.893992
vt 0.021553 0.866038
vt 0.021553 0.893992
vt 0.011240 0.925547
vt 0.001935 0.925547
vt 0.031867 0.866038
vt 0.031867 0.893992
vt 0.021553 0.925547
vt 0.011240 0.984011
vt 0.001935 0.983974
vt 0.041172 0.866038
vt 0.041172 0.893992
vt 0.031867 0.925547
vt 0.021553 0.984011
vt 0.041172 0.925547
vt 0.031867 0.984011
vt 0.041172 0.983974
vn 0.242062 -0.968878 -0.051776
vn 0.217633 -0.970553 -0.103259
vn 0.418626 -0.884940 -0.204044
vn 0.482699 -0.869144 -0.107658
vn 0.124354 -0.973090 -0.193988
vn 0.233605 -0.920701 -0.312631
vn 0.037884 -0.975700 -0.215812
vn 0.078615 -0.933974 -0.348585
vn -0.000000 -0.975915 -0.218151
vn -0.000000 -0.936663 -0.350232
vn -0.037884 -0.975700 -0.215813
vn -0.078616 -0.933974 -0.348585
vn -0.124354 -0.973090 -0.193989
vn -0.233605 -0.920701 -0.312630
vn -0.217633 -0.970553 -0.103259
vn -0.418625 -0.884939 -0.204047
vn -0.242062 -0.968878 -0.051776
vn -0.482700 -0.869143 -0.107661
vn -0.250404 -0.968141 0.000767
vn -0.508501 -0.861061 0.001261
vn -0.243925 -0.968227 0.055118
vn -0.494157 -0.861441 0.117167
vn -0.220236 -0.968996 0.111997
vn -0.435940 -0.869244 0.233177
vn -0.174654 -0.970056 0.168779
vn -0.331048 -0.881990 0.335411
vn -0.041054 -0.966099 0.254887
vn -0.080248 -0.903893 0.420163
vn 0.000000 -0.970326 0.241799
vn -0.000000 -0.908528 0.417825
vn 0.041054 -0.966100 0.254885
vn 0.080248 -0.903894 0.420161
vn 0.174654 -0.970057 0.168779
vn 0.331048 -0.881990 0.335411
vn 0.220236 -0.968996 0.111997
vn 0.435940 -0.869244 0.233175
vn 0.243925 -0.968227 0.055118
vn 0.494157 -0.861442 0.117164
vn 0.250405 -0.968141 0.000767
vn 0.508500 -0.861061 0.001259
vn 0.547029 -0.792457 -0.269762
vn 0.624546 -0.767485 -0.144600
vn 0.352820 -0.849298 -0.392696
vn 0.118673 -0.876099 -0.467298
vn -0.000000 -0.876109 -0.482113
vn -0.118673 -0.876099 -0.467297
vn -0.352820 -0.849298 -0.392696
vn -0.547028 -0.792457 -0.269763
vn -0.624546 -0.767485 -0.144602
vn -0.656695 -0.754156 -0.000455
vn -0.642239 -0.749992 0.158246
vn -0.574472 -0.754090 0.318323
vn -0.444738 -0.768187 0.460539
vn -0.134420 -0.796266 0.589823
vn -0.000000 -0.800052 0.599931
vn 0.134421 -0.796266 0.589823
vn 0.444739 -0.768187 0.460539
vn 0.574473 -0.754090 0.318322
vn 0.642240 -0.749992 0.158242
vn 0.656695 -0.754157 -0.000458
vn 0.644473 -0.691656 -0.325985
vn 0.726487 -0.664098 -0.176609
vn 0.476104 -0.749305 -0.460289
vn 0.189291 -0.790520 -0.582449
vn -0.000000 -0.794575 -0.607166
vn -0.189291 -0.790520 -0.582449
vn -0.476104 -0.749304 -0.460291
vn -0.644475 -0.691654 -0.325986
vn -0.726487 -0.664097 -0.176611
vn -0.762772 -0.646654 -0.004236
vn -0.749816 -0.632752 0.193394
vn -0.677312 -0.625316 0.387593
vn -0.533745 -0.634159 0.559427
vn -0.184965 -0.663631 0.724832
vn -0.000000 -0.666282 0.745700
vn 0.184965 -0.663631 0.724832
vn 0.533746 -0.634158 0.559427
vn 0.677312 -0.625317 0.387592
vn 0.749816 -0.632752 0.193392
vn 0.762773 -0.646653 -0.004235
vn 0.715517 -0.589953 -0.374154
vn 0.797109 -0.567371 -0.206656
vn 0.571566 -0.624354 -0.532441
vn 0.225612 -0.683009 -0.694692
vn -0.000021 -0.691207 -0.722657
vn -0.225618 -0.682958 -0.694741
vn -0.571560 -0.624340 -0.532465
vn -0.715516 -0.589954 -0.374154
vn -0.797109 -0.567371 -0.206657
vn -0.837583 -0.546259 -0.007440
vn -0.825717 -0.517525 0.224409
vn -0.748902 -0.495133 0.440442
vn -0.598204 -0.495589 0.629717
vn -0.227636 -0.522117 0.821934
vn 0.000000 -0.524159 0.851620
vn 0.227636 -0.522117 0.821934
vn 0.598204 -0.495589 0.629717
vn 0.748902 -0.495133 0.440441
vn 0.825717 -0.517526 0.224408
vn 0.837583 -0.546260 -0.007438
vn 0.763687 -0.488426 -0.422163
vn 0.847343 -0.476597 -0.234232
vn 0.620681 -0.509971 -0.595554
vn 0.263276 -0.563811 -0.782818
vn -0.000040 -0.572812 -0.819687
vn -0.263288 -0.563823 -0.782805
vn -0.620646 -0.509979 -0.595584
vn -0.763687 -0.488426 -0.422164
vn -0.847342 -0.476598 -0.234233
vn -0.892527 -0.450928 -0.007738
vn -0.878577 -0.405662 0.252072
vn -0.796262 -0.369861 0.478717
vn -0.642643 -0.362237 0.675125
vn -0.261719 -0.383316 0.885761
vn -0.000000 -0.385281 0.922799
vn 0.261719 -0.383316 0.885761
vn 0.642644 -0.362237 0.675125
vn 0.796262 -0.369861 0.478717
vn 0.878577 -0.405662 0.252071
vn 0.892527 -0.450927 -0.007738
vn 0.795258 -0.383255 -0.469767
vn 0.883024 -0.385889 -0.267129
vn 0.656036 -0.394316 -0.643531
vn 0.292732 -0.443826 -0.846952
vn -0.000003 -0.453256 -0.891380
vn -0.292716 -0.443931 -0.846902
vn -0.656017 -0.394365 -0.643521
vn -0.795258 -0.383253 -0.469767
vn -0.883024 -0.385889 -0.267129
vn -0.933526 -0.358479 -0.004669
vn -0.913498 -0.297869 0.277119
vn -0.825801 -0.252271 0.504394
vn -0.671994 -0.239546 0.700744
vn -0.287582 -0.253251 0.923667
vn -0.000000 -0.254811 0.966991
vn 0.287583 -0.253249 0.923667
vn 0.671993 -0.239544 0.700745
vn 0.825801 -0.252272 0.504393
vn 0.913498 -0.297869 0.277120
vn 0.933527 -0.358478 -0.004669
vn 0.815755 -0.282476 -0.504729
vn 0.909045 -0.286457 -0.302620
vn 0.678770 -0.298130 -0.671111
vn 0.312940 -0.342947 -0.885695
vn 0.000061 -0.351690 -0.936117
vn -0.312931 -0.343061 -0.885654
vn -0.678810 -0.298168 -0.671054
vn -0.815755 -0.282476 -0.504728
vn -0.909045 -0.286457 -0.302621
vn -0.965299 -0.261145 0.000880
vn -0.933916 -0.194690 0.299829
vn -0.842467 -0.147232 0.518240
vn -0.689826 -0.132045 0.711832
vn -0.305941 -0.133682 0.942618
vn -0.000000 -0.133220 0.991086
vn 0.305942 -0.133677 0.942619
vn 0.689821 -0.132040 0.711837
vn 0.842467 -0.147232 0.518240
vn 0.933916 -0.194691 0.299828
vn 0.965299 -0.261147 0.000881
vn 0.829433 -0.201079 -0.521160
vn 0.923807 -0.193538 -0.330339
vn 0.691616 -0.220732 -0.687710
vn 0.324567 -0.252599 -0.911510
vn 0.000106 -0.258215 -0.966087
vn -0.324556 -0.252666 -0.911495
vn -0.691699 -0.220747 -0.687622
vn -0.829433 -0.201079 -0.521161
vn -0.923806 -0.193540 -0.330341
vn -0.986046 -0.166460 -0.001836
vn -0.942160 -0.102244 0.319188
vn -0.850914 -0.057620 0.522136
vn -0.699065 -0.036932 0.714104
vn -0.317328 -0.022137 0.948057
vn 0.000000 -0.018368 0.999831
vn 0.317327 -0.022133 0.948058
vn 0.699056 -0.036927 0.714113
vn 0.850914 -0.057619 0.522135
vn 0.942160 -0.102242 0.319188
vn 0.986047 -0.166456 -0.001834
vn 0.838409 -0.127997 -0.529799
vn 0.932800 -0.109238 -0.343441
vn 0.696832 -0.139664 -0.703505
vn 0.328561 -0.152837 -0.932035
vn 0.000108 -0.154188 -0.988042
vn -0.328560 -0.152766 -0.932046
vn -0.696924 -0.139622 -0.703423
vn -0.838409 -0.127996 -0.529799
vn -0.932799 -0.109237 -0.343443
vn -0.997660 -0.068367 0.001139
vn -0.943338 -0.015073 0.331491
vn -0.852981 0.023201 0.521427
vn -0.700031 0.053981 0.712069
vn -0.321406 0.085731 0.943053
vn 0.000000 0.092889 0.995676
vn 0.321401 0.085727 0.943055
vn 0.700024 0.053977 0.712076
vn 0.852981 0.023200 0.521426
vn 0.943338 -0.015072 0.331490
vn 0.997660 -0.068367 0.001141
vn 0.842403 -0.041104 -0.537278
vn 0.938663 -0.017705 -0.344382
vn 0.694267 -0.043163 -0.718422
vn 0.325187 -0.038463 -0.944867
vn 0.000056 -0.036157 -0.999346
vn -0.325181 -0.038311 -0.944875
vn -0.694313 -0.043100 -0.718381
vn -0.842402 -0.041117 -0.537279
vn -0.938662 -0.017725 -0.344384
vn -0.999426 0.033872 -0.000129
vn -0.939468 0.079005 0.333403
vn -0.846947 0.112272 0.519688
vn -0.691880 0.153089 0.705596
vn -0.317558 0.198986 0.927125
vn 0.000000 0.208781 0.977963
vn 0.317564 0.198981 0.927125
vn 0.691879 0.153089 0.705598
vn 0.846947 0.112282 0.519686
vn 0.939468 0.079022 0.333400
vn 0.999425 0.033893 -0.000129
vn 0.838193 0.067356 -0.541198
vn 0.937060 0.089962 -0.337379
vn 0.681994 0.072639 -0.727741
vn 0.314216 0.091796 -0.944903
vn -0.000003 0.096531 -0.995330
vn -0.314224 0.091881 -0.944892
vn -0.681984 0.072666 -0.727748
vn -0.838192 0.067339 -0.541202
vn -0.937062 0.089953 -0.337378
vn -0.990007 0.141004 -0.001822
vn -0.928018 0.180383 0.325953
vn -0.830523 0.214592 0.513986
vn -0.671800 0.265535 0.691503
vn -0.305233 0.323739 0.895559
vn 0.000000 0.335075 0.942191
vn 0.305232 0.323739 0.895559
vn 0.671803 0.265542 0.691497
vn 0.830522 0.214607 0.513981
vn 0.928015 0.180393 0.325955
vn 0.990007 0.141007 -0.001820
vn 0.820224 0.200029 -0.535930
vn 0.920052 0.220145 -0.324100
vn 0.656581 0.210547 -0.724273
vn 0.294943 0.238365 -0.925306
vn 0.000006 0.243768 -0.969834
vn -0.294964 0.238242 -0.925331
vn -0.656585 0.210495 -0.724284
vn -0.820220 0.200043 -0.535930
vn -0.920050 0.220166 -0.324092
vn -0.963975 0.265978 -0.002609
vn -0.902983 0.297162 0.310350
vn -0.799732 0.328039 0.502812
vn -0.637132 0.382087 0.669382
vn -0.284247 0.448237 0.847519
vn 0.000000 0.460361 0.887732
vn 0.284249 0.448235 0.847519
vn 0.637139 0.382083 0.669377
vn 0.799735 0.328028 0.502814
vn 0.902987 0.297141 0.310358
vn 0.963983 0.265953 -0.002607
vn 0.780404 0.354245 -0.515247
vn 0.878641 0.369756 -0.302110
vn 0.613677 0.367085 -0.699035
vn 0.266744 0.396191 -0.878567
vn 0.000048 0.400687 -0.916215
vn -0.266724 0.396143 -0.878595
vn -0.613720 0.367072 -0.699004
vn -0.780399 0.354261 -0.515244
vn -0.878639 0.369765 -0.302104
vn -0.913907 0.405913 -0.002813
vn -0.856662 0.428814 0.286792
vn -0.751319 0.454416 0.478567
vn -0.586468 0.500909 0.636510
vn -0.254748 0.561280 0.787444
vn -0.000000 0.572233 0.820091
vn 0.254749 0.561281 0.787443
vn 0.586473 0.500903 0.636511
vn 0.751324 0.454392 0.478581
vn 0.856673 0.428793 0.286791
vn 0.913909 0.405908 -0.002813
vn 0.711501 0.519085 -0.473621
vn 0.804768 0.528728 -0.269805
vn 0.549783 0.531206 -0.644639
vn 0.229410 0.555720 -0.799091
vn 0.000031 0.558784 -0.829313
vn -0.229402 0.555817 -0.799026
vn -0.549804 0.531238 -0.644594
vn -0.711502 0.519085 -0.473620
vn -0.804768 0.528728 -0.269807
vn -0.833199 0.552967 -0.002564
vn -0.782295 0.568340 0.254961
vn -0.680405 0.588312 0.436964
vn -0.520672 0.623402 0.583327
vn -0.217193 0.668135 0.711634
vn -0.000000 0.675483 0.737375
vn 0.217193 0.668138 0.711632
vn 0.520664 0.623407 0.583329
vn 0.680392 0.588312 0.436986
vn 0.782291 0.568337 0.254979
vn 0.833201 0.552964 -0.002562
vn 0.611088 0.677622 -0.409146
vn 0.695413 0.681684 -0.227394
vn 0.439781 0.704047 -0.557594
vn 0.192050 0.713080 -0.674265
vn 0.000000 0.706356 -0.707856
vn -0.192054 0.713080 -0.674264
vn -0.439788 0.704048 -0.557587
vn -0.611087 0.677622 -0.409146
vn -0.695412 0.681684 -0.227397
vn -0.719278 0.694719 -0.002083
vn -0.676928 0.703870 0.215259
vn -0.584698 0.717801 0.378007
vn -0.415049 0.756865 0.504866
vn -0.181736 0.776570 0.603251
vn -0.000000 0.774654 0.632385
vn 0.181733 0.776569 0.603252
vn 0.415043 0.756865 0.504871
vn 0.584679 0.717813 0.378015
vn 0.676919 0.703882 0.215248
vn 0.719278 0.694720 -0.002079
vn 0.456436 0.826061 -0.330588
vn 0.555119 0.812645 -0.177345
vn 0.301948 0.842841 -0.445472
vn 0.121120 0.838688 -0.530973
vn -0.000034 0.828404 -0.560132
vn -0.121096 0.838722 -0.530925
vn -0.301917 0.842841 -0.445495
vn -0.456467 0.826041 -0.330597
vn -0.555125 0.812641 -0.177342
vn -0.575557 0.817761 -0.001460
vn -0.543199 0.822417 0.169013
vn -0.438443 0.844078 0.308708
vn -0.289509 0.865484 0.408805
vn -0.117389 0.868269 0.482004
vn 0.000000 0.861264 0.508157
vn 0.117392 0.868268 0.482006
vn 0.289508 0.865483 0.408808
vn 0.438443 0.844078 0.308707
vn 0.543199 0.822416 0.169015
vn 0.575557 0.817761 -0.001454
vn 0.276636 0.931215 -0.237299
vn 0.345709 0.932018 -0.108754
vn 0.172422 0.930698 -0.322602
vn 0.093932 0.920808 -0.378537
vn -0.000135 0.919143 -0.393923
vn -0.093912 0.920848 -0.378443
vn -0.172272 0.930700 -0.322677
vn -0.276646 0.931206 -0.237324
vn -0.345705 0.932022 -0.108739
vn -0.359742 0.933052 -0.000796
vn -0.341450 0.934031 0.104873
vn -0.270685 0.936011 0.224974
vn -0.168459 0.938146 0.302495
vn -0.092021 0.931325 0.352373
vn 0.000001 0.930311 0.366771
vn 0.092021 0.931326 0.352370
vn 0.168459 0.938147 0.302492
vn 0.270685 0.936010 0.224975
vn 0.341450 0.934030 0.104878
vn 0.359741 0.933052 -0.000791
vn 0.137599 0.980194 -0.142431
vn 0.167735 0.984169 -0.057237
vn 0.109530 0.974459 -0.196044
vn 0.055896 0.972692 -0.225270
vn -0.000180 0.972416 -0.233253
vn -0.055903 0.972694 -0.225258
vn -0.109376 0.974446 -0.196194
vn -0.137579 0.980199 -0.142412
vn -0.167739 0.984169 -0.057231
vn -0.175267 0.984521 -0.000163
vn -0.166824 0.984394 0.056023
vn -0.136301 0.981106 0.137310
vn -0.108483 0.976114 0.188234
vn -0.055605 0.974881 0.215672
vn 0.000001 0.974848 0.222872
vn 0.055605 0.974881 0.215673
vn 0.108482 0.976115 0.188230
vn 0.136301 0.981104 0.137318
vn 0.166825 0.984393 0.056037
vn 0.175267 0.984521 -0.000163
vn -0.000000 -0.999897 0.014318
vn -0.000003 1.000000 -0.000280
vn 0.058953 -0.997812 -0.029926
vn 0.056964 -0.997385 -0.044471
vn 0.078823 -0.994997 -0.061380
vn 0.084381 -0.995531 -0.042396
vn 0.049863 -0.997154 -0.056557
vn 0.071202 -0.994251 -0.079971
vn 0.093271 -0.990215 -0.103803
vn 0.103082 -0.991414 -0.080452
vn 0.110354 -0.992373 -0.054937
vn 0.044736 -0.996645 -0.068534
vn 0.062213 -0.993525 -0.095064
vn 0.035933 -0.996366 -0.077226
vn 0.051266 -0.992708 -0.109103
vn 0.067291 -0.987595 -0.141875
vn 0.081239 -0.988898 -0.124420
vn 0.028487 -0.995916 -0.085675
vn 0.039751 -0.992071 -0.119226
vn 0.018745 -0.995750 -0.090173
vn 0.026756 -0.991490 -0.127404
vn 0.035183 -0.985513 -0.165912
vn 0.051820 -0.986429 -0.155795
vn 0.009767 -0.995471 -0.094564
vn 0.013656 -0.991182 -0.131803
vn -0.000000 -0.995520 -0.094548
vn -0.000000 -0.991033 -0.133615
vn 0.000000 -0.984727 -0.174109
vn 0.017786 -0.984926 -0.172059
vn -0.009767 -0.995471 -0.094563
vn -0.013656 -0.991182 -0.131803
vn -0.018745 -0.995750 -0.090171
vn -0.026756 -0.991490 -0.127403
vn -0.035184 -0.985513 -0.165913
vn -0.017787 -0.984926 -0.172060
vn -0.028487 -0.995916 -0.085672
vn -0.039751 -0.992071 -0.119226
vn -0.035933 -0.996366 -0.077226
vn -0.051266 -0.992707 -0.109105
vn -0.067291 -0.987595 -0.141875
vn -0.051820 -0.986429 -0.155796
vn -0.044736 -0.996645 -0.068534
vn -0.062214 -0.993525 -0.095063
vn -0.049863 -0.997154 -0.056555
vn -0.071201 -0.994251 -0.079970
vn -0.093270 -0.990215 -0.103803
vn -0.081238 -0.988899 -0.124419
vn -0.056967 -0.997386 -0.044451
vn -0.078822 -0.994998 -0.061373
vn -0.058953 -0.997812 -0.029924
vn -0.084378 -0.995532 -0.042396
vn -0.110354 -0.992373 -0.054938
vn -0.103083 -0.991414 -0.080452
vn -0.063679 -0.997851 -0.015447
vn -0.087731 -0.995918 -0.021237
vn -0.062108 -0.998070 0.000001
vn -0.089027 -0.996029 -0.000000
vn -0.116364 -0.993207 -0.000000
vn -0.114841 -0.992993 -0.027868
vn -0.063679 -0.997851 0.015447
vn -0.087734 -0.995917 0.021238
vn -0.058953 -0.997812 0.029924
vn -0.084376 -0.995532 0.042396
vn -0.110356 -0.992373 0.054938
vn -0.114842 -0.992993 0.027868
vn -0.056965 -0.997386 0.044451
vn -0.078820 -0.994998 0.061373
vn -0.049865 -0.997154 0.056555
vn -0.071201 -0.994251 0.079970
vn -0.093269 -0.990215 0.103803
vn -0.103083 -0.991414 0.080451
vn -0.044738 -0.996645 0.068534
vn -0.062213 -0.993525 0.095062
vn -0.035931 -0.996366 0.077226
vn -0.051265 -0.992708 0.109104
vn -0.067290 -0.987595 0.141875
vn -0.081239 -0.988898 0.124420
vn -0.028482 -0.995916 0.085674
vn -0.039748 -0.992071 0.119226
vn -0.018747 -0.995750 0.090173
vn -0.026754 -0.991490 0.127403
vn -0.035179 -0.985513 0.165914
vn -0.051821 -0.986429 0.155796
vn -0.009772 -0.995471 0.094564
vn -0.013657 -0.991182 0.131803
vn 0.000000 -0.995520 0.094549
vn 0.000000 -0.991033 0.133614
vn -0.000000 -0.984727 0.174108
vn -0.017785 -0.984926 0.172060
vn 0.009772 -0.995471 0.094564
vn 0.013657 -0.991182 0.131802
vn 0.018747 -0.995750 0.090173
vn 0.026754 -0.991490 0.127402
vn 0.035179 -0.985513 0.165912
vn 0.017785 -0.984926 0.172058
vn 0.028484 -0.995916 0.085674
vn 0.039749 -0.992071 0.119225
vn 0.035933 -0.996366 0.077227
vn 0.051265 -0.992708 0.109105
vn 0.067290 -0.987595 0.141875
vn 0.051822 -0.986429 0.155794
vn 0.044737 -0.996645 0.068534
vn 0.062214 -0.993525 0.095064
vn 0.049865 -0.997153 0.056556
vn 0.071202 -0.994251 0.079971
vn 0.093271 -0.990215 0.103804
vn 0.081238 -0.988898 0.124421
vn 0.056966 -0.997386 0.044452
vn 0.078820 -0.994998 0.061373
vn 0.058953 -0.997812 0.029927
vn 0.084376 -0.995532 0.042397
vn 0.110355 -0.992373 0.054938
vn 0.103082 -0.991414 0.080451
vn 0.063679 -0.997851 0.015446
vn 0.087734 -0.995917 0.021238
vn 0.062107 -0.998069 0.000000
vn 0.089027 -0.996029 -0.000000
vn 0.116363 -0.993207 0.000000
vn 0.114842 -0.992993 0.027868
vn 0.063684 -0.997851 -0.015428
vn 0.087734 -0.995918 -0.021233
vn 0.114841 -0.992993 -0.027867
vn 0.129861 -0.986359 -0.101152
vn 0.139052 -0.987873 -0.069076
vn 0.117470 -0.984469 -0.130465
vn 0.142992 -0.976936 -0.158584
vn 0.158175 -0.979717 -0.123027
vn 0.169452 -0.981947 -0.084059
vn 0.102278 -0.982395 -0.156330
vn 0.084697 -0.980344 -0.178191
vn 0.102946 -0.970888 -0.216282
vn 0.124408 -0.973893 -0.189885
vn 0.065201 -0.978511 -0.195615
vn 0.044257 -0.977072 -0.208258
vn 0.053738 -0.966107 -0.252486
vn 0.079207 -0.968209 -0.237273
vn 0.022368 -0.976151 -0.215938
vn -0.000000 -0.975837 -0.218500
vn -0.000000 -0.964308 -0.264785
vn 0.027149 -0.964765 -0.261708
vn -0.022368 -0.976151 -0.215939
vn -0.044257 -0.977072 -0.208260
vn -0.053738 -0.966107 -0.252486
vn -0.027149 -0.964765 -0.261708
vn -0.065201 -0.978511 -0.195616
vn -0.084697 -0.980344 -0.178191
vn -0.102946 -0.970888 -0.216282
vn -0.079207 -0.968209 -0.237273
vn -0.102278 -0.982395 -0.156331
vn -0.117470 -0.984469 -0.130464
vn -0.142991 -0.976937 -0.158583
vn -0.124407 -0.973893 -0.189884
vn -0.129861 -0.986359 -0.101151
vn -0.139051 -0.987873 -0.069077
vn -0.169452 -0.981947 -0.084058
vn -0.158174 -0.979717 -0.123026
vn -0.144720 -0.988852 -0.035047
vn -0.146640 -0.989190 0.000001
vn -0.178768 -0.983891 0.000001
vn -0.176411 -0.983392 -0.042658
vn -0.144719 -0.988852 0.035047
vn -0.139053 -0.987873 0.069078
vn -0.169452 -0.981947 0.084059
vn -0.176412 -0.983392 0.042659
vn -0.129864 -0.986359 0.101149
vn -0.117472 -0.984469 0.130463
vn -0.142992 -0.976937 0.158582
vn -0.158175 -0.979717 0.123025
vn -0.102278 -0.982395 0.156332
vn -0.084695 -0.980344 0.178192
vn -0.102946 -0.970889 0.216281
vn -0.124409 -0.973892 0.189885
vn -0.065200 -0.978511 0.195614
vn -0.044258 -0.977072 0.208260
vn -0.053740 -0.966107 0.252486
vn -0.079204 -0.968209 0.237272
vn -0.022369 -0.976151 0.215938
vn -0.000000 -0.975837 0.218498
vn -0.000000 -0.964308 0.264785
vn -0.027154 -0.964765 0.261708
vn 0.022369 -0.976151 0.215937
vn 0.044258 -0.977072 0.208258
vn 0.053740 -0.966107 0.252485
vn 0.027154 -0.964765 0.261708
vn 0.065201 -0.978511 0.195613
vn 0.084694 -0.980344 0.178190
vn 0.102947 -0.970889 0.216280
vn 0.079204 -0.968209 0.237271
vn 0.102278 -0.982395 0.156332
vn 0.117471 -0.984469 0.130464
vn 0.142992 -0.976937 0.158582
vn 0.124409 -0.973893 0.189884
vn 0.129863 -0.986359 0.101150
vn 0.139053 -0.987873 0.069080
vn 0.169452 -0.981947 0.084060
vn 0.158175 -0.979717 0.123026
vn 0.144720 -0.988852 0.035049
vn 0.146641 -0.989190 0.000000
vn 0.178768 -0.983891 -0.000001
vn 0.176412 -0.983392 0.042661
vn 0.144720 -0.988852 -0.035047
vn 0.176412 -0.983392 -0.042660
vn 0.188242 -0.971173 -0.146248
vn 0.201812 -0.974306 -0.100001
vn 0.170008 -0.967278 -0.188336
vn 0.198801 -0.955019 -0.220040
vn 0.220413 -0.960283 -0.171097
vn 0.236552 -0.964535 -0.117111
vn 0.147761 -0.963026 -0.225272
vn 0.122141 -0.958844 -0.256319
vn 0.142426 -0.943688 -0.298611
vn 0.172534 -0.949294 -0.262817
vn 0.093888 -0.955124 -0.280932
vn 0.063658 -0.952213 -0.298726
vn 0.074068 -0.934845 -0.347245
vn 0.109343 -0.938718 -0.326883
vn 0.032147 -0.950357 -0.309496
vn 0.000000 -0.949727 -0.313081
vn -0.000000 -0.931543 -0.363631
vn 0.037383 -0.932379 -0.359543
vn -0.032147 -0.950358 -0.309495
vn -0.063657 -0.952214 -0.298725
vn -0.074067 -0.934845 -0.347244
vn -0.037383 -0.932380 -0.359542
vn -0.093888 -0.955124 -0.280932
vn -0.122141 -0.958844 -0.256318
vn -0.142427 -0.943687 -0.298614
vn -0.109343 -0.938718 -0.326882
vn -0.147761 -0.963026 -0.225272
vn -0.170008 -0.967278 -0.188336
vn -0.198801 -0.955019 -0.220040
vn -0.172537 -0.949293 -0.262819
vn -0.188244 -0.971172 -0.146250
vn -0.201813 -0.974305 -0.100002
vn -0.236553 -0.964535 -0.117111
vn -0.220412 -0.960283 -0.171097
vn -0.210204 -0.976338 -0.050774
vn -0.213049 -0.977042 0.000000
vn -0.249954 -0.968258 0.000000
vn -0.246562 -0.967299 -0.059504
vn -0.210206 -0.976338 0.050774
vn -0.201812 -0.974306 0.100003
vn -0.236552 -0.964535 0.117111
vn -0.246563 -0.967298 0.059504
vn -0.188242 -0.971173 0.146250
vn -0.170008 -0.967278 0.188337
vn -0.198800 -0.955019 0.220038
vn -0.220412 -0.960284 0.171097
vn -0.147763 -0.963026 0.225272
vn -0.122139 -0.958844 0.256320
vn -0.142424 -0.943687 0.298616
vn -0.172538 -0.949293 0.262819
vn -0.093885 -0.955124 0.280933
vn -0.063657 -0.952214 0.298725
vn -0.074066 -0.934846 0.347242
vn -0.109341 -0.938718 0.326884
vn -0.032151 -0.950358 0.309494
vn 0.000000 -0.949726 0.313082
vn 0.000000 -0.931543 0.363631
vn -0.037384 -0.932381 0.359539
vn 0.032151 -0.950357 0.309495
vn 0.063657 -0.952214 0.298726
vn 0.074066 -0.934846 0.347242
vn 0.037384 -0.932380 0.359540
vn 0.093885 -0.955124 0.280933
vn 0.122139 -0.958844 0.256320
vn 0.142423 -0.943687 0.298616
vn 0.109341 -0.938718 0.326884
vn 0.147762 -0.963026 0.225272
vn 0.170008 -0.967278 0.188337
vn 0.198801 -0.955019 0.220040
vn 0.172537 -0.949293 0.262819
vn 0.188241 -0.971173 0.146248
vn 0.201812 -0.974306 0.100003
vn 0.236552 -0.964535 0.117112
vn 0.220413 -0.960283 0.171097
vn 0.210206 -0.976338 0.050775
vn 0.213048 -0.977042 0.000000
vn 0.249954 -0.968258 0.000001
vn 0.246562 -0.967298 0.059505
vn 0.210204 -0.976338 -0.050774
vn 0.246562 -0.967299 -0.059503
vn 0.255130 -0.946438 -0.197900
vn 0.274197 -0.952059 -0.135645
vn 0.229719 -0.939509 -0.254070
vn 0.263201 -0.919834 -0.290913
vn 0.292966 -0.928761 -0.227099
vn 0.315431 -0.936048 -0.155943
vn 0.198997 -0.932015 -0.302901
vn 0.163973 -0.924717 -0.343528
vn 0.187007 -0.900966 -0.391521
vn 0.227465 -0.910242 -0.346004
vn 0.125690 -0.918279 -0.375453
vn 0.085037 -0.913282 -0.398351
vn 0.096643 -0.886560 -0.452406
vn 0.143061 -0.892837 -0.427055
vn 0.042890 -0.910110 -0.412141
vn -0.000000 -0.909035 -0.416720
vn -0.000000 -0.881242 -0.472666
vn 0.048699 -0.882587 -0.467621
vn -0.042890 -0.910110 -0.412141
vn -0.085038 -0.913282 -0.398351
vn -0.096645 -0.886558 -0.452411
vn -0.048699 -0.882585 -0.467623
vn -0.125691 -0.918278 -0.375456
vn -0.163975 -0.924715 -0.343533
vn -0.187006 -0.900966 -0.391521
vn -0.143062 -0.892836 -0.427056
vn -0.198999 -0.932013 -0.302905
vn -0.229719 -0.939509 -0.254070
vn -0.263202 -0.919834 -0.290912
vn -0.227466 -0.910242 -0.346005
vn -0.255130 -0.946438 -0.197899
vn -0.274198 -0.952059 -0.135645
vn -0.315432 -0.936047 -0.155943
vn -0.292967 -0.928761 -0.227099
vn -0.286060 -0.955725 -0.068984
vn -0.290085 -0.957001 0.000000
vn -0.334252 -0.942484 0.000000
vn -0.329474 -0.940820 -0.079402
vn -0.286059 -0.955725 0.068984
vn -0.274197 -0.952059 0.135646
vn -0.315432 -0.936047 0.155945
vn -0.329473 -0.940820 0.079403
vn -0.255132 -0.946437 0.197900
vn -0.229718 -0.939509 0.254073
vn -0.263201 -0.919834 0.290915
vn -0.292969 -0.928760 0.227100
vn -0.199001 -0.932013 0.302904
vn -0.163973 -0.924715 0.343534
vn -0.187008 -0.900965 0.391524
vn -0.227465 -0.910241 0.346008
vn -0.125690 -0.918278 0.375457
vn -0.085040 -0.913281 0.398354
vn -0.096646 -0.886558 0.452410
vn -0.143063 -0.892835 0.427057
vn -0.042889 -0.910109 0.412144
vn 0.000000 -0.909033 0.416724
vn 0.000000 -0.881242 0.472666
vn -0.048697 -0.882585 0.467624
vn 0.042889 -0.910109 0.412145
vn 0.085040 -0.913281 0.398355
vn 0.096647 -0.886557 0.452411
vn 0.048697 -0.882585 0.467624
vn 0.125690 -0.918277 0.375459
vn 0.163973 -0.924714 0.343535
vn 0.187008 -0.900964 0.391525
vn 0.143063 -0.892835 0.427059
vn 0.199001 -0.932013 0.302904
vn 0.229719 -0.939509 0.254072
vn 0.263201 -0.919834 0.290914
vn 0.227465 -0.910241 0.346008
vn 0.255132 -0.946437 0.197900
vn 0.274196 -0.952059 0.135646
vn 0.315430 -0.936048 0.155944
vn 0.292968 -0.928760 0.227100
vn 0.286059 -0.955726 0.068984
vn 0.290086 -0.957001 -0.000000
vn 0.334252 -0.942484 -0.000000
vn 0.329472 -0.940821 0.079402
vn 0.286061 -0.955725 -0.068983
vn 0.329473 -0.940820 -0.079401
vn 0.334480 -0.906078 -0.259125
vn 0.360970 -0.915366 -0.178345
vn 0.299661 -0.894784 -0.331005
vn 0.339504 -0.862707 -0.374797
vn 0.380299 -0.876740 -0.294448
vn 0.411635 -0.888394 -0.203256
vn 0.258212 -0.882750 -0.392530
vn 0.211690 -0.871216 -0.442910
vn 0.238138 -0.833872 -0.497943
vn 0.291472 -0.847907 -0.442829
vn 0.161550 -0.861183 -0.481939
vn 0.108934 -0.853488 -0.509600
vn 0.121918 -0.812576 -0.569963
vn 0.181202 -0.821781 -0.540223
vn 0.054826 -0.848638 -0.526125
vn -0.000002 -0.846999 -0.531594
vn -0.000001 -0.804866 -0.593457
vn 0.061273 -0.806807 -0.587629
vn -0.054828 -0.848634 -0.526131
vn -0.108937 -0.853484 -0.509605
vn -0.121919 -0.812577 -0.569960
vn -0.061276 -0.806807 -0.587629
vn -0.161551 -0.861182 -0.481941
vn -0.211690 -0.871215 -0.442913
vn -0.238135 -0.833875 -0.497940
vn -0.181202 -0.821783 -0.540221
vn -0.258211 -0.882750 -0.392531
vn -0.299661 -0.894784 -0.331005
vn -0.339508 -0.862705 -0.374800
vn -0.291469 -0.847909 -0.442828
vn -0.334482 -0.906078 -0.259125
vn -0.360970 -0.915366 -0.178345
vn -0.411634 -0.888394 -0.203256
vn -0.380303 -0.876738 -0.294450
vn -0.377618 -0.921484 -0.090950
vn -0.383302 -0.923623 -0.000000
vn -0.438266 -0.898845 -0.000000
vn -0.431469 -0.896130 -0.103858
vn -0.377618 -0.921484 0.090950
vn -0.360969 -0.915366 0.178345
vn -0.411631 -0.888396 0.203254
vn -0.431467 -0.896131 0.103858
vn -0.334485 -0.906076 0.259125
vn -0.299659 -0.894785 0.331005
vn -0.339512 -0.862703 0.374801
vn -0.380303 -0.876739 0.294448
vn -0.258201 -0.882753 0.392529
vn -0.211686 -0.871217 0.442910
vn -0.238130 -0.833878 0.497937
vn -0.291466 -0.847909 0.442829
vn -0.161552 -0.861184 0.481936
vn -0.108936 -0.853489 0.509598
vn -0.121920 -0.812578 0.569959
vn -0.181202 -0.821787 0.540215
vn -0.054826 -0.848639 0.526124
vn 0.000000 -0.847003 0.531588
vn -0.000000 -0.804866 0.593457
vn -0.061278 -0.806806 0.587630
vn 0.054825 -0.848639 0.526123
vn 0.108936 -0.853489 0.509597
vn 0.121920 -0.812578 0.569958
vn 0.061278 -0.806807 0.587628
vn 0.161552 -0.861185 0.481935
vn 0.211686 -0.871217 0.442910
vn 0.238130 -0.833879 0.497936
vn 0.181202 -0.821787 0.540214
vn 0.258202 -0.882753 0.392530
vn 0.299659 -0.894785 0.331004
vn 0.339514 -0.862702 0.374800
vn 0.291466 -0.847910 0.442828
vn 0.334486 -0.906076 0.259126
vn 0.360970 -0.915365 0.178348
vn 0.411635 -0.888394 0.203257
vn 0.380304 -0.876738 0.294449
vn 0.377617 -0.921484 0.090950
vn 0.383298 -0.923625 0.000000
vn 0.438266 -0.898845 0.000000
vn 0.431470 -0.896129 0.103858
vn 0.377618 -0.921485 -0.090948
vn 0.431469 -0.896130 -0.103857
vn 0.431102 -0.838375 -0.333584
vn 0.468379 -0.852759 -0.231135
vn 0.383160 -0.821269 -0.422735
vn 0.430782 -0.767355 -0.474966
vn 0.487350 -0.787694 -0.376866
vn 0.532025 -0.805053 -0.262371
vn 0.327452 -0.803471 -0.497202
vn 0.266419 -0.786804 -0.556741
vn 0.296386 -0.727351 -0.618964
vn 0.366117 -0.746540 -0.555550
vn 0.202013 -0.772607 -0.601888
vn 0.135564 -0.761896 -0.633354
vn 0.149732 -0.699183 -0.699087
vn 0.223801 -0.711225 -0.666388
vn 0.068019 -0.755228 -0.651924
vn -0.000000 -0.752994 -0.658028
vn 0.000000 -0.689253 -0.724521
vn 0.074990 -0.691739 -0.718244
vn -0.068021 -0.755233 -0.651918
vn -0.135564 -0.761904 -0.633345
vn -0.149731 -0.699187 -0.699084
vn -0.074992 -0.691742 -0.718241
vn -0.202008 -0.772615 -0.601880
vn -0.266415 -0.786809 -0.556736
vn -0.296386 -0.727350 -0.618964
vn -0.223800 -0.711226 -0.666386
vn -0.327451 -0.803472 -0.497201
vn -0.383163 -0.821267 -0.422736
vn -0.430782 -0.767356 -0.474965
vn -0.366117 -0.746539 -0.555552
vn -0.431104 -0.838374 -0.333585
vn -0.468382 -0.852757 -0.231138
vn -0.532028 -0.805051 -0.262372
vn -0.487350 -0.787692 -0.376869
vn -0.492203 -0.862390 -0.118405
vn -0.500408 -0.865790 -0.000000
vn -0.570940 -0.820992 0.000000
vn -0.560916 -0.816817 -0.134844
vn -0.492200 -0.862392 0.118405
vn -0.468382 -0.852756 0.231138
vn -0.532027 -0.805052 0.262372
vn -0.560918 -0.816816 0.134846
vn -0.431103 -0.838375 0.333582
vn -0.383162 -0.821268 0.422736
vn -0.430778 -0.767358 0.474965
vn -0.487350 -0.787694 0.376867
vn -0.327453 -0.803471 0.497200
vn -0.266417 -0.786807 0.556738
vn -0.296387 -0.727351 0.618963
vn -0.366114 -0.746542 0.555549
vn -0.202008 -0.772609 0.601888
vn -0.135564 -0.761895 0.633354
vn -0.149729 -0.699180 0.699091
vn -0.223801 -0.711220 0.666393
vn -0.068027 -0.755224 0.651927
vn -0.000000 -0.752988 0.658034
vn -0.000000 -0.689248 0.724526
vn -0.074993 -0.691736 0.718246
vn 0.068027 -0.755225 0.651926
vn 0.135564 -0.761896 0.633354
vn 0.149729 -0.699181 0.699091
vn 0.074993 -0.691737 0.718245
vn 0.202008 -0.772609 0.601888
vn 0.266416 -0.786808 0.556737
vn 0.296388 -0.727349 0.618965
vn 0.223801 -0.711219 0.666393
vn 0.327453 -0.803472 0.497200
vn 0.383166 -0.821267 0.422736
vn 0.430782 -0.767357 0.474964
vn 0.366114 -0.746541 0.555551
vn 0.431104 -0.838374 0.333584
vn 0.468379 -0.852758 0.231138
vn 0.532022 -0.805054 0.262374
vn 0.487350 -0.787695 0.376865
vn 0.492202 -0.862390 0.118406
vn 0.500410 -0.865789 0.000001
vn 0.570936 -0.820995 0.000001
vn 0.560915 -0.816818 0.134846
vn 0.492201 -0.862392 -0.118403
vn 0.560912 -0.816820 -0.134844
vn 0.548669 -0.720559 -0.423979
vn 0.602523 -0.740815 -0.296916
vn 0.481757 -0.697262 -0.530789
vn 0.534535 -0.606611 -0.588469
vn 0.613535 -0.631802 -0.473710
vn 0.678552 -0.654179 -0.334093
vn 0.406756 -0.673879 -0.616795
vn 0.327377 -0.652712 -0.683221
vn 0.358233 -0.559954 -0.747074
vn 0.447971 -0.581881 -0.678775
vn 0.246039 -0.635191 -0.732118
vn 0.164049 -0.622268 -0.765422
vn 0.177940 -0.529121 -0.829679
vn 0.267849 -0.542116 -0.796472
vn 0.081990 -0.614341 -0.784769
vn 0.000000 -0.611701 -0.791089
vn 0.000000 -0.518606 -0.855014
vn 0.088735 -0.521223 -0.848795
vn -0.081990 -0.614341 -0.784769
vn -0.164050 -0.622268 -0.765422
vn -0.177940 -0.529122 -0.829679
vn -0.088735 -0.521224 -0.848794
vn -0.246039 -0.635191 -0.732119
vn -0.327382 -0.652705 -0.683225
vn -0.358236 -0.559959 -0.747069
vn -0.267850 -0.542117 -0.796471
vn -0.406760 -0.673875 -0.616798
vn -0.481753 -0.697265 -0.530788
vn -0.534532 -0.606615 -0.588467
vn -0.447967 -0.581889 -0.678771
vn -0.548667 -0.720561 -0.423977
vn -0.602524 -0.740814 -0.296917
vn -0.678548 -0.654182 -0.334093
vn -0.613535 -0.631803 -0.473709
vn -0.637864 -0.754752 -0.153229
vn -0.650227 -0.759740 -0.000000
vn -0.737345 -0.675516 -0.000000
vn -0.721986 -0.669857 -0.173285
vn -0.637862 -0.754754 0.153227
vn -0.602520 -0.740818 0.296914
vn -0.678546 -0.654185 0.334093
vn -0.721982 -0.669861 0.173285
vn -0.548666 -0.720564 0.423974
vn -0.481753 -0.697263 0.530790
vn -0.534531 -0.606616 0.588468
vn -0.613537 -0.631802 0.473708
vn -0.406761 -0.673872 0.616800
vn -0.327386 -0.652702 0.683227
vn -0.358240 -0.559948 0.747076
vn -0.447965 -0.581885 0.678777
vn -0.246036 -0.635190 0.732120
vn -0.164043 -0.622269 0.765423
vn -0.177937 -0.529126 0.829678
vn -0.267851 -0.542109 0.796476
vn -0.081989 -0.614341 0.784770
vn 0.000000 -0.611701 0.791089
vn 0.000000 -0.518615 0.855008
vn -0.088733 -0.521232 0.848789
vn 0.081989 -0.614342 0.784769
vn 0.164043 -0.622268 0.765423
vn 0.177937 -0.529126 0.829677
vn 0.088733 -0.521232 0.848789
vn 0.246037 -0.635187 0.732123
vn 0.327386 -0.652700 0.683228
vn 0.358239 -0.559950 0.747075
vn 0.267850 -0.542110 0.796475
vn 0.406761 -0.673872 0.616799
vn 0.481751 -0.697268 0.530786
vn 0.534530 -0.606619 0.588465
vn 0.447963 -0.581888 0.678775
vn 0.548662 -0.720567 0.423972
vn 0.602516 -0.740822 0.296914
vn 0.678547 -0.654183 0.334092
vn 0.613535 -0.631805 0.473705
vn 0.637859 -0.754756 0.153228
vn 0.650222 -0.759744 0.000001
vn 0.737343 -0.675518 0.000001
vn 0.721984 -0.669859 0.173286
vn 0.637860 -0.754756 -0.153226
vn 0.721988 -0.669855 -0.173283
vn 0.678271 -0.515938 -0.523217
vn 0.756127 -0.538463 -0.371926
vn 0.585947 -0.491175 -0.644526
vn 0.630748 -0.348708 -0.693224
vn 0.736080 -0.369280 -0.567290
vn 0.827027 -0.388430 -0.406385
vn 0.487206 -0.467429 -0.737659
vn 0.387045 -0.446817 -0.806567
vn 0.411113 -0.313009 -0.856161
vn 0.520619 -0.329426 -0.787677
vn 0.287896 -0.430341 -0.855524
vn 0.190562 -0.418498 -0.888001
vn 0.200852 -0.290906 -0.935431
vn 0.304404 -0.300086 -0.904039
vn 0.094829 -0.411364 -0.906525
vn 0.000000 -0.409015 -0.912528
vn -0.000000 -0.283594 -0.958944
vn 0.099762 -0.285406 -0.953200
vn -0.094830 -0.411364 -0.906525
vn -0.190562 -0.418496 -0.888002
vn -0.200852 -0.290905 -0.935432
vn -0.099762 -0.285405 -0.953201
vn -0.287898 -0.430343 -0.855523
vn -0.387044 -0.446829 -0.806562
vn -0.411115 -0.313009 -0.856160
vn -0.304404 -0.300086 -0.904039
vn -0.487201 -0.467439 -0.737655
vn -0.585946 -0.491178 -0.644525
vn -0.630746 -0.348713 -0.693223
vn -0.520620 -0.329429 -0.787675
vn -0.678268 -0.515943 -0.523216
vn -0.756119 -0.538475 -0.371926
vn -0.827025 -0.388433 -0.406386
vn -0.736077 -0.369286 -0.567291
vn -0.809202 -0.554568 -0.194025
vn -0.828192 -0.560445 -0.000000
vn -0.913184 -0.407549 -0.000000
vn -0.890286 -0.402393 -0.213238
vn -0.809205 -0.554564 0.194026
vn -0.756122 -0.538471 0.371927
vn -0.827024 -0.388434 0.406386
vn -0.890289 -0.402386 0.213238
vn -0.678269 -0.515939 0.523218
vn -0.585949 -0.491171 0.644527
vn -0.630745 -0.348716 0.693223
vn -0.736074 -0.369290 0.567292
vn -0.487198 -0.467441 0.737656
vn -0.387038 -0.446837 0.806559
vn -0.411112 -0.313020 0.856157
vn -0.520620 -0.329435 0.787672
vn -0.287898 -0.430354 0.855518
vn -0.190566 -0.418512 0.887994
vn -0.200854 -0.290899 0.935433
vn -0.304399 -0.300090 0.904039
vn -0.094823 -0.411378 0.906519
vn 0.000000 -0.409024 0.912524
vn 0.000000 -0.283594 0.958944
vn -0.099759 -0.285400 0.953202
vn 0.094822 -0.411378 0.906519
vn 0.190565 -0.418514 0.887993
vn 0.200854 -0.290899 0.935433
vn 0.099759 -0.285400 0.953202
vn 0.287897 -0.430358 0.855516
vn 0.387039 -0.446836 0.806560
vn 0.411112 -0.313019 0.856158
vn 0.304401 -0.300089 0.904039
vn 0.487197 -0.467443 0.737656
vn 0.585947 -0.491177 0.644524
vn 0.630747 -0.348711 0.693223
vn 0.520618 -0.329436 0.787673
vn 0.678272 -0.515937 0.523217
vn 0.756127 -0.538463 0.371927
vn 0.827025 -0.388434 0.406385
vn 0.736078 -0.369284 0.567290
vn 0.809209 -0.554557 0.194028
vn 0.828196 -0.560438 0.000001
vn 0.913183 -0.407550 0.000002
vn 0.890288 -0.402389 0.213239
vn 0.809208 -0.554560 -0.194025
vn 0.890287 -0.402391 -0.213236
vn 0.779211 -0.108373 -0.617321
vn 0.886789 -0.116549 -0.447238
vn 0.659412 -0.097503 -0.745432
vn 0.635091 -0.084355 -0.767817
vn 0.759387 -0.095092 -0.643653
vn 0.875203 -0.103206 -0.472619
vn 0.538566 -0.086157 -0.838167
vn 0.421754 -0.075763 -0.903539
vn 0.399322 -0.063256 -0.914626
vn 0.513694 -0.073286 -0.854838
vn 0.310413 -0.067140 -0.948228
vn 0.203965 -0.060757 -0.977091
vn 0.191413 -0.048914 -0.980290
vn 0.292344 -0.054997 -0.954731
vn 0.101074 -0.056840 -0.993254
vn 0.000000 -0.055529 -0.998457
vn -0.000000 -0.043949 -0.999034
vn 0.094661 -0.045193 -0.994483
vn -0.101074 -0.056841 -0.993254
vn -0.203965 -0.060757 -0.977091
vn -0.191413 -0.048914 -0.980290
vn -0.094661 -0.045193 -0.994483
vn -0.310414 -0.067140 -0.948228
vn -0.421755 -0.075763 -0.903539
vn -0.399323 -0.063256 -0.914626
vn -0.292345 -0.054997 -0.954730
vn -0.538567 -0.086157 -0.838166
vn -0.659412 -0.097503 -0.745432
vn -0.635092 -0.084355 -0.767817
vn -0.513694 -0.073286 -0.854838
vn -0.779211 -0.108373 -0.617322
vn -0.886788 -0.116549 -0.447239
vn -0.875202 -0.103206 -0.472621
vn -0.759387 -0.095092 -0.643652
vn -0.964478 -0.119225 -0.235726
vn -0.993468 -0.114078 0.002931
vn -0.995049 -0.099364 0.001821
vn -0.961862 -0.105549 -0.252352
vn -0.965140 -0.100882 0.241513
vn -0.887755 -0.081929 0.452966
vn -0.876797 -0.063777 0.476613
vn -0.962955 -0.084452 0.256098
vn -0.780140 -0.060673 0.622656
vn -0.660012 -0.039953 0.750192
vn -0.636132 -0.020294 0.771313
vn -0.760891 -0.041398 0.647558
vn -0.538843 -0.021503 0.842132
vn -0.421736 -0.006120 0.906698
vn -0.399486 0.013021 0.916647
vn -0.514253 -0.001973 0.857636
vn -0.310256 0.005892 0.950635
vn -0.203775 0.014452 0.978911
vn -0.191294 0.032770 0.980986
vn -0.292288 0.024589 0.956014
vn -0.100956 0.019579 0.994698
vn -0.000000 0.021279 0.999774
vn -0.000000 0.039264 0.999229
vn -0.094578 0.037649 0.994805
vn 0.100956 0.019579 0.994698
vn 0.203775 0.014452 0.978911
vn 0.191294 0.032770 0.980986
vn 0.094578 0.037649 0.994805
vn 0.310256 0.005892 0.950635
vn 0.421736 -0.006119 0.906698
vn 0.399486 0.013021 0.916647
vn 0.292289 0.024589 0.956014
vn 0.538841 -0.021502 0.842133
vn 0.660011 -0.039952 0.750193
vn 0.636131 -0.020294 0.771314
vn 0.514252 -0.001973 0.857637
vn 0.780142 -0.060672 0.622654
vn 0.887756 -0.081930 0.452964
vn 0.876798 -0.063777 0.476611
vn 0.760892 -0.041398 0.647557
vn 0.965139 -0.100883 0.241515
vn 0.993467 -0.114078 0.002933
vn 0.995050 -0.099364 0.001822
vn 0.962955 -0.084452 0.256097
vn 0.964479 -0.119225 -0.235725
vn 0.961862 -0.105548 -0.252350
vn 0.758309 0.002636 -0.651890
vn 0.594531 0.028796 -0.803557
vn 0.588183 0.131337 -0.797992
vn 0.751715 0.125289 -0.647478
vn 0.459609 0.047345 -0.886859
vn 0.454315 0.133916 -0.880718
vn 0.403265 0.469176 -0.785653
vn 0.506420 0.514926 -0.691657
vn 0.621688 0.566632 -0.540770
vn 0.351472 0.060582 -0.934236
vn 0.347303 0.135315 -0.927939
vn 0.262896 0.070135 -0.962272
vn 0.259730 0.136343 -0.956008
vn 0.238830 0.406265 -0.881991
vn 0.314873 0.433097 -0.844560
vn 0.187534 0.076978 -0.979237
vn 0.185234 0.137282 -0.973058
vn 0.120783 0.081595 -0.989320
vn 0.119325 0.138002 -0.983218
vn 0.111462 0.374428 -0.920533
vn 0.171936 0.387154 -0.905842
vn 0.059174 0.084254 -0.994686
vn 0.058486 0.138337 -0.988657
vn 0.000000 0.085113 -0.996371
vn -0.000000 0.138403 -0.990376
vn -0.000000 0.364662 -0.931140
vn 0.054857 0.367061 -0.928578
vn -0.059174 0.084253 -0.994686
vn -0.058486 0.138338 -0.988657
vn -0.120783 0.081595 -0.989320
vn -0.119326 0.138003 -0.983217
vn -0.111463 0.374433 -0.920530
vn -0.054857 0.367065 -0.928576
vn -0.187534 0.076978 -0.979237
vn -0.185235 0.137282 -0.973058
vn -0.262896 0.070135 -0.962272
vn -0.259730 0.136342 -0.956008
vn -0.238832 0.406267 -0.881990
vn -0.171938 0.387162 -0.905838
vn -0.351472 0.060583 -0.934236
vn -0.347303 0.135314 -0.927939
vn -0.459609 0.047346 -0.886859
vn -0.454315 0.133915 -0.880718
vn -0.403268 0.469173 -0.785654
vn -0.314873 0.433093 -0.844562
vn -0.594531 0.028797 -0.803557
vn -0.588183 0.131334 -0.797993
vn -0.758308 0.002636 -0.651892
vn -0.751714 0.125287 -0.647479
vn -0.621684 0.566629 -0.540778
vn -0.506419 0.514919 -0.691663
vn -0.922648 -0.032086 -0.384305
vn -0.917714 0.110771 -0.381485
vn -0.997657 -0.068283 0.004301
vn -0.996513 0.083154 0.006850
vn -0.786664 0.617381 0.000884
vn -0.729873 0.609836 -0.308845
vn -0.916601 -0.091092 0.389289
vn -0.918025 0.049381 0.393437
vn -0.751800 -0.097222 0.652184
vn -0.753111 0.021225 0.657552
vn -0.655425 0.494051 0.571254
vn -0.754392 0.572714 0.320767
vn -0.589873 -0.094496 0.801948
vn -0.590172 0.002445 0.807274
vn -0.456588 -0.088901 0.885225
vn -0.456122 -0.008970 0.889872
vn -0.428187 0.344451 0.835470
vn -0.537707 0.412559 0.735301
vn -0.349610 -0.082984 0.933213
vn -0.348762 -0.015607 0.937082
vn -0.261796 -0.077722 0.961989
vn -0.260929 -0.019404 0.965163
vn -0.252416 0.254378 0.933583
vn -0.333495 0.292403 0.896260
vn -0.186936 -0.073494 0.979619
vn -0.186207 -0.021634 0.982272
vn -0.120504 -0.070418 0.990212
vn -0.119967 -0.022846 0.992515
vn -0.117376 0.209816 0.970670
vn -0.181447 0.227512 0.956721
vn -0.059084 -0.068526 0.995898
vn -0.058780 -0.023314 0.997999
vn -0.000000 -0.067885 0.997693
vn 0.000000 -0.023393 0.999726
vn 0.000000 0.196580 0.980488
vn -0.057600 0.199785 0.978145
vn 0.059084 -0.068526 0.995898
vn 0.058780 -0.023313 0.997999
vn 0.120504 -0.070418 0.990212
vn 0.119966 -0.022845 0.992515
vn 0.117377 0.209820 0.970669
vn 0.057601 0.199788 0.978145
vn 0.186936 -0.073494 0.979619
vn 0.186208 -0.021634 0.982272
vn 0.261796 -0.077723 0.961989
vn 0.260929 -0.019404 0.965163
vn 0.252419 0.254378 0.933583
vn 0.181450 0.227515 0.956720
vn 0.349610 -0.082985 0.933213
vn 0.348760 -0.015608 0.937082
vn 0.456589 -0.088901 0.885225
vn 0.456122 -0.008970 0.889872
vn 0.428188 0.344450 0.835470
vn 0.333498 0.292403 0.896259
vn 0.589873 -0.094496 0.801948
vn 0.590173 0.002447 0.807273
vn 0.751801 -0.097222 0.652184
vn 0.753111 0.021226 0.657551
vn 0.655428 0.494049 0.571253
vn 0.537709 0.412565 0.735295
vn 0.916601 -0.091092 0.389288
vn 0.918024 0.049382 0.393437
vn 0.997657 -0.068284 0.004304
vn 0.996513 0.083155 0.006854
vn 0.786664 0.617381 0.000885
vn 0.754394 0.572710 0.320769
vn 0.922650 -0.032088 -0.384302
vn 0.917716 0.110770 -0.381481
vn 0.729877 0.609834 -0.308841
vn 0.444213 0.656933 -0.609191
vn 0.529323 0.711152 -0.462688
vn 0.362224 0.605983 -0.708221
vn 0.320788 0.708180 -0.628948
vn 0.385060 0.755811 -0.529603
vn 0.447591 0.803476 -0.392541
vn 0.287733 0.563776 -0.774187
vn 0.220893 0.531129 -0.817991
vn 0.201422 0.632760 -0.747692
vn 0.259116 0.666479 -0.699046
vn 0.160377 0.507047 -0.846866
vn 0.104533 0.490718 -0.865025
vn 0.096719 0.589374 -0.802050
vn 0.147555 0.607126 -0.780786
vn 0.051591 0.481393 -0.874985
vn -0.000000 0.478433 -0.878124
vn -0.000000 0.575698 -0.817663
vn 0.047875 0.579032 -0.813898
vn -0.051591 0.481395 -0.874984
vn -0.104533 0.490716 -0.865027
vn -0.096719 0.589379 -0.802046
vn -0.047875 0.579034 -0.813897
vn -0.160376 0.507044 -0.846868
vn -0.220893 0.531140 -0.817983
vn -0.201420 0.632766 -0.747688
vn -0.147555 0.607136 -0.780778
vn -0.287733 0.563787 -0.774180
vn -0.362225 0.605986 -0.708219
vn -0.320782 0.708189 -0.628941
vn -0.259115 0.666488 -0.699037
vn -0.444216 0.656934 -0.609188
vn -0.529325 0.711148 -0.462692
vn -0.447592 0.803478 -0.392536
vn -0.385056 0.755817 -0.529596
vn -0.603627 0.754740 -0.256906
vn -0.642177 0.766556 0.000575
vn -0.525369 0.850874 0.000351
vn -0.499028 0.839949 -0.213204
vn -0.625052 0.733470 0.267079
vn -0.561540 0.665523 0.491683
vn -0.474871 0.774976 0.417025
vn -0.515989 0.827565 0.221116
vn -0.476980 0.586314 0.654772
vn -0.390465 0.513194 0.764310
vn -0.348479 0.641146 0.683736
vn -0.415020 0.708115 0.571255
vn -0.310227 0.452942 0.835825
vn -0.237982 0.406636 0.882050
vn -0.219726 0.534687 0.815985
vn -0.282401 0.582217 0.762412
vn -0.172595 0.373013 0.911632
vn -0.112287 0.350340 0.929868
vn -0.105384 0.474205 0.874084
vn -0.160919 0.498920 0.851578
vn -0.055297 0.337009 0.939876
vn 0.000000 0.332602 0.943067
vn 0.000000 0.454705 0.890642
vn -0.052118 0.459545 0.886624
vn 0.055298 0.337015 0.939874
vn 0.112288 0.350344 0.929866
vn 0.105383 0.474202 0.874086
vn 0.052118 0.459546 0.886623
vn 0.172595 0.373014 0.911631
vn 0.237985 0.406640 0.882047
vn 0.219724 0.534686 0.815985
vn 0.160917 0.498916 0.851580
vn 0.310226 0.452941 0.835825
vn 0.390468 0.513198 0.764305
vn 0.348480 0.641147 0.683734
vn 0.282405 0.582223 0.762407
vn 0.476981 0.586314 0.654771
vn 0.561543 0.665526 0.491676
vn 0.474869 0.774976 0.417028
vn 0.415022 0.708118 0.571249
vn 0.625054 0.733470 0.267077
vn 0.642175 0.766558 0.000573
vn 0.525370 0.850874 0.000349
vn 0.515989 0.827566 0.221113
vn 0.603626 0.754742 -0.256905
vn 0.499026 0.839952 -0.213200
vn 0.332750 0.824003 -0.458580
vn 0.379573 0.862906 -0.333644
vn 0.282126 0.783074 -0.554256
vn 0.247408 0.837822 -0.486666
vn 0.287782 0.871470 -0.397143
vn 0.323772 0.902178 -0.285036
vn 0.231289 0.745414 -0.625191
vn 0.181881 0.713694 -0.676432
vn 0.163130 0.777457 -0.607412
vn 0.205353 0.805580 -0.555762
vn 0.134375 0.688891 -0.712301
vn 0.088569 0.671318 -0.735859
vn 0.080469 0.738480 -0.669456
vn 0.121456 0.754835 -0.644571
vn 0.043977 0.660863 -0.749217
vn -0.000000 0.657431 -0.753515
vn 0.000000 0.725354 -0.688376
vn 0.040072 0.728613 -0.683752
vn -0.043977 0.660861 -0.749219
vn -0.088571 0.671319 -0.735857
vn -0.080473 0.738480 -0.669456
vn -0.040072 0.728614 -0.683752
vn -0.134376 0.688895 -0.712297
vn -0.181880 0.713702 -0.676423
vn -0.163126 0.777455 -0.607416
vn -0.121455 0.754832 -0.644575
vn -0.231291 0.745408 -0.625198
vn -0.282128 0.783071 -0.554260
vn -0.247412 0.837817 -0.486672
vn -0.205351 0.805579 -0.555764
vn -0.332744 0.824007 -0.458578
vn -0.379570 0.862909 -0.333639
vn -0.323771 0.902178 -0.285038
vn -0.287784 0.871465 -0.397150
vn -0.416466 0.891477 -0.178395
vn -0.435246 0.900312 0.000208
vn -0.365406 0.930848 0.000134
vn -0.351339 0.924029 -0.150773
vn -0.429826 0.883856 0.184523
vn -0.402075 0.844488 0.353801
vn -0.342544 0.889672 0.301908
vn -0.362172 0.919015 0.155704
vn -0.358890 0.791337 0.494958
vn -0.307591 0.734722 0.604625
vn -0.270214 0.802434 0.532056
vn -0.310405 0.848402 0.428792
vn -0.253580 0.682203 0.685781
vn -0.199881 0.637973 0.743666
vn -0.180020 0.719199 0.671077
vn -0.225867 0.757973 0.611932
vn -0.147770 0.603548 0.783514
vn -0.097396 0.579250 0.809310
vn -0.088955 0.665904 0.740716
vn -0.134192 0.688199 0.713004
vn -0.048358 0.564740 0.823851
vn 0.000000 0.559949 0.828528
vn -0.000000 0.647908 0.761719
vn -0.044323 0.652406 0.756573
vn 0.048358 0.564740 0.823851
vn 0.097397 0.579256 0.809306
vn 0.088956 0.665908 0.740711
vn 0.044323 0.652402 0.756576
vn 0.147769 0.603548 0.783514
vn 0.199880 0.637971 0.743667
vn 0.180021 0.719202 0.671075
vn 0.134193 0.688209 0.712994
vn 0.253576 0.682194 0.685792
vn 0.307591 0.734721 0.604626
vn 0.270211 0.802426 0.532071
vn 0.225866 0.757972 0.611934
vn 0.358890 0.791336 0.494959
vn 0.402075 0.844488 0.353802
vn 0.342543 0.889673 0.301904
vn 0.310403 0.848405 0.428789
vn 0.429825 0.883856 0.184525
vn 0.435245 0.900312 0.000208
vn 0.365405 0.930849 0.000132
vn 0.362171 0.919015 0.155703
vn 0.416466 0.891477 -0.178396
vn 0.351339 0.924028 -0.150775
vn 0.249619 0.904910 -0.344714
vn 0.277913 0.928879 -0.244842
vn 0.216916 0.877861 -0.426974
vn 0.190323 0.907324 -0.374887
vn 0.217266 0.928824 -0.300138
vn 0.239909 0.947512 -0.211340
vn 0.181814 0.851190 -0.492361
vn 0.145631 0.827291 -0.542569
vn 0.129501 0.866172 -0.482675
vn 0.160649 0.885789 -0.435397
vn 0.109163 0.807562 -0.579592
vn 0.072679 0.792939 -0.604951
vn 0.065354 0.836838 -0.543535
vn 0.097684 0.849568 -0.518356
vn 0.036288 0.783966 -0.619742
vn -0.000000 0.780988 -0.624546
vn -0.000000 0.826143 -0.563460
vn 0.032725 0.828835 -0.558536
vn -0.036290 0.783966 -0.619743
vn -0.072679 0.792935 -0.604957
vn -0.065355 0.836838 -0.543535
vn -0.032728 0.828839 -0.558530
vn -0.109163 0.807560 -0.579595
vn -0.145628 0.827291 -0.542569
vn -0.129504 0.866171 -0.482676
vn -0.097682 0.849563 -0.518363
vn -0.181814 0.851187 -0.492367
vn -0.216915 0.877859 -0.426980
vn -0.190324 0.907322 -0.374890
vn -0.160651 0.885787 -0.435399
vn -0.249619 0.904913 -0.344708
vn -0.277912 0.928879 -0.244845
vn -0.239908 0.947513 -0.211336
vn -0.217267 0.928823 -0.300138
vn -0.299153 0.945513 -0.128499
vn -0.310071 0.950713 0.000117
vn -0.265157 0.964205 0.000103
vn -0.256553 0.960226 -0.110212
vn -0.308053 0.942073 0.132673
vn -0.293487 0.920162 0.259167
vn -0.252318 0.941507 0.223383
vn -0.263734 0.957851 0.113868
vn -0.268729 0.888523 0.371904
vn -0.236667 0.852061 0.466885
vn -0.206692 0.889082 0.408426
vn -0.232626 0.917509 0.322587
vn -0.200042 0.815547 0.543016
vn -0.160931 0.782706 0.601226
vn -0.143017 0.832371 0.535448
vn -0.176363 0.859654 0.479470
vn -0.120794 0.755905 0.643441
vn -0.080448 0.736452 0.671690
vn -0.072086 0.793508 0.604275
vn -0.107910 0.809811 0.576682
vn -0.040201 0.724607 0.687989
vn -0.000000 0.720649 0.693300
vn 0.000000 0.780419 0.625257
vn -0.036088 0.783679 0.620117
vn 0.040200 0.724600 0.687996
vn 0.080447 0.736443 0.671699
vn 0.072085 0.793502 0.604283
vn 0.036088 0.783676 0.620121
vn 0.120795 0.755909 0.643436
vn 0.160931 0.782704 0.601228
vn 0.143016 0.832368 0.535453
vn 0.107909 0.809805 0.576690
vn 0.200042 0.815549 0.543013
vn 0.236666 0.852062 0.466883
vn 0.206694 0.889084 0.408420
vn 0.176362 0.859649 0.479479
vn 0.268725 0.888519 0.371914
vn 0.293486 0.920163 0.259164
vn 0.252319 0.941506 0.223388
vn 0.232625 0.917508 0.322589
vn 0.308052 0.942074 0.132670
vn 0.310070 0.950714 0.000114
vn 0.265158 0.964205 0.000101
vn 0.263737 0.957850 0.113866
vn 0.299154 0.945513 -0.128500
vn 0.256554 0.960226 -0.110212
vn 0.189235 0.946481 -0.261464
vn 0.207647 0.960982 -0.182748
vn 0.166798 0.929520 -0.328894
vn 0.145815 0.946566 -0.287664
vn 0.164475 0.959885 -0.227087
vn 0.179608 0.970996 -0.157820
vn 0.141590 0.912295 -0.384279
vn 0.114797 0.896445 -0.428028
vn 0.101449 0.920007 -0.378543
vn 0.124483 0.932769 -0.338300
vn 0.087093 0.882827 -0.461553
vn 0.058527 0.872192 -0.485649
vn 0.052089 0.900699 -0.431309
vn 0.077279 0.909136 -0.409267
vn 0.029395 0.865360 -0.500288
vn -0.000000 0.863015 -0.505179
vn 0.000000 0.893273 -0.449514
vn 0.026255 0.895208 -0.444874
vn -0.029397 0.865362 -0.500284
vn -0.058528 0.872197 -0.485641
vn -0.052090 0.900699 -0.431310
vn -0.026256 0.895204 -0.444883
vn -0.087092 0.882831 -0.461545
vn -0.114797 0.896444 -0.428029
vn -0.101449 0.920008 -0.378540
vn -0.077278 0.909135 -0.409270
vn -0.141591 0.912296 -0.384276
vn -0.166797 0.929520 -0.328895
vn -0.145815 0.946569 -0.287654
vn -0.124483 0.932770 -0.338297
vn -0.189236 0.946481 -0.261464
vn -0.207649 0.960981 -0.182749
vn -0.179608 0.970997 -0.157817
vn -0.164475 0.959884 -0.227093
vn -0.220911 0.970676 -0.094798
vn -0.227773 0.973714 0.000108
vn -0.195984 0.980607 0.000105
vn -0.190424 0.978306 -0.081586
vn -0.226653 0.969011 0.098211
vn -0.217408 0.956785 0.193122
vn -0.187526 0.967908 0.167295
vn -0.195070 0.977109 0.084887
vn -0.201414 0.938664 0.279897
vn -0.180137 0.916810 0.356385
vn -0.156500 0.937694 0.310222
vn -0.174319 0.954230 0.243018
vn -0.154809 0.893626 0.421268
vn -0.126271 0.871568 0.473734
vn -0.110593 0.902756 0.415694
vn -0.135064 0.919996 0.367920
vn -0.095614 0.853009 0.513063
vn -0.064009 0.839537 0.539518
vn -0.056398 0.876584 0.477933
vn -0.084040 0.887777 0.452537
vn -0.032076 0.831481 0.554626
vn 0.000000 0.828842 0.559483
vn 0.000000 0.867728 0.497039
vn -0.028252 0.869876 0.492460
vn 0.032076 0.831480 0.554628
vn 0.064009 0.839539 0.539516
vn 0.056399 0.876584 0.477932
vn 0.028252 0.869879 0.492455
vn 0.095614 0.853013 0.513057
vn 0.126271 0.871568 0.473734
vn 0.110593 0.902761 0.415683
vn 0.084040 0.887778 0.452534
vn 0.154809 0.893625 0.421270
vn 0.180138 0.916808 0.356388
vn 0.156500 0.937694 0.310221
vn 0.135063 0.919995 0.367922
vn 0.201414 0.938665 0.279893
vn 0.217407 0.956785 0.193122
vn 0.187524 0.967910 0.167288
vn 0.174320 0.954232 0.243012
vn 0.226656 0.969011 0.098206
vn 0.227774 0.973714 0.000106
vn 0.195984 0.980607 0.000105
vn 0.195069 0.977109 0.084883
vn 0.220912 0.970676 -0.094797
vn 0.190424 0.978306 -0.081588
vn 0.142465 0.970143 -0.196283
vn 0.154963 0.978533 -0.135865
vn 0.126892 0.959874 -0.250079
vn 0.109467 0.970373 -0.215389
vn 0.122622 0.978017 -0.168661
vn 0.133082 0.984232 -0.116515
vn 0.108828 0.949005 -0.295882
vn 0.089027 0.938856 -0.332601
vn 0.077287 0.954206 -0.288994
vn 0.094232 0.962131 -0.255781
vn 0.067932 0.930309 -0.360431
vn 0.045908 0.923814 -0.380078
vn 0.039963 0.942582 -0.331575
vn 0.058957 0.947523 -0.314203
vn 0.023273 0.919545 -0.392296
vn -0.000000 0.917998 -0.396584
vn -0.000000 0.938104 -0.346355
vn 0.020446 0.939323 -0.342424
vn -0.023272 0.919543 -0.392299
vn -0.045909 0.923813 -0.380081
vn -0.039963 0.942583 -0.331572
vn -0.020447 0.939322 -0.342426
vn -0.067932 0.930311 -0.360426
vn -0.089026 0.938855 -0.332606
vn -0.077287 0.954206 -0.288995
vn -0.058958 0.947525 -0.314199
vn -0.108828 0.949005 -0.295881
vn -0.126893 0.959873 -0.250083
vn -0.109467 0.970373 -0.215389
vn -0.094232 0.962130 -0.255785
vn -0.142465 0.970143 -0.196282
vn -0.154963 0.978533 -0.135866
vn -0.133082 0.984232 -0.116514
vn -0.122622 0.978017 -0.168663
vn -0.163864 0.983987 -0.070127
vn -0.168377 0.985723 0.000103
vn -0.143978 0.989581 0.000096
vn -0.140391 0.988273 -0.060059
vn -0.167567 0.983137 0.073235
vn -0.161330 0.976242 0.144655
vn -0.137883 0.982627 0.124224
vn -0.143143 0.987708 0.062793
vn -0.150305 0.965960 0.210548
vn -0.135303 0.953543 0.269163
vn -0.116299 0.965632 0.232442
vn -0.128763 0.974971 0.181248
vn -0.117115 0.940241 0.319737
vn -0.096221 0.927123 0.362194
vn -0.083121 0.945897 0.313639
vn -0.100893 0.955641 0.276713
vn -0.073436 0.915353 0.395898
vn -0.049372 0.906235 0.419881
vn -0.042876 0.929903 0.365297
vn -0.063754 0.937038 0.343360
vn -0.024648 0.900755 0.433628
vn -0.000000 0.899046 0.437853
vn -0.000000 0.924293 0.381684
vn -0.021241 0.925593 0.377924
vn 0.024648 0.900757 0.433624
vn 0.049372 0.906238 0.419876
vn 0.042876 0.929904 0.365295
vn 0.021241 0.925592 0.377927
vn 0.073436 0.915351 0.395903
vn 0.096221 0.927122 0.362197
vn 0.083121 0.945899 0.313634
vn 0.063754 0.937040 0.343353
vn 0.117115 0.940245 0.319724
vn 0.135303 0.953543 0.269164
vn 0.116299 0.965632 0.232441
vn 0.100893 0.955642 0.276710
vn 0.150306 0.965960 0.210543
vn 0.161331 0.976242 0.144650
vn 0.137884 0.982627 0.124224
vn 0.128763 0.974971 0.181249
vn 0.167567 0.983138 0.073225
vn 0.168378 0.985723 0.000103
vn 0.143978 0.989581 0.000095
vn 0.143143 0.987708 0.062789
vn 0.163865 0.983987 -0.070126
vn 0.140391 0.988273 -0.060055
vn 0.104439 0.984086 -0.143762
vn 0.113212 0.988608 -0.099187
vn 0.093461 0.978552 -0.183578
vn 0.078813 0.984832 -0.154578
vn 0.087733 0.988769 -0.120988
vn 0.094881 0.992001 -0.083254
vn 0.080780 0.972515 -0.218380
vn 0.066286 0.966529 -0.247845
vn 0.055889 0.976267 -0.209234
vn 0.068277 0.980557 -0.183975
vn 0.050436 0.961423 -0.270410
vn 0.034333 0.957713 -0.285671
vn 0.029074 0.969789 -0.242205
vn 0.042446 0.972536 -0.228849
vn 0.017780 0.955275 -0.295185
vn -0.000000 0.954353 -0.298682
vn -0.000000 0.967365 -0.253387
vn 0.015216 0.968017 -0.250422
vn -0.017780 0.955275 -0.295185
vn -0.034334 0.957712 -0.285674
vn -0.029074 0.969789 -0.242205
vn -0.015216 0.968018 -0.250420
vn -0.050436 0.961423 -0.270410
vn -0.066286 0.966530 -0.247842
vn -0.055889 0.976266 -0.209240
vn -0.042446 0.972536 -0.228851
vn -0.080780 0.972515 -0.218379
vn -0.093461 0.978551 -0.183585
vn -0.078813 0.984831 -0.154586
vn -0.068277 0.980556 -0.183980
vn -0.104438 0.984086 -0.143761
vn -0.113212 0.988608 -0.099187
vn -0.094881 0.992001 -0.083257
vn -0.087734 0.988768 -0.120997
vn -0.119203 0.991558 -0.051024
vn -0.122023 0.992527 0.000070
vn -0.101993 0.994785 0.000053
vn -0.099747 0.994095 -0.042735
vn -0.121161 0.991199 0.053340
vn -0.116714 0.987544 0.105517
vn -0.097422 0.991311 0.088383
vn -0.101183 0.993860 0.044764
vn -0.109222 0.981986 0.154187
vn -0.098830 0.975087 0.198588
vn -0.082378 0.982583 0.166566
vn -0.091139 0.987443 0.129033
vn -0.085774 0.967700 0.237066
vn -0.070922 0.960629 0.268629
vn -0.059503 0.972274 0.226146
vn -0.071558 0.977313 0.199347
vn -0.054726 0.954192 0.294146
vn -0.036736 0.948872 0.313517
vn -0.030799 0.964006 0.264090
vn -0.046110 0.967743 0.247686
vn -0.017989 0.945623 0.324767
vn -0.000000 0.944655 0.328064
vn 0.000000 0.960973 0.276642
vn -0.014916 0.961685 0.273751
vn 0.017989 0.945623 0.324767
vn 0.036736 0.948871 0.313518
vn 0.030800 0.964007 0.264089
vn 0.014917 0.961687 0.273744
vn 0.054727 0.954192 0.294147
vn 0.070922 0.960629 0.268629
vn 0.059502 0.972273 0.226153
vn 0.046109 0.967742 0.247687
vn 0.085774 0.967700 0.237064
vn 0.098830 0.975089 0.198582
vn 0.082378 0.982582 0.166574
vn 0.071557 0.977312 0.199352
vn 0.109222 0.981986 0.154191
vn 0.116714 0.987544 0.105517
vn 0.097422 0.991311 0.088387
vn 0.091139 0.987442 0.129043
vn 0.121161 0.991199 0.053340
vn 0.122023 0.992527 0.000070
vn 0.101993 0.994785 0.000053
vn 0.101183 0.993860 0.044764
vn 0.119203 0.991558 -0.051025
vn 0.099747 0.994095 -0.042735
vn 0.072106 0.992426 -0.099455
vn 0.077787 0.994630 -0.068263
vn 0.064911 0.989734 -0.127335
vn 0.051399 0.993544 -0.101136
vn 0.057157 0.995246 -0.078852
vn 0.061660 0.996628 -0.054132
vn 0.056191 0.986832 -0.151677
vn 0.045940 0.983925 -0.172573
vn 0.036489 0.989851 -0.137346
vn 0.044468 0.991703 -0.120615
vn 0.034996 0.981343 -0.189053
vn 0.024108 0.979404 -0.200466
vn 0.019309 0.986935 -0.159957
vn 0.027974 0.988192 -0.150642
vn 0.012664 0.978179 -0.207378
vn -0.000000 0.977741 -0.209817
vn 0.000000 0.985873 -0.167493
vn 0.010101 0.986148 -0.165558
vn -0.012664 0.978179 -0.207378
vn -0.024108 0.979404 -0.200468
vn -0.019309 0.986935 -0.159959
vn -0.010101 0.986148 -0.165561
vn -0.034996 0.981342 -0.189058
vn -0.045940 0.983924 -0.172577
vn -0.036489 0.989851 -0.137342
vn -0.027974 0.988192 -0.150644
vn -0.056191 0.986831 -0.151682
vn -0.064911 0.989733 -0.127342
vn -0.051399 0.993545 -0.101128
vn -0.044468 0.991703 -0.120618
vn -0.072106 0.992424 -0.099474
vn -0.077787 0.994630 -0.068274
vn -0.061660 0.996628 -0.054141
vn -0.057157 0.995246 -0.078853
vn -0.081665 0.996045 -0.035000
vn -0.083447 0.996512 0.000051
vn -0.066089 0.997814 0.000046
vn -0.064715 0.997517 -0.027788
vn -0.082722 0.995892 0.036835
vn -0.079562 0.994179 0.072656
vn -0.062875 0.996336 0.057982
vn -0.065441 0.997424 0.029381
vn -0.074314 0.991601 0.105854
vn -0.067135 0.988355 0.136559
vn -0.053125 0.992653 0.108705
vn -0.058714 0.994701 0.084397
vn -0.058488 0.984786 0.163634
vn -0.048787 0.981350 0.185938
vn -0.038525 0.988251 0.147906
vn -0.046338 0.990412 0.130139
vn -0.037741 0.978306 0.203699
vn -0.025071 0.975833 0.217075
vn -0.019618 0.984829 0.172414
vn -0.029620 0.986354 0.161951
vn -0.012088 0.974269 0.225063
vn 0.000000 0.973768 0.227543
vn 0.000000 0.983532 0.180731
vn -0.009486 0.983853 0.178727
vn 0.012088 0.974270 0.225060
vn 0.025071 0.975833 0.217073
vn 0.019618 0.984829 0.172417
vn 0.009486 0.983853 0.178729
vn 0.037742 0.978304 0.203708
vn 0.048786 0.981349 0.185940
vn 0.038527 0.988250 0.147912
vn 0.029620 0.986354 0.161953
vn 0.058487 0.984785 0.163639
vn 0.067135 0.988353 0.136567
vn 0.053125 0.992655 0.108692
vn 0.046337 0.990414 0.130128
vn 0.074314 0.991599 0.105873
vn 0.079562 0.994178 0.072667
vn 0.062875 0.996335 0.057992
vn 0.058714 0.994701 0.084398
vn 0.082722 0.995892 0.036835
vn 0.083447 0.996512 0.000051
vn 0.066089 0.997814 0.000046
vn 0.065441 0.997424 0.029381
vn 0.081665 0.996045 -0.035000
vn 0.064715 0.997517 -0.027788
vn 0.043666 0.997254 -0.059814
vn 0.047040 0.998006 -0.042089
vn 0.039019 0.996186 -0.078046
vn 0.027445 0.998069 -0.055726
vn 0.031645 0.998550 -0.043554
vn 0.032716 0.999012 -0.030089
vn 0.034134 0.995199 -0.091725
vn 0.027809 0.994011 -0.105683
vn 0.019716 0.996970 -0.075246
vn 0.024638 0.997526 -0.065838
vn 0.021776 0.993117 -0.115085
vn 0.014661 0.992299 -0.122996
vn 0.010291 0.996108 -0.087543
vn 0.015701 0.996485 -0.082284
vn 0.007794 0.991884 -0.126910
vn -0.000000 0.991693 -0.128627
vn 0.000000 0.995807 -0.091478
vn 0.005514 0.995864 -0.090686
vn -0.007794 0.991884 -0.126907
vn -0.014661 0.992299 -0.122994
vn -0.010291 0.996108 -0.087534
vn -0.005514 0.995865 -0.090679
vn -0.021776 0.993117 -0.115083
vn -0.027809 0.994011 -0.105679
vn -0.019716 0.996970 -0.075251
vn -0.015701 0.996485 -0.082283
vn -0.034134 0.995199 -0.091727
vn -0.039019 0.996186 -0.078052
vn -0.027445 0.998068 -0.055739
vn -0.024638 0.997525 -0.065856
vn -0.043666 0.997255 -0.059801
vn -0.047040 0.998006 -0.042089
vn -0.032716 0.999012 -0.030070
vn -0.031645 0.998550 -0.043548
vn -0.049395 0.998557 -0.021075
vn -0.050459 0.998726 0.000049
vn -0.034594 0.999402 0.000007
vn -0.036314 0.999220 -0.015535
vn -0.049837 0.998509 0.022269
vn -0.047839 0.997831 0.045213
vn -0.033075 0.998942 0.031966
vn -0.036566 0.999197 0.016360
vn -0.044792 0.996933 0.064166
vn -0.040312 0.995618 0.084376
vn -0.027977 0.997798 0.060132
vn -0.032235 0.998404 0.046376
vn -0.035364 0.994428 0.099311
vn -0.028823 0.993044 0.114166
vn -0.019806 0.996475 0.081526
vn -0.024971 0.997137 0.071375
vn -0.022428 0.992067 0.123696
vn -0.014511 0.991108 0.132267
vn -0.009947 0.995515 0.094081
vn -0.015668 0.995958 0.088440
vn -0.007288 0.990612 0.136512
vn 0.000000 0.990388 0.138315
vn 0.000000 0.995170 0.098165
vn -0.005157 0.995244 0.097278
vn 0.007288 0.990612 0.136508
vn 0.014511 0.991108 0.132265
vn 0.009947 0.995516 0.094072
vn 0.005157 0.995245 0.097270
vn 0.022428 0.992067 0.123694
vn 0.028824 0.993044 0.114158
vn 0.019806 0.996476 0.081510
vn 0.015668 0.995959 0.088429
vn 0.035364 0.994428 0.099312
vn 0.040311 0.995620 0.084360
vn 0.027976 0.997799 0.060129
vn 0.024972 0.997138 0.071356
vn 0.044792 0.996934 0.064152
vn 0.047839 0.997831 0.045213
vn 0.033074 0.998941 0.031985
vn 0.032235 0.998404 0.046370
vn 0.049837 0.998509 0.022269
vn 0.050459 0.998726 0.000049
vn 0.034594 0.999402 0.000022
vn 0.036566 0.999197 0.016361
vn 0.049395 0.998557 -0.021075
vn 0.036314 0.999220 -0.015525
vn 0.034912 -0.999006 -0.027715
vn 0.023966 -0.999389 -0.025434
vn 0.027227 -0.999545 -0.012987
vn 0.000000 -1.000000 0.000000
vn 0.026790 -0.998756 -0.042052
vn 0.018160 -0.999176 -0.036301
vn 0.016521 -0.998541 -0.051418
vn 0.009866 -0.998988 -0.043893
vn 0.005536 -0.998424 -0.055845
vn 0.000001 -0.998912 -0.046637
vn -0.005535 -0.998424 -0.055844
vn -0.009865 -0.998988 -0.043891
vn -0.016521 -0.998541 -0.051416
vn -0.018159 -0.999176 -0.036301
vn -0.026789 -0.998756 -0.042051
vn -0.023965 -0.999389 -0.025435
vn -0.034919 -0.999006 -0.027694
vn -0.027229 -0.999545 -0.012985
vn -0.039381 -0.999178 -0.009671
vn -0.028275 -0.999600 0.000000
vn -0.039381 -0.999177 0.009673
vn -0.027231 -0.999545 0.012985
vn -0.034918 -0.999006 0.027693
vn -0.023967 -0.999389 0.025433
vn -0.026793 -0.998756 0.042053
vn -0.018160 -0.999176 0.036302
vn -0.016519 -0.998541 0.051419
vn -0.009866 -0.998988 0.043892
vn -0.005537 -0.998424 0.055843
vn 0.000000 -0.998912 0.046638
vn 0.005537 -0.998424 0.055844
vn 0.009865 -0.998988 0.043891
vn 0.016519 -0.998541 0.051418
vn 0.018160 -0.999176 0.036302
vn 0.026794 -0.998756 0.042054
vn 0.023967 -0.999389 0.025434
vn 0.034919 -0.999006 0.027693
vn 0.027229 -0.999545 0.012986
vn 0.039380 -0.999178 0.009674
vn 0.028275 -0.999600 0.000000
vn 0.039381 -0.999178 -0.009647
vn 0.020100 0.999403 -0.028115
vn 0.014615 0.999821 -0.012002
vn 0.013549 0.999621 -0.023974
vn 0.000000 1.000000 0.000112
vn 0.014867 0.999038 -0.041248
vn 0.010984 0.999315 -0.035343
vn 0.008580 0.998762 -0.048998
vn 0.006260 0.999023 -0.043753
vn 0.002737 0.998635 -0.052170
vn 0.000000 0.998899 -0.046914
vn -0.002737 0.998635 -0.052165
vn -0.006260 0.999023 -0.043748
vn -0.008580 0.998762 -0.049002
vn -0.010984 0.999315 -0.035335
vn -0.014868 0.999038 -0.041258
vn -0.013551 0.999621 -0.023969
vn -0.020100 0.999403 -0.028093
vn -0.014616 0.999821 -0.011997
vn -0.022949 0.999688 -0.009874
vn -0.014986 0.999888 0.000010
vn -0.023043 0.999681 0.010314
vn -0.014575 0.999817 0.012383
vn -0.020281 0.999357 0.029562
vn -0.013475 0.999591 0.025238
vn -0.014646 0.998895 0.044659
vn -0.010813 0.999221 0.037958
vn -0.008196 0.998587 0.052507
vn -0.006087 0.998879 0.046945
vn -0.002485 0.998450 0.055597
vn 0.000000 0.998735 0.050290
vn 0.002485 0.998450 0.055593
vn 0.006087 0.998879 0.046954
vn 0.008196 0.998586 0.052516
vn 0.010813 0.999221 0.037958
vn 0.014646 0.998896 0.044631
vn 0.013475 0.999591 0.025229
vn 0.020280 0.999358 0.029540
vn 0.014574 0.999817 0.012385
vn 0.023042 0.999681 0.010331
vn 0.014985 0.999888 0.000015
vn 0.022949 0.999688 -0.009856
vn 0.597660 0.008375 -0.801706
vn 0.463120 0.029272 -0.885812
vn 0.759742 -0.020424 -0.649904
vn 0.763276 -0.033972 -0.645179
vn 0.602835 -0.006755 -0.797837
vn 0.468447 0.013568 -0.883387
vn 0.354742 0.044370 -0.933911
vn 0.265624 0.055315 -0.962488
vn 0.359515 0.028527 -0.932703
vn 0.269532 0.039504 -0.962181
vn 0.189631 0.063138 -0.979823
vn 0.122183 0.068417 -0.990147
vn 0.192588 0.047407 -0.980134
vn 0.124156 0.052766 -0.990859
vn 0.059873 0.071485 -0.995643
vn -0.000000 0.072489 -0.997369
vn 0.060866 0.055893 -0.996580
vn -0.000000 0.056918 -0.998379
vn -0.059873 0.071485 -0.995643
vn -0.122183 0.068417 -0.990147
vn -0.060866 0.055893 -0.996580
vn -0.124157 0.052766 -0.990859
vn -0.189632 0.063138 -0.979823
vn -0.265625 0.055315 -0.962488
vn -0.192588 0.047407 -0.980134
vn -0.269532 0.039504 -0.962181
vn -0.354742 0.044370 -0.933911
vn -0.463120 0.029272 -0.885812
vn -0.359515 0.028527 -0.932703
vn -0.468447 0.013568 -0.883387
vn -0.597660 0.008375 -0.801706
vn -0.759740 -0.020423 -0.649906
vn -0.602835 -0.006755 -0.797837
vn -0.763274 -0.033972 -0.645181
vn -0.921461 -0.057169 -0.384242
vn -0.995678 -0.092869 0.000045
vn -0.921995 -0.067270 -0.381314
vn -0.995234 -0.097479 -0.002644
vn -0.917111 -0.111980 0.382581
vn -0.754811 -0.113258 0.646091
vn -0.919995 -0.110938 0.375902
vn -0.760870 -0.108057 0.639845
vn -0.593923 -0.106321 0.797465
vn -0.460672 -0.097555 0.882193
vn -0.600914 -0.098414 0.793232
vn -0.467223 -0.087905 0.879759
vn -0.353253 -0.089347 0.931252
vn -0.264763 -0.082439 0.960783
vn -0.358830 -0.078548 0.930092
vn -0.269199 -0.070868 0.960474
vn -0.189171 -0.077029 0.978918
vn -0.121990 -0.073172 0.989831
vn -0.192455 -0.064933 0.979155
vn -0.124145 -0.060738 0.990404
vn -0.059831 -0.070860 0.995690
vn -0.000000 -0.070094 0.997540
vn -0.060895 -0.058238 0.996444
vn -0.000000 -0.057414 0.998351
vn 0.059831 -0.070860 0.995690
vn 0.121990 -0.073172 0.989831
vn 0.060894 -0.058238 0.996444
vn 0.124144 -0.060738 0.990404
vn 0.189171 -0.077029 0.978918
vn 0.264763 -0.082439 0.960783
vn 0.192455 -0.064933 0.979155
vn 0.269200 -0.070868 0.960473
vn 0.353253 -0.089347 0.931252
vn 0.460673 -0.097555 0.882193
vn 0.358830 -0.078548 0.930092
vn 0.467223 -0.087905 0.879759
vn 0.593923 -0.106321 0.797465
vn 0.754811 -0.113258 0.646090
vn 0.600914 -0.098414 0.793232
vn 0.760870 -0.108057 0.639844
vn 0.917111 -0.111980 0.382580
vn 0.995678 -0.092870 0.000047
vn 0.919995 -0.110938 0.375902
vn 0.995234 -0.097477 -0.002641
vn 0.921462 -0.057170 -0.384238
vn 0.921997 -0.067270 -0.381310
vn -0.612418 -0.071910 0.787257
vn -0.477925 -0.058340 0.876461
vn -0.770751 -0.086701 0.631210
vn -0.781725 -0.075817 0.618998
vn -0.625964 -0.058318 0.777669
vn -0.491003 -0.042997 0.870096
vn -0.367817 -0.047095 0.928705
vn -0.276280 -0.038217 0.960317
vn -0.379083 -0.030574 0.924857
vn -0.285309 -0.020888 0.958208
vn -0.197648 -0.031511 0.979766
vn -0.127539 -0.026832 0.991470
vn -0.204356 -0.013632 0.978802
vn -0.131962 -0.008592 0.991218
vn -0.062562 -0.024061 0.997751
vn -0.000000 -0.023148 0.999732
vn -0.064756 -0.005613 0.997885
vn -0.000000 -0.004633 0.999989
vn 0.062562 -0.024061 0.997751
vn 0.127539 -0.026832 0.991471
vn 0.064756 -0.005613 0.997885
vn 0.131962 -0.008592 0.991218
vn 0.197648 -0.031512 0.979766
vn 0.276280 -0.038216 0.960317
vn 0.204356 -0.013632 0.978802
vn 0.285309 -0.020888 0.958208
vn 0.367817 -0.047095 0.928705
vn 0.477925 -0.058340 0.876461
vn 0.379083 -0.030575 0.924857
vn 0.491003 -0.042997 0.870096
vn 0.612418 -0.071910 0.787257
vn 0.770751 -0.086701 0.631210
vn 0.625964 -0.058318 0.777669
vn 0.781725 -0.075817 0.618998
vn 0.924509 -0.098241 0.368283
vn 0.995222 -0.097626 -0.001436
vn 0.929063 -0.091716 0.358373
vn 0.995215 -0.097708 -0.000269
vn 0.925083 -0.081015 -0.371023
vn 0.771477 -0.057336 -0.633668
vn 0.929173 -0.088521 -0.358889
vn 0.781870 -0.070322 -0.619462
vn 0.613018 -0.035447 -0.789274
vn 0.478291 -0.017872 -0.878020
vn 0.626084 -0.051444 -0.778057
vn 0.491079 -0.035329 -0.870399
vn 0.367984 -0.004323 -0.929822
vn 0.276331 0.005926 -0.961044
vn 0.379115 -0.022441 -0.925077
vn 0.285316 -0.012471 -0.958352
vn 0.197644 0.013453 -0.980182
vn 0.127505 0.018619 -0.991663
vn 0.204355 -0.005043 -0.978884
vn 0.131953 0.000101 -0.991256
vn 0.062537 0.021652 -0.997808
vn 0.000000 0.022648 -0.999744
vn 0.064748 0.003133 -0.997897
vn 0.000000 0.004131 -0.999992
vn -0.062537 0.021652 -0.997808
vn -0.127505 0.018619 -0.991663
vn -0.064748 0.003133 -0.997897
vn -0.131953 0.000101 -0.991256
vn -0.197644 0.013453 -0.980182
vn -0.276331 0.005926 -0.961044
vn -0.204355 -0.005043 -0.978884
vn -0.285316 -0.012471 -0.958352
vn -0.367984 -0.004323 -0.929822
vn -0.478290 -0.017872 -0.878020
vn -0.379115 -0.022440 -0.925077
vn -0.491079 -0.035329 -0.870398
vn -0.613018 -0.035447 -0.789274
vn -0.771477 -0.057336 -0.633669
vn -0.626084 -0.051444 -0.778057
vn -0.781870 -0.070321 -0.619463
vn -0.925081 -0.081015 -0.371027
vn -0.995222 -0.097626 -0.001439
vn -0.929172 -0.088520 -0.358892
vn -0.995215 -0.097708 -0.000272
vn -0.924509 -0.098241 0.368282
vn -0.929063 -0.091716 0.358372
vn 0.307224 -0.024930 -0.951311
vn 0.405865 -0.035045 -0.913261
vn 0.424974 -0.055727 -0.903489
vn 0.323062 -0.046125 -0.945253
vn 0.521084 -0.047756 -0.852169
vn 0.542163 -0.067327 -0.837572
vn 0.570556 -0.078727 -0.817477
vn 0.451243 -0.067722 -0.889828
vn 0.345142 -0.058260 -0.936740
vn 0.142966 -0.011891 -0.989656
vn 0.220893 -0.017259 -0.975145
vn 0.232919 -0.038664 -0.971727
vn 0.151014 -0.033363 -0.987968
vn 0.249851 -0.050731 -0.966955
vn 0.162414 -0.045304 -0.985682
vn 0.000000 -0.007655 -0.999971
vn 0.070245 -0.008706 -0.997492
vn 0.074268 -0.030189 -0.996781
vn -0.000000 -0.029138 -0.999575
vn 0.079989 -0.042028 -0.995909
vn 0.000000 -0.040938 -0.999162
vn -0.142966 -0.011891 -0.989656
vn -0.070245 -0.008706 -0.997492
vn -0.074268 -0.030189 -0.996781
vn -0.151014 -0.033363 -0.987969
vn -0.079989 -0.042028 -0.995909
vn -0.162414 -0.045304 -0.985682
vn -0.307224 -0.024930 -0.951311
vn -0.220894 -0.017259 -0.975145
vn -0.232920 -0.038664 -0.971727
vn -0.323063 -0.046125 -0.945253
vn -0.249851 -0.050731 -0.966954
vn -0.345143 -0.058260 -0.936740
vn -0.521085 -0.047756 -0.852168
vn -0.405864 -0.035046 -0.913261
vn -0.424974 -0.055727 -0.903489
vn -0.542164 -0.067327 -0.837571
vn -0.451243 -0.067722 -0.889828
vn -0.570556 -0.078727 -0.817477
vn -0.804336 -0.079437 -0.588840
vn -0.655747 -0.062941 -0.752353
vn -0.675946 -0.080298 -0.732563
vn -0.818899 -0.092785 -0.566389
vn -0.702454 -0.090267 -0.705981
vn -0.837558 -0.100099 -0.537101
vn -0.995214 -0.097720 -0.000393
vn -0.937618 -0.093372 -0.334894
vn -0.942547 -0.100566 -0.318577
vn -0.995205 -0.097792 -0.001674
vn -0.949083 -0.104133 -0.297318
vn -0.995208 -0.097773 -0.001394
vn -0.805133 -0.070918 0.588839
vn -0.938257 -0.088566 0.334410
vn -0.945034 -0.082631 0.316359
vn -0.822124 -0.060610 0.566073
vn -0.951923 -0.080333 0.295618
vn -0.841447 -0.056824 0.537343
vn -0.521516 -0.035274 0.852512
vn -0.656384 -0.051977 0.752635
vn -0.678628 -0.038408 0.733477
vn -0.544026 -0.019233 0.838848
vn -0.705869 -0.033138 0.707567
vn -0.573013 -0.012402 0.819453
vn -0.307369 -0.010919 0.951528
vn -0.406126 -0.021623 0.913561
vn -0.426122 -0.003716 0.904658
vn -0.323728 0.008370 0.946113
vn -0.452792 0.004578 0.891604
vn -0.346033 0.017904 0.938051
vn -0.143006 0.002715 0.989718
vn -0.220968 -0.002878 0.975277
vn -0.233270 0.017404 0.972256
vn -0.151186 0.023667 0.988222
vn -0.250312 0.027910 0.967763
vn -0.162631 0.034863 0.986071
vn 0.000000 0.007112 0.999975
vn -0.070262 0.006023 0.997510
vn -0.074336 0.027361 0.996858
vn 0.000000 0.028578 0.999592
vn -0.080067 0.038970 0.996027
vn 0.000000 0.040322 0.999187
vn 0.143006 0.002715 0.989718
vn 0.070262 0.006023 0.997510
vn 0.074336 0.027361 0.996858
vn 0.151186 0.023667 0.988222
vn 0.080068 0.038970 0.996027
vn 0.162631 0.034863 0.986071
vn 0.307369 -0.010919 0.951528
vn 0.220968 -0.002878 0.975277
vn 0.233270 0.017404 0.972256
vn 0.323728 0.008370 0.946113
vn 0.250312 0.027910 0.967763
vn 0.346033 0.017904 0.938051
vn 0.521516 -0.035274 0.852512
vn 0.406126 -0.021623 0.913561
vn 0.426121 -0.003716 0.904658
vn 0.544025 -0.019233 0.838849
vn 0.452792 0.004578 0.891605
vn 0.573012 -0.012402 0.819453
vn 0.805134 -0.070918 0.588838
vn 0.656384 -0.051977 0.752634
vn 0.678628 -0.038407 0.733477
vn 0.822125 -0.060609 0.566071
vn 0.705867 -0.033138 0.707569
vn 0.841448 -0.056824 0.537342
vn 0.995214 -0.097720 -0.000391
vn 0.938256 -0.088566 0.334412
vn 0.945034 -0.082631 0.316359
vn 0.995206 -0.097791 -0.001672
vn 0.951923 -0.080333 0.295616
vn 0.995208 -0.097773 -0.001392
vn 0.804338 -0.079437 -0.588838
vn 0.937619 -0.093372 -0.334892
vn 0.942548 -0.100566 -0.318575
vn 0.818900 -0.092785 -0.566387
vn 0.949084 -0.104134 -0.297316
vn 0.837559 -0.100099 -0.537099
vn 0.655747 -0.062941 -0.752353
vn 0.675946 -0.080298 -0.732563
vn 0.702454 -0.090267 -0.705982
vn -0.933535 -0.090340 0.346916
vn -0.793022 -0.073739 0.604714
vn -0.995215 -0.097712 -0.000265
vn -0.640514 -0.055657 0.765927
vn -0.505494 -0.039753 0.861914
vn -0.391867 -0.026800 0.919632
vn -0.295705 -0.016668 0.955134
vn -0.212169 -0.009066 0.977191
vn -0.137150 -0.003780 0.990543
vn -0.067341 -0.000655 0.997730
vn 0.000000 0.000374 1.000000
vn 0.067341 -0.000655 0.997730
vn 0.137150 -0.003780 0.990543
vn 0.212169 -0.009066 0.977191
vn 0.295705 -0.016668 0.955134
vn 0.391867 -0.026800 0.919632
vn 0.505494 -0.039753 0.861914
vn 0.640514 -0.055657 0.765927
vn 0.793023 -0.073739 0.604713
vn 0.933535 -0.090340 0.346918
vn 0.995215 -0.097712 -0.000263
vn 0.933348 -0.090726 -0.347319
vn 0.792801 -0.074439 -0.604917
vn 0.640345 -0.056574 -0.766001
vn 0.505381 -0.040807 -0.861931
vn 0.391794 -0.027942 -0.919629
vn 0.295661 -0.017865 -0.955126
vn 0.212145 -0.010297 -0.977184
vn 0.137133 -0.005033 -0.990540
vn 0.067331 -0.001921 -0.997729
vn -0.000000 -0.000895 -1.000000
vn -0.067331 -0.001921 -0.997729
vn -0.137133 -0.005033 -0.990540
vn -0.212146 -0.010297 -0.977184
vn -0.295661 -0.017864 -0.955126
vn -0.391794 -0.027942 -0.919629
vn -0.505382 -0.040808 -0.861930
vn -0.640345 -0.056573 -0.766001
vn -0.792801 -0.074438 -0.604918
vn -0.933347 -0.090726 -0.347320
vn -0.957830 -0.081663 0.275487
vn -0.859910 -0.059430 0.506975
vn -0.995188 -0.097983 0.000308
vn -0.733948 -0.036227 0.678239
vn -0.604575 -0.015159 0.796404
vn -0.483032 0.002586 0.875599
vn -0.372022 0.016792 0.928072
vn -0.270551 0.027594 0.962310
vn -0.176379 0.035160 0.983694
vn -0.087006 0.039650 0.995419
vn -0.000000 0.041132 0.999154
vn 0.087006 0.039650 0.995418
vn 0.176379 0.035161 0.983694
vn 0.270552 0.027594 0.962310
vn 0.372022 0.016792 0.928072
vn 0.483032 0.002586 0.875599
vn 0.604574 -0.015159 0.796405
vn 0.733947 -0.036228 0.678240
vn 0.859910 -0.059430 0.506973
vn 0.995188 -0.097984 0.000310
vn 0.957831 -0.081663 0.275485
vn 0.955928 -0.104474 -0.274386
vn 0.857161 -0.101492 -0.504949
vn 0.731384 -0.092624 -0.675646
vn 0.602678 -0.081514 -0.793811
vn 0.481839 -0.070478 -0.873421
vn 0.371380 -0.060733 -0.926493
vn 0.270265 -0.052844 -0.961335
vn 0.176273 -0.047096 -0.983214
vn 0.086980 -0.043604 -0.995255
vn -0.000000 -0.042440 -0.999099
vn -0.086980 -0.043604 -0.995255
vn -0.176273 -0.047097 -0.983214
vn -0.270266 -0.052844 -0.961335
vn -0.371381 -0.060733 -0.926492
vn -0.481839 -0.070478 -0.873421
vn -0.602678 -0.081514 -0.793810
vn -0.731385 -0.092624 -0.675645
vn -0.857160 -0.101492 -0.504951
vn -0.955927 -0.104474 -0.274389
vn 0.949852 0.012051 -0.312468
vn 0.806975 0.022760 -0.590147
vn 0.806655 0.042003 -0.589528
vn 0.949796 0.022371 -0.312068
vn 0.585666 0.031237 -0.809950
vn 0.585167 0.057477 -0.808873
vn 0.307681 0.036670 -0.950783
vn 0.307301 0.067356 -0.949226
vn 0.000000 0.038541 -0.999257
vn 0.000000 0.070750 -0.997494
vn -0.307681 0.036671 -0.950783
vn -0.307301 0.067356 -0.949226
vn -0.585666 0.031239 -0.809950
vn -0.585168 0.057477 -0.808873
vn -0.806975 0.022761 -0.590147
vn -0.806655 0.042003 -0.589529
vn -0.949851 0.012052 -0.312469
vn -0.949796 0.022371 -0.312069
vn -0.999993 0.000148 -0.003839
vn -0.999994 0.000457 -0.003459
vn -0.952111 -0.011784 0.305525
vn -0.951845 -0.021585 0.305819
vn -0.810629 -0.022568 0.585126
vn -0.809955 -0.041553 0.585019
vn -0.589317 -0.031137 0.807302
vn -0.588449 -0.057438 0.806492
vn -0.309936 -0.036643 0.950051
vn -0.309322 -0.067648 0.948548
vn 0.000000 -0.038541 0.999257
vn 0.000000 -0.071167 0.997464
vn 0.309936 -0.036644 0.950051
vn 0.309322 -0.067648 0.948548
vn 0.589317 -0.031138 0.807301
vn 0.588449 -0.057438 0.806491
vn 0.810628 -0.022568 0.585126
vn 0.809955 -0.041553 0.585019
vn 0.952111 -0.011784 0.305525
vn 0.951845 -0.021585 0.305819
vn 0.999993 0.000148 -0.003839
vn 0.999994 0.000457 -0.003459
vn 0.000000 -1.000000 0.000000
vn 0.000000 -1.000000 -0.000005
vn 0.000000 -1.000000 0.000000
vn 0.000000 -1.000000 0.000000
vn 0.000000 -1.000000 0.000000
vn 0.000000 -1.000000 0.000000
vn 0.000000 -1.000000 0.000000
vn 0.000000 -1.000000 0.000000
vn 0.000000 -1.000000 0.000000
vn 0.000000 -1.000000 0.000000
vn 0.000000 -1.000000 0.000000
vn 0.000000 -1.000000 0.000000
vn 0.000000 -1.000000 0.000000
vn 0.000000 -1.000000 0.000000
vn 0.000000 -1.000000 0.000000
vn 0.000000 -1.000000 0.000000
vn 0.000000 -1.000000 0.000000
vn 0.000000 -1.000000 0.000000
vn 0.000000 -1.000000 0.000000
vn 0.000000 -1.000000 0.000005
vn 0.000000 -1.000000 0.000000
vn 0.011647 0.999932 -0.000659
vn 0.012717 0.999918 0.001444
vn -0.000000 0.999999 -0.001518
vn 0.014376 0.999892 0.003112
vn 0.009477 0.999953 0.001901
vn -0.000000 1.000000 0.000000
vn -0.009477 0.999953 0.001904
vn -0.014376 0.999892 0.003115
vn -0.012718 0.999918 0.001444
vn -0.011647 0.999932 -0.000659
vn -0.011278 0.999932 -0.002974
vn -0.011647 0.999918 -0.005311
vn -0.012712 0.999892 -0.007408
vn -0.008425 0.999953 -0.004737
vn -0.001721 0.999998 -0.000558
vn 0.000000 1.000000 0.000000
vn 0.001721 0.999998 -0.000555
vn 0.008425 0.999953 -0.004735
vn 0.012712 0.999892 -0.007403
vn 0.011647 0.999918 -0.005305
vn 0.011278 0.999932 -0.002974
vn 0.999979 0.001181 -0.006380
vn 0.948290 0.042822 -0.314504
vn 0.954339 0.045628 -0.295220
vn 0.999876 -0.002403 0.015586
vn 0.952062 -0.040751 0.303179
vn 0.944890 -0.049940 0.323558
vn 0.809222 -0.078556 0.582227
vn 0.796979 -0.091966 0.596964
vn 0.586918 -0.108348 0.802364
vn 0.574573 -0.124395 0.808945
vn 0.308242 -0.127358 0.942744
vn 0.300971 -0.144817 0.942573
vn -0.000000 -0.133907 0.990994
vn 0.000000 -0.151837 0.988406
vn -0.308242 -0.127358 0.942744
vn -0.300971 -0.144818 0.942573
vn -0.586917 -0.108347 0.802365
vn -0.574572 -0.124395 0.808946
vn -0.809222 -0.078556 0.582227
vn -0.796979 -0.091966 0.596964
vn -0.952062 -0.040752 0.303179
vn -0.944889 -0.049941 0.323558
vn -0.999979 0.001181 -0.006380
vn -0.999876 -0.002403 0.015587
vn -0.948289 0.042822 -0.314505
vn -0.954339 0.045628 -0.295222
vn -0.803485 0.079887 -0.589940
vn -0.812548 0.088942 -0.576068
vn -0.581611 0.108803 -0.806158
vn -0.589845 0.122986 -0.798096
vn -0.304985 0.127092 -0.943839
vn -0.309789 0.144529 -0.939756
vn 0.000000 0.133339 -0.991071
vn 0.000000 0.151884 -0.988398
vn 0.304985 0.127091 -0.943839
vn 0.309789 0.144528 -0.939756
vn 0.581611 0.108803 -0.806158
vn 0.589845 0.122986 -0.798096
vn 0.803485 0.079888 -0.589940
vn 0.812548 0.088943 -0.576068
s 1
g pSphere7
usemtl initialShadingGroup
f 1/707/1 2/708/2 22/709/3 21/710/4
f 2/708/2 3/712/5 23/713/6 22/709/3
f 3/712/5 4/716/7 24/717/8 23/713/6
f 4/716/7 5/722/9 25/723/10 24/717/8
f 5/722/9 6/727/11 26/728/12 25/723/10
f 6/727/11 7/734/13 27/735/14 26/728/12
f 7/734/13 8/744/15 28/745/16 27/735/14
f 8/744/15 9/754/17 29/755/18 28/745/16
f 9/754/17 10/765/19 30/766/20 29/755/18
f 10/765/19 11/777/21 31/778/22 30/766/20
f 11/777/21 12/784/23 32/785/24 31/778/22
f 12/784/23 13/775/25 33/776/26 32/785/24
f 13/775/25 14/763/27 34/764/28 33/776/26
f 14/763/27 15/752/29 35/753/30 34/764/28
f 15/752/29 16/742/31 36/743/32 35/753/30
f 16/742/31 17/732/33 37/733/34 36/743/32
f 17/732/33 18/725/35 38/726/36 37/733/34
f 18/725/35 19/720/37 39/721/38 38/726/36
f 19/720/37 20/714/39 40/715/40 39/721/38
f 20/714/39 1/707/1 21/710/4 40/715/40
f 21/177/4 22/188/3 42/178/41 41/166/42
f 22/709/3 23/713/6 43/718/43 42/719/41
f 23/713/6 24/717/8 44/724/44 43/718/43
f 24/717/8 25/723/10 45/729/45 44/724/44
f 25/723/10 26/728/12 46/736/46 45/729/45
f 26/728/12 27/735/14 47/746/47 46/736/46
f 27/735/14 28/745/16 48/756/48 47/746/47
f 28/54/16 29/42/18 49/28/49 48/44/48
f 29/42/18 30/25/20 50/13/50 49/28/49
f 30/25/20 31/26/22 51/14/51 50/13/50
f 31/26/22 32/41/24 52/27/52 51/14/51
f 32/785/24 33/776/26 53/783/53 52/788/52
f 33/776/26 34/764/28 54/774/54 53/783/53
f 34/764/28 35/753/30 55/762/55 54/774/54
f 35/753/30 36/743/32 56/751/56 55/762/55
f 36/743/32 37/733/34 57/741/57 56/751/56
f 37/733/34 38/726/36 58/740/58 57/741/57
f 38/152/36 39/153/38 59/141/59 58/140/58
f 39/153/38 40/165/40 60/154/60 59/141/59
f 40/165/40 21/177/4 41/166/42 60/154/60
f 41/166/42 42/178/41 62/167/61 61/156/62
f 42/178/41 43/189/43 63/179/63 62/167/61
f 43/718/43 44/724/44 64/730/64 63/731/63
f 44/724/44 45/729/45 65/737/65 64/730/64
f 45/729/45 46/736/46 66/747/66 65/737/65
f 46/736/46 47/746/47 67/757/67 66/747/66
f 47/55/47 48/44/48 68/30/68 67/45/67
f 48/44/48 49/28/49 69/16/69 68/30/68
f 49/28/49 50/13/50 70/5/70 69/16/69
f 50/13/50 51/14/51 71/6/71 70/5/70
f 51/14/51 52/27/52 72/15/72 71/6/71
f 52/27/52 53/43/53 73/29/73 72/15/72
f 53/783/53 54/774/54 74/782/74 73/787/73
f 54/774/54 55/762/55 75/773/75 74/782/74
f 55/762/55 56/751/56 76/761/76 75/773/75
f 56/751/56 57/741/57 77/760/77 76/761/76
f 57/155/57 58/140/58 78/132/78 77/143/77
f 58/140/58 59/141/59 79/133/79 78/132/78
f 59/141/59 60/154/60 80/142/80 79/133/79
f 60/154/60 41/166/42 61/156/62 80/142/80
f 61/156/62 62/167/61 82/157/81 81/144/82
f 62/167/61 63/179/63 83/168/83 82/157/81
f 63/731/63 64/730/64 84/738/84 83/739/83
f 64/730/64 65/737/65 85/748/85 84/738/84
f 65/737/65 66/747/66 86/758/86 85/748/85
f 66/747/66 67/757/67 87/767/87 86/758/86
f 67/45/67 68/30/68 88/23/88 87/39/87
f 68/30/68 69/16/69 89/11/89 88/23/88
f 69/16/69 70/5/70 90/1/90 89/11/89
f 70/5/70 71/6/71 91/2/91 90/1/90
f 71/6/71 72/15/72 92/7/92 91/2/91
f 72/15/72 73/29/73 93/17/93 92/7/92
f 73/787/73 74/782/74 94/786/94 93/789/93
f 74/782/74 75/773/75 95/781/95 94/786/94
f 75/773/75 76/761/76 96/772/96 95/781/95
f 76/761/76 77/760/77 97/771/97 96/772/96
f 77/143/77 78/132/78 98/128/98 97/138/97
f 78/132/78 79/133/79 99/129/99 98/128/98
f 79/133/79 80/142/80 100/134/100 99/129/99
f 80/142/80 61/156/62 81/144/82 100/134/100
f 81/144/82 82/157/81 102/158/101 101/145/102
f 82/157/81 83/168/83 103/169/103 102/158/101
f 83/739/83 84/738/84 104/749/104 103/750/103
f 84/738/84 85/748/85 105/759/105 104/749/104
f 85/748/85 86/758/86 106/768/106 105/759/105
f 86/758/86 87/767/87 107/779/107 106/768/106
f 87/39/87 88/23/88 108/24/108 107/40/107
f 88/23/88 89/11/89 109/12/109 108/24/108
f 89/11/89 90/1/90 110/4/110 109/12/109
f 90/1/90 91/2/91 111/3/111 110/4/110
f 91/2/91 92/7/92 112/8/112 111/3/111
f 92/7/92 93/17/93 113/18/113 112/8/112
f 93/17/93 94/31/94 114/32/114 113/18/113
f 94/2216/94 95/2217/95 115/2218/115 114/2219/114
f 95/2217/95 96/2220/96 116/2221/116 115/2218/115
f 96/150/96 97/138/97 117/139/117 116/151/116
f 97/138/97 98/128/98 118/131/118 117/139/117
f 98/128/98 99/129/99 119/130/119 118/131/118
f 99/129/99 100/134/100 120/135/120 119/130/119
f 100/134/100 81/144/82 101/145/102 120/135/120
f 101/145/102 102/158/101 122/170/121 121/159/122
f 102/158/101 103/169/103 123/180/123 122/170/121
f 103/169/103 104/190/104 124/191/124 123/180/123
f 104/749/104 105/759/105 125/769/125 124/770/124
f 105/759/105 106/768/106 126/780/126 125/769/125
f 106/64/106 107/40/107 127/53/127 126/65/126
f 107/40/107 108/24/108 128/38/128 127/53/127
f 108/24/108 109/12/109 129/22/129 128/38/128
f 109/12/109 110/4/110 130/10/130 129/22/129
f 110/4/110 111/3/111 131/9/131 130/10/130
f 111/3/111 112/8/112 132/19/132 131/9/131
f 112/8/112 113/18/113 133/33/133 132/19/132
f 113/18/113 114/32/114 134/46/134 133/33/133
f 114/2219/114 115/2218/115 135/2222/135 134/2223/134
f 115/2218/115 116/2221/116 136/2224/136 135/2222/135
f 116/151/116 117/139/117 137/149/137 136/164/136
f 117/139/117 118/131/118 138/137/138 137/149/137
f 118/131/118 119/130/119 139/136/139 138/137/138
f 119/130/119 120/135/120 140/146/140 139/136/139
f 120/135/120 101/145/102 121/159/122 140/146/140
f 121/159/122 122/170/121 142/181/141 141/171/142
f 122/170/121 123/180/123 143/192/143 142/181/141
f 123/180/123 124/191/124 144/200/144 143/192/143
f 124/2243/124 125/2244/125 145/2245/145 144/2246/144
f 125/2244/125 126/2247/126 146/2248/146 145/2245/145
f 126/65/126 127/53/127 147/63/147 146/74/146
f 127/53/127 128/38/128 148/52/148 147/63/147
f 128/38/128 129/22/129 149/37/149 148/52/148
f 129/22/129 130/10/130 150/21/150 149/37/149
f 130/10/130 131/9/131 151/20/151 150/21/150
f 131/9/131 132/19/132 152/34/152 151/20/151
f 132/19/132 133/33/133 153/47/153 152/34/152
f 133/33/133 134/46/134 154/56/154 153/47/153
f 134/2223/134 135/2222/135 155/2225/155 154/2226/154
f 135/2222/135 136/2224/136 156/2227/156 155/2225/155
f 136/164/136 137/149/137 157/163/157 156/176/156
f 137/149/137 138/137/138 158/148/158 157/163/157
f 138/137/138 139/136/139 159/147/159 158/148/158
f 139/136/139 140/146/140 160/160/160 159/147/159
f 140/146/140 121/159/122 141/171/142 160/160/160
f 141/171/142 142/181/141 162/193/161 161/182/162
f 142/181/141 143/192/143 163/201/163 162/193/161
f 143/192/143 144/200/144 164/209/164 163/201/163
f 144/2246/144 145/2245/145 165/2249/165 164/2250/164
f 145/2245/145 146/2248/146 166/2251/166 165/2249/165
f 146/74/146 147/63/147 167/73/167 166/83/166
f 147/63/147 148/52/148 168/62/168 167/73/167
f 148/52/148 149/37/149 169/51/169 168/62/168
f 149/37/149 150/21/150 170/36/170 169/51/169
f 150/21/150 151/20/151 171/35/171 170/36/170
f 151/20/151 152/34/152 172/48/172 171/35/171
f 152/34/152 153/47/153 173/57/173 172/48/172
f 153/47/153 154/56/154 174/66/174 173/57/173
f 154/2226/154 155/2225/155 175/2228/175 174/2229/174
f 155/2225/155 156/2227/156 176/2230/176 175/2228/175
f 156/176/156 157/163/157 177/175/177 176/187/176
f 157/163/157 158/148/158 178/162/178 177/175/177
f 158/148/158 159/147/159 179/161/179 178/162/178
f 159/147/159 160/160/160 180/172/180 179/161/179
f 160/160/160 141/171/142 161/182/162 180/172/180
f 161/182/162 162/193/161 182/202/181 181/194/182
f 162/193/161 163/201/163 183/210/183 182/202/181
f 163/201/163 164/209/164 184/218/184 183/210/183
f 164/2250/164 165/2249/165 185/2252/185 184/2253/184
f 165/2249/165 166/2251/166 186/2254/186 185/2252/185
f 166/83/166 167/73/167 187/82/187 186/92/186
f 167/73/167 168/62/168 188/72/188 187/82/187
f 168/62/168 169/51/169 189/61/189 188/72/188
f 169/51/169 170/36/170 190/50/190 189/61/189
f 170/36/170 171/35/171 191/49/191 190/50/190
f 171/35/171 172/48/172 192/58/192 191/49/191
f 172/48/172 173/57/173 193/67/193 192/58/192
f 173/57/173 174/66/174 194/75/194 193/67/193
f 174/2229/174 175/2228/175 195/2231/195 194/2232/194
f 175/2228/175 176/2230/176 196/2233/196 195/2231/195
f 176/187/176 177/175/177 197/186/197 196/199/196
f 177/175/177 178/162/178 198/174/198 197/186/197
f 178/162/178 179/161/179 199/173/199 198/174/198
f 179/161/179 180/172/180 200/183/200 199/173/199
f 180/172/180 161/182/162 181/194/182 200/183/200
f 181/194/182 182/202/181 202/211/201 201/203/202
f 182/202/181 183/210/183 203/219/203 202/211/201
f 183/210/183 184/218/184 204/227/204 203/219/203
f 184/2253/184 185/2252/185 205/2255/205 204/2256/204
f 185/2252/185 186/2254/186 206/2257/206 205/2255/205
f 186/92/186 187/82/187 207/91/207 206/101/206
f 187/82/187 188/72/188 208/81/208 207/91/207
f 188/72/188 189/61/189 209/71/209 208/81/208
f 189/61/189 190/50/190 210/60/210 209/71/209
f 190/50/190 191/49/191 211/59/211 210/60/210
f 191/49/191 192/58/192 212/68/212 211/59/211
f 192/58/192 193/67/193 213/76/213 212/68/212
f 193/67/193 194/75/194 214/84/214 213/76/213
f 194/2232/194 195/2231/195 215/2234/215 214/2235/214
f 195/2231/195 196/2233/196 216/2236/216 215/2234/215
f 196/199/196 197/186/197 217/198/217 216/208/216
f 197/186/197 198/174/198 218/185/218 217/198/217
f 198/174/198 199/173/199 219/184/219 218/185/218
f 199/173/199 200/183/200 220/195/220 219/184/219
f 200/183/200 181/194/182 201/203/202 220/195/220
f 201/203/202 202/211/201 222/220/221 221/212/222
f 202/211/201 203/219/203 223/228/223 222/220/221
f 203/219/203 204/227/204 224/236/224 223/228/223
f 204/2256/204 205/2255/205 225/2258/225 224/2259/224
f 205/2255/205 206/2257/206 226/2260/226 225/2258/225
f 206/101/206 207/91/207 227/100/227 226/110/226
f 207/91/207 208/81/208 228/90/228 227/100/227
f 208/81/208 209/71/209 229/80/229 228/90/228
f 209/71/209 210/60/210 230/70/230 229/80/229
f 210/60/210 211/59/211 231/69/231 230/70/230
f 211/59/211 212/68/212 232/77/232 231/69/231
f 212/68/212 213/76/213 233/85/233 232/77/232
f 213/76/213 214/84/214 234/93/234 233/85/233
f 214/2235/214 215/2234/215 235/2237/235 234/2238/234
f 215/2234/215 216/2236/216 236/2239/236 235/2237/235
f 216/208/216 217/198/217 237/207/237 236/217/236
f 217/198/217 218/185/218 238/197/238 237/207/237
f 218/185/218 219/184/219 239/196/239 238/197/238
f 219/184/219 220/195/220 240/204/240 239/196/239
f 220/195/220 201/203/202 221/212/222 240/204/240
f 221/212/222 222/220/221 242/229/241 241/221/242
f 222/220/221 223/228/223 243/237/243 242/229/241
f 223/228/223 224/236/224 244/244/244 243/237/243
f 224/2259/224 225/2258/225 245/2261/245 244/2262/244
f 225/2258/225 226/2260/226 246/2263/246 245/2261/245
f 226/110/226 227/100/227 247/109/247 246/119/246
f 227/100/227 228/90/228 248/99/248 247/109/247
f 228/90/228 229/80/229 249/89/249 248/99/248
f 229/80/229 230/70/230 250/79/250 249/89/249
f 230/70/230 231/69/231 251/78/251 250/79/250
f 231/69/231 232/77/232 252/86/252 251/78/251
f 232/77/232 233/85/233 253/94/253 252/86/252
f 233/85/233 234/93/234 254/102/254 253/94/253
f 234/2238/234 235/2237/235 255/2240/255 254/2241/254
f 235/2237/235 236/2239/236 256/2242/256 255/2240/255
f 236/217/236 237/207/237 257/216/257 256/226/256
f 237/207/237 238/197/238 258/206/258 257/216/257
f 238/197/238 239/196/239 259/205/259 258/206/258
f 239/196/239 240/204/240 260/213/260 259/205/259
f 240/204/240 221/212/222 241/221/242 260/213/260
f 241/221/242 242/229/241 262/238/261 261/230/262
f 242/229/241 243/237/243 263/245/263 262/238/261
f 243/237/243 244/244/244 264/249/264 263/245/263
f 244/2262/244 245/2261/245 265/2264/265 264/2265/264
f 245/2261/245 246/2263/246 266/2266/266 265/2264/265
f 246/119/246 247/109/247 267/118/267 266/125/266
f 247/109/247 248/99/248 268/108/268 267/118/267
f 248/99/248 249/89/249 269/98/269 268/108/268
f 249/89/249 250/79/250 270/88/270 269/98/269
f 250/79/250 251/78/251 271/87/271 270/88/270
f 251/78/251 252/86/252 272/95/272 271/87/271
f 252/86/252 253/94/253 273/103/273 272/95/272
f 253/94/253 254/102/254 274/111/274 273/103/273
f 254/881/254 255/877/255 275/873/275 274/879/274
f 255/877/255 256/878/256 276/865/276 275/873/275
f 256/226/256 257/216/257 277/225/277 276/235/276
f 257/216/257 258/206/258 278/215/278 277/225/277
f 258/206/258 259/205/259 279/214/279 278/215/278
f 259/205/259 260/213/260 280/222/280 279/214/279
f 260/213/260 241/221/242 261/230/262 280/222/280
f 261/230/262 262/238/261 282/246/281 281/239/282
f 262/238/261 263/245/263 283/250/283 282/246/281
f 263/2270/263 264/2265/264 284/2268/284 283/2271/283
f 264/2265/264 265/2264/265 285/2267/285 284/2268/284
f 265/2264/265 266/2266/266 286/2269/286 285/2267/285
f 266/2266/266 267/2272/267 287/2273/287 286/2269/286
f 267/118/267 268/108/268 288/117/288 287/124/287
f 268/108/268 269/98/269 289/107/289 288/117/288
f 269/98/269 270/88/270 290/97/290 289/107/289
f 270/88/270 271/87/271 291/96/291 290/97/290
f 271/87/271 272/95/272 292/104/292 291/96/291
f 272/95/272 273/103/273 293/112/293 292/104/292
f 273/882/273 274/879/274 294/874/294 293/880/293
f 274/879/274 275/873/275 295/867/295 294/874/294
f 275/873/275 276/865/276 296/856/296 295/867/295
f 276/865/276 277/866/277 297/857/297 296/856/296
f 277/225/277 278/215/278 298/224/298 297/234/297
f 278/215/278 279/214/279 299/223/299 298/224/298
f 279/214/279 280/222/280 300/231/300 299/223/299
f 280/222/280 261/230/262 281/239/282 300/231/300
f 281/239/282 282/246/281 302/251/301 301/247/302
f 282/246/281 283/250/283 303/253/303 302/251/301
f 283/798/283 284/799/284 304/794/304 303/791/303
f 284/799/284 285/807/285 305/800/305 304/794/304
f 285/807/285 286/816/286 306/808/306 305/800/305
f 286/816/286 287/824/287 307/817/307 306/808/306
f 287/124/287 288/117/288 308/123/308 307/127/307
f 288/117/288 289/107/289 309/116/309 308/123/308
f 289/107/289 290/97/290 310/106/310 309/116/309
f 290/97/290 291/96/291 311/105/311 310/106/310
f 291/96/291 292/104/292 312/113/312 311/105/311
f 292/104/292 293/112/293 313/120/313 312/113/312
f 293/880/293 294/874/294 314/868/314 313/875/313
f 294/874/294 295/867/295 315/858/315 314/868/314
f 295/867/295 296/856/296 316/849/316 315/858/315
f 296/856/296 297/857/297 317/841/317 316/849/316
f 297/234/297 298/224/298 318/233/318 317/243/317
f 298/224/298 299/223/299 319/232/319 318/233/318
f 299/223/299 300/231/300 320/240/320 319/232/319
f 300/231/300 281/239/282 301/247/302 320/240/320
f 301/247/302 302/251/301 322/254/321 321/252/322
f 302/790/301 303/791/303 323/792/323 322/793/321
f 303/791/303 304/794/304 324/795/324 323/792/323
f 304/794/304 305/800/305 325/801/325 324/795/324
f 305/800/305 306/808/306 326/809/326 325/801/325
f 306/808/306 307/817/307 327/818/327 326/809/326
f 307/817/307 308/825/308 328/826/328 327/818/327
f 308/123/308 309/116/309 329/122/329 328/126/328
f 309/116/309 310/106/310 330/115/330 329/122/329
f 310/106/310 311/105/311 331/114/331 330/115/330
f 311/105/311 312/113/312 332/121/332 331/114/331
f 312/876/312 313/875/313 333/869/333 332/861/332
f 313/875/313 314/868/314 334/859/334 333/869/333
f 314/868/314 315/858/315 335/850/335 334/859/334
f 315/858/315 316/849/316 336/843/336 335/850/335
f 316/849/316 317/841/317 337/835/337 336/843/336
f 317/841/317 318/842/318 338/830/338 337/835/337
f 318/233/318 319/232/319 339/241/339 338/242/338
f 319/232/319 320/240/320 340/248/340 339/241/339
f 320/240/320 301/247/302 321/252/322 340/248/340
f 321/805/322 322/793/321 342/797/341 341/806/342
f 322/793/321 323/792/323 343/796/343 342/797/341
f 323/792/323 324/795/324 344/802/344 343/796/343
f 324/795/324 325/801/325 345/810/345 344/802/344
f 325/801/325 326/809/326 346/819/346 345/810/345
f 326/809/326 327/818/327 347/827/347 346/819/346
f 327/818/327 328/826/328 348/832/348 347/827/347
f 328/826/328 329/837/329 349/838/349 348/832/348
f 329/837/329 330/845/330 350/846/350 349/838/349
f 330/845/330 331/852/331 351/853/351 350/846/350
f 331/852/331 332/861/332 352/862/352 351/853/351
f 332/861/332 333/869/333 353/870/353 352/862/352
f 333/869/333 334/859/334 354/860/354 353/870/353
f 334/859/334 335/850/335 355/851/355 354/860/354
f 335/850/335 336/843/336 356/844/356 355/851/355
f 336/843/336 337/835/337 357/836/357 356/844/356
f 337/835/337 338/830/338 358/831/358 357/836/357
f 338/830/338 339/822/339 359/823/359 358/831/358
f 339/822/339 340/814/340 360/815/360 359/823/359
f 340/814/340 321/805/322 341/806/342 360/815/360
f 341/806/342 342/797/341 362/804/361 361/813/362
f 342/797/341 343/796/343 363/803/363 362/804/361
f 343/796/343 344/802/344 364/811/364 363/803/363
f 344/802/344 345/810/345 365/820/365 364/811/364
f 345/810/345 346/819/346 366/828/366 365/820/365
f 346/819/346 347/827/347 367/833/367 366/828/366
f 347/827/347 348/832/348 368/839/368 367/833/367
f 348/832/348 349/838/349 369/847/369 368/839/368
f 349/838/349 350/846/350 370/854/370 369/847/369
f 350/846/350 351/853/351 371/863/371 370/854/370
f 351/853/351 352/862/352 372/871/372 371/863/371
f 352/862/352 353/870/353 373/872/373 372/871/372
f 353/870/353 354/860/354 374/864/374 373/872/373
f 354/860/354 355/851/355 375/855/375 374/864/374
f 355/851/355 356/844/356 376/848/376 375/855/375
f 356/844/356 357/836/357 377/840/377 376/848/376
f 357/836/357 358/831/358 378/834/378 377/840/377
f 358/831/358 359/823/359 379/829/379 378/834/378
f 359/823/359 360/815/360 380/821/380 379/829/379
f 360/815/360 341/806/342 361/813/362 380/821/380
f 2/708/2 1/707/1 381/711/381
f 3/712/5 2/708/2 381/711/381
f 4/716/7 3/712/5 381/711/381
f 5/722/9 4/716/7 381/711/381
f 6/727/11 5/722/9 381/711/381
f 7/734/13 6/727/11 381/711/381
f 8/744/15 7/734/13 381/711/381
f 9/754/17 8/744/15 381/711/381
f 10/765/19 9/754/17 381/711/381
f 11/777/21 10/765/19 381/711/381
f 12/784/23 11/777/21 381/711/381
f 13/775/25 12/784/23 381/711/381
f 14/763/27 13/775/25 381/711/381
f 15/752/29 14/763/27 381/711/381
f 16/742/31 15/752/29 381/711/381
f 17/732/33 16/742/31 381/711/381
f 18/725/35 17/732/33 381/711/381
f 19/720/37 18/725/35 381/711/381
f 20/714/39 19/720/37 381/711/381
f 1/707/1 20/714/39 381/711/381
f 361/813/362 362/804/361 382/812/382
f 362/804/361 363/803/363 382/812/382
f 363/803/363 364/811/364 382/812/382
f 364/811/364 365/820/365 382/812/382
f 365/820/365 366/828/366 382/812/382
f 366/828/366 367/833/367 382/812/382
f 367/833/367 368/839/368 382/812/382
f 368/839/368 369/847/369 382/812/382
f 369/847/369 370/854/370 382/812/382
f 370/854/370 371/863/371 382/812/382
f 371/863/371 372/871/372 382/812/382
f 372/871/372 373/872/373 382/812/382
f 373/872/373 374/864/374 382/812/382
f 374/864/374 375/855/375 382/812/382
f 375/855/375 376/848/376 382/812/382
f 376/848/376 377/840/377 382/812/382
f 377/840/377 378/834/378 382/812/382
f 378/834/378 379/829/379 382/812/382
f 379/829/379 380/821/380 382/812/382
f 380/821/380 361/813/362 382/812/382
s 2
f 584/883/383 1365/884/384 1845/885/385 1368/886/386
f 1365/884/384 585/889/387 1366/890/388 1845/885/385
f 1845/885/385 1366/890/388 586/900/389 1367/891/390
f 1368/886/386 1845/885/385 1367/891/390 587/892/391
f 585/889/387 1369/898/392 1846/899/393 1366/890/388
f 1369/898/392 588/909/394 1370/910/395 1846/899/393
f 1846/899/393 1370/910/395 589/925/396 1371/911/397
f 1366/890/388 1846/899/393 1371/911/397 586/900/389
f 588/909/394 1372/923/398 1847/924/399 1370/910/395
f 1372/923/398 590/939/400 1373/940/401 1847/924/399
f 1847/924/399 1373/940/401 591/961/402 1374/941/403
f 1370/910/395 1847/924/399 1374/941/403 589/925/396
f 590/939/400 1375/959/404 1848/960/405 1373/940/401
f 1375/959/404 592/958/406 1376/982/407 1848/960/405
f 1848/960/405 1376/982/407 593/1009/408 1377/983/409
f 1373/940/401 1848/960/405 1377/983/409 591/961/402
f 592/958/406 1378/981/410 1849/1008/411 1376/982/407
f 1378/981/410 594/980/412 1379/1007/413 1849/1008/411
f 1849/1008/411 1379/1007/413 595/1038/414 1380/1039/415
f 1376/982/407 1849/1008/411 1380/1039/415 593/1009/408
f 594/980/412 1381/1006/416 1850/1037/417 1379/1007/413
f 1381/1006/416 596/1005/418 1382/1036/419 1850/1037/417
f 1850/1037/417 1382/1036/419 597/1071/420 1383/1072/421
f 1379/1007/413 1850/1037/417 1383/1072/421 595/1038/414
f 596/1005/418 1384/1035/422 1851/1070/423 1382/1036/419
f 1384/1035/422 598/1034/424 1385/1069/425 1851/1070/423
f 1851/1070/423 1385/1069/425 599/1108/426 1386/1109/427
f 1382/1036/419 1851/1070/423 1386/1109/427 597/1071/420
f 598/1034/424 1387/1068/428 1852/1107/429 1385/1069/425
f 1387/1068/428 600/1067/430 1388/1106/431 1852/1107/429
f 1852/1107/429 1388/1106/431 601/1146/432 1389/1147/433
f 1385/1069/425 1852/1107/429 1389/1147/433 599/1108/426
f 600/1067/430 1390/1105/434 1853/1145/435 1388/1106/431
f 1390/1105/434 602/1104/436 1391/1144/437 1853/1145/435
f 1853/1145/435 1391/1144/437 603/1181/438 1392/1182/439
f 1388/1106/431 1853/1145/435 1392/1182/439 601/1146/432
f 602/1104/436 1393/1143/440 1854/1180/441 1391/1144/437
f 1393/1143/440 604/1142/442 1394/1179/443 1854/1180/441
f 1854/1180/441 1394/1179/443 605/1216/444 1395/1217/445
f 1391/1144/437 1854/1180/441 1395/1217/445 603/1181/438
f 604/1142/442 1396/1177/446 1855/1214/447 1394/1179/443
f 1396/1177/446 606/1140/448 1397/1178/449 1855/1214/447
f 1855/1214/447 1397/1178/449 607/1215/450 1398/1248/451
f 1394/1179/443 1855/1214/447 1398/1248/451 605/1216/444
f 606/1140/448 1399/1138/452 1856/1175/453 1397/1178/449
f 1399/1138/452 608/1099/454 1400/1139/455 1856/1175/453
f 1856/1175/453 1400/1139/455 609/1176/456 1401/1212/457
f 1397/1178/449 1856/1175/453 1401/1212/457 607/1215/450
f 608/1099/454 1402/1097/458 1857/1136/459 1400/1139/455
f 1402/1097/458 610/1062/460 1403/1098/461 1857/1136/459
f 1857/1136/459 1403/1098/461 611/1137/462 1404/1173/463
f 1400/1139/455 1857/1136/459 1404/1173/463 609/1176/456
f 610/1062/460 1405/1060/464 1858/1095/465 1403/1098/461
f 1405/1060/464 612/1029/466 1406/1061/467 1858/1095/465
f 1858/1095/465 1406/1061/467 613/1096/468 1407/1134/469
f 1403/1098/461 1858/1095/465 1407/1134/469 611/1137/462
f 612/1029/466 1408/1027/470 1859/1058/471 1406/1061/467
f 1408/1027/470 614/1000/472 1409/1028/473 1859/1058/471
f 1859/1058/471 1409/1028/473 615/1059/474 1410/1093/475
f 1406/1061/467 1859/1058/471 1410/1093/475 613/1096/468
f 614/1000/472 1411/998/476 1860/1025/477 1409/1028/473
f 1411/998/476 616/975/478 1412/999/479 1860/1025/477
f 1860/1025/477 1412/999/479 617/1026/480 1413/1056/481
f 1409/1028/473 1860/1025/477 1413/1056/481 615/1059/474
f 616/975/478 1414/974/482 1861/997/483 1412/999/479
f 1414/974/482 618/953/484 1415/973/485 1861/997/483
f 1861/997/483 1415/973/485 619/996/486 1416/1024/487
f 1412/999/479 1861/997/483 1416/1024/487 617/1026/480
f 618/953/484 1417/951/488 1862/952/489 1415/973/485
f 1417/951/488 620/933/490 1418/934/491 1862/952/489
f 1862/952/489 1418/934/491 621/950/492 1419/972/493
f 1415/973/485 1862/952/489 1419/972/493 619/996/486
f 620/933/490 1420/917/494 1863/918/495 1418/934/491
f 1420/917/494 622/904/496 1421/905/497 1863/918/495
f 1863/918/495 1421/905/497 623/916/498 1422/932/499
f 1418/934/491 1863/918/495 1422/932/499 621/950/492
f 622/904/496 1423/893/500 1864/894/501 1421/905/497
f 1423/893/500 584/883/383 1368/886/386 1864/894/501
f 1864/894/501 1368/886/386 587/892/391 1424/903/502
f 1421/905/497 1864/894/501 1424/903/502 623/916/498
f 587/892/391 1367/891/390 1865/901/503 1427/902/504
f 1367/891/390 586/900/389 1425/912/505 1865/901/503
f 1865/901/503 1425/912/505 624/927/506 1426/913/507
f 1427/902/504 1865/901/503 1426/913/507 625/914/508
f 586/900/389 1371/911/397 1866/926/509 1425/912/505
f 1371/911/397 589/925/396 1428/942/510 1866/926/509
f 1866/926/509 1428/942/510 626/963/511 1429/943/512
f 1425/912/505 1866/926/509 1429/943/512 624/927/506
f 589/925/396 1374/941/403 1867/962/513 1428/942/510
f 1374/941/403 591/961/402 1430/984/514 1867/962/513
f 1867/962/513 1430/984/514 627/1011/515 1431/985/516
f 1428/942/510 1867/962/513 1431/985/516 626/963/511
f 591/961/402 1377/983/409 1868/1010/517 1430/984/514
f 1377/983/409 593/1009/408 1432/1040/518 1868/1010/517
f 1868/1010/517 1432/1040/518 628/1075/519 1433/1041/520
f 1430/984/514 1868/1010/517 1433/1041/520 627/1011/515
f 593/1009/408 1380/1039/415 1869/1074/521 1432/1040/518
f 1380/1039/415 595/1038/414 1434/1073/522 1869/1074/521
f 1869/1074/521 1434/1073/522 629/1112/523 1435/1113/524
f 1432/1040/518 1869/1074/521 1435/1113/524 628/1075/519
f 595/1038/414 1383/1072/421 1870/1111/525 1434/1073/522
f 1383/1072/421 597/1071/420 1436/1110/526 1870/1111/525
f 1870/1111/525 1436/1110/526 630/1150/527 1437/1151/528
f 1434/1073/522 1870/1111/525 1437/1151/528 629/1112/523
f 597/1071/420 1386/1109/427 1871/1149/529 1436/1110/526
f 1386/1109/427 599/1108/426 1438/1148/530 1871/1149/529
f 1871/1149/529 1438/1148/530 631/1185/531 1439/1186/532
f 1436/1110/526 1871/1149/529 1439/1186/532 630/1150/527
f 599/1108/426 1389/1147/433 1872/1184/533 1438/1148/530
f 1389/1147/433 601/1146/432 1440/1183/534 1872/1184/533
f 1872/1184/533 1440/1183/534 632/1220/535 1441/1221/536
f 1438/1148/530 1872/1184/533 1441/1221/536 631/1185/531
f 601/1146/432 1392/1182/439 1873/1219/537 1440/1183/534
f 1392/1182/439 603/1181/438 1442/1218/538 1873/1219/537
f 1873/1219/537 1442/1218/538 633/1252/539 1443/1253/540
f 1440/1183/534 1873/1219/537 1443/1253/540 632/1220/535
f 603/1181/438 1395/1217/445 1874/1251/541 1442/1218/538
f 1395/1217/445 605/1216/444 1444/1250/542 1874/1251/541
f 1874/1251/541 1444/1250/542 634/1284/543 1445/1285/544
f 1442/1218/538 1874/1251/541 1445/1285/544 633/1252/539
f 605/1216/444 1398/1248/451 1875/1282/545 1444/1250/542
f 1398/1248/451 607/1215/450 1446/1249/546 1875/1282/545
f 1875/1282/545 1446/1249/546 635/1283/547 1447/1315/548
f 1444/1250/542 1875/1282/545 1447/1315/548 634/1284/543
f 607/1215/450 1401/1212/457 1876/1246/549 1446/1249/546
f 1401/1212/457 609/1176/456 1448/1213/550 1876/1246/549
f 1876/1246/549 1448/1213/550 636/1247/551 1449/1280/552
f 1446/1249/546 1876/1246/549 1449/1280/552 635/1283/547
f 609/1176/456 1404/1173/463 1877/1210/553 1448/1213/550
f 1404/1173/463 611/1137/462 1450/1174/554 1877/1210/553
f 1877/1210/553 1450/1174/554 637/1211/555 1451/1244/556
f 1448/1213/550 1877/1210/553 1451/1244/556 636/1247/551
f 611/1137/462 1407/1134/469 1878/1171/557 1450/1174/554
f 1407/1134/469 613/1096/468 1452/1135/558 1878/1171/557
f 1878/1171/557 1452/1135/558 638/1172/559 1453/1208/560
f 1450/1174/554 1878/1171/557 1453/1208/560 637/1211/555
f 613/1096/468 1410/1093/475 1879/1132/561 1452/1135/558
f 1410/1093/475 615/1059/474 1454/1094/562 1879/1132/561
f 1879/1132/561 1454/1094/562 639/1133/563 1455/1169/564
f 1452/1135/558 1879/1132/561 1455/1169/564 638/1172/559
f 615/1059/474 1413/1056/481 1880/1091/565 1454/1094/562
f 1413/1056/481 617/1026/480 1456/1057/566 1880/1091/565
f 1880/1091/565 1456/1057/566 640/1092/567 1457/1130/568
f 1454/1094/562 1880/1091/565 1457/1130/568 639/1133/563
f 617/1026/480 1416/1024/487 1881/1055/569 1456/1057/566
f 1416/1024/487 619/996/486 1458/1023/570 1881/1055/569
f 1881/1055/569 1458/1023/570 641/1054/571 1459/1090/572
f 1456/1057/566 1881/1055/569 1459/1090/572 640/1092/567
f 619/996/486 1419/972/493 1882/995/573 1458/1023/570
f 1419/972/493 621/950/492 1460/971/574 1882/995/573
f 1882/995/573 1460/971/574 642/994/575 1461/1022/576
f 1458/1023/570 1882/995/573 1461/1022/576 641/1054/571
f 621/950/492 1422/932/499 1883/949/577 1460/971/574
f 1422/932/499 623/916/498 1462/931/578 1883/949/577
f 1883/949/577 1462/931/578 643/948/579 1463/970/580
f 1460/971/574 1883/949/577 1463/970/580 642/994/575
f 623/916/498 1424/903/502 1884/915/581 1462/931/578
f 1424/903/502 587/892/391 1427/902/504 1884/915/581
f 1884/915/581 1427/902/504 625/914/508 1464/930/582
f 1462/931/578 1884/915/581 1464/930/582 643/948/579
f 625/914/508 1426/913/507 1885/928/583 1467/929/584
f 1426/913/507 624/927/506 1465/944/585 1885/928/583
f 1885/928/583 1465/944/585 644/965/586 1466/945/587
f 1467/929/584 1885/928/583 1466/945/587 645/946/588
f 624/927/506 1429/943/512 1886/964/589 1465/944/585
f 1429/943/512 626/963/511 1468/986/590 1886/964/589
f 1886/964/589 1468/986/590 646/1013/591 1469/987/592
f 1465/944/585 1886/964/589 1469/987/592 644/965/586
f 626/963/511 1431/985/516 1887/1012/593 1468/986/590
f 1431/985/516 627/1011/515 1470/1042/594 1887/1012/593
f 1887/1012/593 1470/1042/594 647/1077/595 1471/1043/596
f 1468/986/590 1887/1012/593 1471/1043/596 646/1013/591
f 627/1011/515 1433/1041/520 1888/1076/597 1470/1042/594
f 1433/1041/520 628/1075/519 1472/1114/598 1888/1076/597
f 1888/1076/597 1472/1114/598 648/1154/599 1473/1115/600
f 1470/1042/594 1888/1076/597 1473/1115/600 647/1077/595
f 628/1075/519 1435/1113/524 1889/1153/601 1472/1114/598
f 1435/1113/524 629/1112/523 1474/1152/602 1889/1153/601
f 1889/1153/601 1474/1152/602 649/1189/603 1475/1190/604
f 1472/1114/598 1889/1153/601 1475/1190/604 648/1154/599
f 629/1112/523 1437/1151/528 1890/1188/605 1474/1152/602
f 1437/1151/528 630/1150/527 1476/1187/606 1890/1188/605
f 1890/1188/605 1476/1187/606 650/1224/607 1477/1225/608
f 1474/1152/602 1890/1188/605 1477/1225/608 649/1189/603
f 630/1150/527 1439/1186/532 1891/1223/609 1476/1187/606
f 1439/1186/532 631/1185/531 1478/1222/610 1891/1223/609
f 1891/1223/609 1478/1222/610 651/1256/611 1479/1257/612
f 1476/1187/606 1891/1223/609 1479/1257/612 650/1224/607
f 631/1185/531 1441/1221/536 1892/1255/613 1478/1222/610
f 1441/1221/536 632/1220/535 1480/1254/614 1892/1255/613
f 1892/1255/613 1480/1254/614 652/1288/615 1481/1289/616
f 1478/1222/610 1892/1255/613 1481/1289/616 651/1256/611
f 632/1220/535 1443/1253/540 1893/1287/617 1480/1254/614
f 1443/1253/540 633/1252/539 1482/1286/618 1893/1287/617
f 1893/1287/617 1482/1286/618 653/1319/619 1483/1320/620
f 1480/1254/614 1893/1287/617 1483/1320/620 652/1288/615
f 633/1252/539 1445/1285/544 1894/1318/621 1482/1286/618
f 1445/1285/544 634/1284/543 1484/1317/622 1894/1318/621
f 1894/1318/621 1484/1317/622 654/1349/623 1485/1350/624
f 1482/1286/618 1894/1318/621 1485/1350/624 653/1319/619
f 634/1284/543 1447/1315/548 1895/1347/625 1484/1317/622
f 1447/1315/548 635/1283/547 1486/1316/626 1895/1347/625
f 1895/1347/625 1486/1316/626 655/1348/627 1487/1377/628
f 1484/1317/622 1895/1347/625 1487/1377/628 654/1349/623
f 635/1283/547 1449/1280/552 1896/1313/629 1486/1316/626
f 1449/1280/552 636/1247/551 1488/1281/630 1896/1313/629
f 1896/1313/629 1488/1281/630 656/1314/631 1489/1345/632
f 1486/1316/626 1896/1313/629 1489/1345/632 655/1348/627
f 636/1247/551 1451/1244/556 1897/1278/633 1488/1281/630
f 1451/1244/556 637/1211/555 1490/1245/634 1897/1278/633
f 1897/1278/633 1490/1245/634 657/1279/635 1491/1311/636
f 1488/1281/630 1897/1278/633 1491/1311/636 656/1314/631
f 637/1211/555 1453/1208/560 1898/1242/637 1490/1245/634
f 1453/1208/560 638/1172/559 1492/1209/638 1898/1242/637
f 1898/1242/637 1492/1209/638 658/1243/639 1493/1276/640
f 1490/1245/634 1898/1242/637 1493/1276/640 657/1279/635
f 638/1172/559 1455/1169/564 1899/1206/641 1492/1209/638
f 1455/1169/564 639/1133/563 1494/1170/642 1899/1206/641
f 1899/1206/641 1494/1170/642 659/1207/643 1495/1240/644
f 1492/1209/638 1899/1206/641 1495/1240/644 658/1243/639
f 639/1133/563 1457/1130/568 1900/1167/645 1494/1170/642
f 1457/1130/568 640/1092/567 1496/1131/646 1900/1167/645
f 1900/1167/645 1496/1131/646 660/1168/647 1497/1204/648
f 1494/1170/642 1900/1167/645 1497/1204/648 659/1207/643
f 640/1092/567 1459/1090/572 1901/1129/649 1496/1131/646
f 1459/1090/572 641/1054/571 1498/1089/650 1901/1129/649
f 1901/1129/649 1498/1089/650 661/1128/651 1499/1166/652
f 1496/1131/646 1901/1129/649 1499/1166/652 660/1168/647
f 641/1054/571 1461/1022/576 1902/1053/653 1498/1089/650
f 1461/1022/576 642/994/575 1500/1021/654 1902/1053/653
f 1902/1053/653 1500/1021/654 662/1052/655 1501/1088/656
f 1498/1089/650 1902/1053/653 1501/1088/656 661/1128/651
f 642/994/575 1463/970/580 1903/993/657 1500/1021/654
f 1463/970/580 643/948/579 1502/969/658 1903/993/657
f 1903/993/657 1502/969/658 663/992/659 1503/1020/660
f 1500/1021/654 1903/993/657 1503/1020/660 662/1052/655
f 643/948/579 1464/930/582 1904/947/661 1502/969/658
f 1464/930/582 625/914/508 1467/929/584 1904/947/661
f 1904/947/661 1467/929/584 645/946/588 1504/968/662
f 1502/969/658 1904/947/661 1504/968/662 663/992/659
f 645/946/588 1466/945/587 1905/966/663 1507/967/664
f 1466/945/587 644/965/586 1505/988/665 1905/966/663
f 1905/966/663 1505/988/665 664/1015/666 1506/989/667
f 1507/967/664 1905/966/663 1506/989/667 665/990/668
f 644/965/586 1469/987/592 1906/1014/669 1505/988/665
f 1469/987/592 646/1013/591 1508/1044/670 1906/1014/669
f 1906/1014/669 1508/1044/670 666/1079/671 1509/1045/672
f 1505/988/665 1906/1014/669 1509/1045/672 664/1015/666
f 646/1013/591 1471/1043/596 1907/1078/673 1508/1044/670
f 1471/1043/596 647/1077/595 1510/1116/674 1907/1078/673
f 1907/1078/673 1510/1116/674 667/1156/675 1511/1117/676
f 1508/1044/670 1907/1078/673 1511/1117/676 666/1079/671
f 647/1077/595 1473/1115/600 1908/1155/677 1510/1116/674
f 1473/1115/600 648/1154/599 1512/1191/678 1908/1155/677
f 1908/1155/677 1512/1191/678 668/1228/679 1513/1192/680
f 1510/1116/674 1908/1155/677 1513/1192/680 667/1156/675
f 648/1154/599 1475/1190/604 1909/1227/681 1512/1191/678
f 1475/1190/604 649/1189/603 1514/1226/682 1909/1227/681
f 1909/1227/681 1514/1226/682 669/1260/683 1515/1261/684
f 1512/1191/678 1909/1227/681 1515/1261/684 668/1228/679
f 649/1189/603 1477/1225/608 1910/1259/685 1514/1226/682
f 1477/1225/608 650/1224/607 1516/1258/686 1910/1259/685
f 1910/1259/685 1516/1258/686 670/1292/687 1517/1293/688
f 1514/1226/682 1910/1259/685 1517/1293/688 669/1260/683
f 650/1224/607 1479/1257/612 1911/1291/689 1516/1258/686
f 1479/1257/612 651/1256/611 1518/1290/690 1911/1291/689
f 1911/1291/689 1518/1290/690 671/1323/691 1519/1324/692
f 1516/1258/686 1911/1291/689 1519/1324/692 670/1292/687
f 651/1256/611 1481/1289/616 1912/1322/693 1518/1290/690
f 1481/1289/616 652/1288/615 1520/1321/694 1912/1322/693
f 1912/1322/693 1520/1321/694 672/1353/695 1521/1354/696
f 1518/1290/690 1912/1322/693 1521/1354/696 671/1323/691
f 652/1288/615 1483/1320/620 1913/1352/697 1520/1321/694
f 1483/1320/620 653/1319/619 1522/1351/698 1913/1352/697
f 1913/1352/697 1522/1351/698 673/1381/699 1523/1382/700
f 1520/1321/694 1913/1352/697 1523/1382/700 672/1353/695
f 653/1319/619 1485/1350/624 1914/1380/701 1522/1351/698
f 1485/1350/624 654/1349/623 1524/1379/702 1914/1380/701
f 1914/1380/701 1524/1379/702 674/1406/703 1525/1407/704
f 1522/1351/698 1914/1380/701 1525/1407/704 673/1381/699
f 654/1349/623 1487/1377/628 1915/1404/705 1524/1379/702
f 1487/1377/628 655/1348/627 1526/1378/706 1915/1404/705
f 1915/1404/705 1526/1378/706 675/1405/707 1527/1431/708
f 1524/1379/702 1915/1404/705 1527/1431/708 674/1406/703
f 655/1348/627 1489/1345/632 1916/1375/709 1526/1378/706
f 1489/1345/632 656/1314/631 1528/1346/710 1916/1375/709
f 1916/1375/709 1528/1346/710 676/1376/711 1529/1402/712
f 1526/1378/706 1916/1375/709 1529/1402/712 675/1405/707
f 656/1314/631 1491/1311/636 1917/1343/713 1528/1346/710
f 1491/1311/636 657/1279/635 1530/1312/714 1917/1343/713
f 1917/1343/713 1530/1312/714 677/1344/715 1531/1373/716
f 1528/1346/710 1917/1343/713 1531/1373/716 676/1376/711
f 657/1279/635 1493/1276/640 1918/1309/717 1530/1312/714
f 1493/1276/640 658/1243/639 1532/1277/718 1918/1309/717
f 1918/1309/717 1532/1277/718 678/1310/719 1533/1341/720
f 1530/1312/714 1918/1309/717 1533/1341/720 677/1344/715
f 658/1243/639 1495/1240/644 1919/1274/721 1532/1277/718
f 1495/1240/644 659/1207/643 1534/1241/722 1919/1274/721
f 1919/1274/721 1534/1241/722 679/1275/723 1535/1307/724
f 1532/1277/718 1919/1274/721 1535/1307/724 678/1310/719
f 659/1207/643 1497/1204/648 1920/1238/725 1534/1241/722
f 1497/1204/648 660/1168/647 1536/1205/726 1920/1238/725
f 1920/1238/725 1536/1205/726 680/1239/727 1537/1272/728
f 1534/1241/722 1920/1238/725 1537/1272/728 679/1275/723
f 660/1168/647 1499/1166/652 1921/1203/729 1536/1205/726
f 1499/1166/652 661/1128/651 1538/1165/730 1921/1203/729
f 1921/1203/729 1538/1165/730 681/1202/731 1539/1237/732
f 1536/1205/726 1921/1203/729 1539/1237/732 680/1239/727
f 661/1128/651 1501/1088/656 1922/1127/733 1538/1165/730
f 1501/1088/656 662/1052/655 1540/1087/734 1922/1127/733
f 1922/1127/733 1540/1087/734 682/1126/735 1541/1164/736
f 1538/1165/730 1922/1127/733 1541/1164/736 681/1202/731
f 662/1052/655 1503/1020/660 1923/1051/737 1540/1087/734
f 1503/1020/660 663/992/659 1542/1019/738 1923/1051/737
f 1923/1051/737 1542/1019/738 683/1050/739 1543/1086/740
f 1540/1087/734 1923/1051/737 1543/1086/740 682/1126/735
f 663/992/659 1504/968/662 1924/991/741 1542/1019/738
f 1504/968/662 645/946/588 1507/967/664 1924/991/741
f 1924/991/741 1507/967/664 665/990/668 1544/1018/742
f 1542/1019/738 1924/991/741 1544/1018/742 683/1050/739
f 665/990/668 1506/989/667 1925/1016/743 1547/1017/744
f 1506/989/667 664/1015/666 1545/1046/745 1925/1016/743
f 1925/1016/743 1545/1046/745 684/1081/746 1546/1047/747
f 1547/1017/744 1925/1016/743 1546/1047/747 685/1048/748
f 664/1015/666 1509/1045/672 1926/1080/749 1545/1046/745
f 1509/1045/672 666/1079/671 1548/1118/750 1926/1080/749
f 1926/1080/749 1548/1118/750 686/1158/751 1549/1119/752
f 1545/1046/745 1926/1080/749 1549/1119/752 684/1081/746
f 666/1079/671 1511/1117/676 1927/1157/753 1548/1118/750
f 1511/1117/676 667/1156/675 1550/1193/754 1927/1157/753
f 1927/1157/753 1550/1193/754 687/1230/755 1551/1194/756
f 1548/1118/750 1927/1157/753 1551/1194/756 686/1158/751
f 667/1156/675 1513/1192/680 1928/1229/757 1550/1193/754
f 1513/1192/680 668/1228/679 1552/1262/758 1928/1229/757
f 1928/1229/757 1552/1262/758 688/1296/759 1553/1263/760
f 1550/1193/754 1928/1229/757 1553/1263/760 687/1230/755
f 668/1228/679 1515/1261/684 1929/1295/761 1552/1262/758
f 1515/1261/684 669/1260/683 1554/1294/762 1929/1295/761
f 1929/1295/761 1554/1294/762 689/1327/763 1555/1328/764
f 1552/1262/758 1929/1295/761 1555/1328/764 688/1296/759
f 669/1260/683 1517/1293/688 1930/1326/765 1554/1294/762
f 1517/1293/688 670/1292/687 1556/1325/766 1930/1326/765
f 1930/1326/765 1556/1325/766 690/1357/767 1557/1358/768
f 1554/1294/762 1930/1326/765 1557/1358/768 689/1327/763
f 670/1292/687 1519/1324/692 1931/1356/769 1556/1325/766
f 1519/1324/692 671/1323/691 1558/1355/770 1931/1356/769
f 1931/1356/769 1558/1355/770 691/1385/771 1559/1386/772
f 1556/1325/766 1931/1356/769 1559/1386/772 690/1357/767
f 671/1323/691 1521/1354/696 1932/1384/773 1558/1355/770
f 1521/1354/696 672/1353/695 1560/1383/774 1932/1384/773
f 1932/1384/773 1560/1383/774 692/1410/775 1561/1411/776
f 1558/1355/770 1932/1384/773 1561/1411/776 691/1385/771
f 672/1353/695 1523/1382/700 1933/1409/777 1560/1383/774
f 1523/1382/700 673/1381/699 1562/1408/778 1933/1409/777
f 1933/1409/777 1562/1408/778 693/1435/779 1563/1436/780
f 1560/1383/774 1933/1409/777 1563/1436/780 692/1410/775
f 673/1381/699 1525/1407/704 1934/1434/781 1562/1408/778
f 1525/1407/704 674/1406/703 1564/1433/782 1934/1434/781
f 1934/1434/781 1564/1433/782 694/1458/783 1565/1459/784
f 1562/1408/778 1934/1434/781 1565/1459/784 693/1435/779
f 674/1406/703 1527/1431/708 1935/1456/785 1564/1433/782
f 1527/1431/708 675/1405/707 1566/1432/786 1935/1456/785
f 1935/1456/785 1566/1432/786 695/1457/787 1567/1475/788
f 1564/1433/782 1935/1456/785 1567/1475/788 694/1458/783
f 675/1405/707 1529/1402/712 1936/1429/789 1566/1432/786
f 1529/1402/712 676/1376/711 1568/1403/790 1936/1429/789
f 1936/1429/789 1568/1403/790 696/1430/791 1569/1454/792
f 1566/1432/786 1936/1429/789 1569/1454/792 695/1457/787
f 676/1376/711 1531/1373/716 1937/1400/793 1568/1403/790
f 1531/1373/716 677/1344/715 1570/1374/794 1937/1400/793
f 1937/1400/793 1570/1374/794 697/1401/795 1571/1427/796
f 1568/1403/790 1937/1400/793 1571/1427/796 696/1430/791
f 677/1344/715 1533/1341/720 1938/1371/797 1570/1374/794
f 1533/1341/720 678/1310/719 1572/1342/798 1938/1371/797
f 1938/1371/797 1572/1342/798 698/1372/799 1573/1398/800
f 1570/1374/794 1938/1371/797 1573/1398/800 697/1401/795
f 678/1310/719 1535/1307/724 1939/1339/801 1572/1342/798
f 1535/1307/724 679/1275/723 1574/1308/802 1939/1339/801
f 1939/1339/801 1574/1308/802 699/1340/803 1575/1369/804
f 1572/1342/798 1939/1339/801 1575/1369/804 698/1372/799
f 679/1275/723 1537/1272/728 1940/1305/805 1574/1308/802
f 1537/1272/728 680/1239/727 1576/1273/806 1940/1305/805
f 1940/1305/805 1576/1273/806 700/1306/807 1577/1337/808
f 1574/1308/802 1940/1305/805 1577/1337/808 699/1340/803
f 680/1239/727 1539/1237/732 1941/1271/809 1576/1273/806
f 1539/1237/732 681/1202/731 1578/1236/810 1941/1271/809
f 1941/1271/809 1578/1236/810 701/1270/811 1579/1304/812
f 1576/1273/806 1941/1271/809 1579/1304/812 700/1306/807
f 681/1202/731 1541/1164/736 1942/1201/813 1578/1236/810
f 1541/1164/736 682/1126/735 1580/1163/814 1942/1201/813
f 1942/1201/813 1580/1163/814 702/1200/815 1581/1235/816
f 1578/1236/810 1942/1201/813 1581/1235/816 701/1270/811
f 682/1126/735 1543/1086/740 1943/1125/817 1580/1163/814
f 1543/1086/740 683/1050/739 1582/1085/818 1943/1125/817
f 1943/1125/817 1582/1085/818 703/1124/819 1583/1162/820
f 1580/1163/814 1943/1125/817 1583/1162/820 702/1200/815
f 683/1050/739 1544/1018/742 1944/1049/821 1582/1085/818
f 1544/1018/742 665/990/668 1547/1017/744 1944/1049/821
f 1944/1049/821 1547/1017/744 685/1048/748 1584/1084/822
f 1582/1085/818 1944/1049/821 1584/1084/822 703/1124/819
f 685/1048/748 1546/1047/747 1945/1082/823 1587/1083/824
f 1546/1047/747 684/1081/746 1585/1120/825 1945/1082/823
f 1945/1082/823 1585/1120/825 704/1160/826 1586/1121/827
f 1587/1083/824 1945/1082/823 1586/1121/827 705/1122/828
f 684/1081/746 1549/1119/752 1946/1159/829 1585/1120/825
f 1549/1119/752 686/1158/751 1588/1195/830 1946/1159/829
f 1946/1159/829 1588/1195/830 706/1232/831 1589/1196/832
f 1585/1120/825 1946/1159/829 1589/1196/832 704/1160/826
f 686/1158/751 1551/1194/756 1947/1231/833 1588/1195/830
f 1551/1194/756 687/1230/755 1590/1264/834 1947/1231/833
f 1947/1231/833 1590/1264/834 707/1298/835 1591/1265/836
f 1588/1195/830 1947/1231/833 1591/1265/836 706/1232/831
f 687/1230/755 1553/1263/760 1948/1297/837 1590/1264/834
f 1553/1263/760 688/1296/759 1592/1329/838 1948/1297/837
f 1948/1297/837 1592/1329/838 708/1361/839 1593/1330/840
f 1590/1264/834 1948/1297/837 1593/1330/840 707/1298/835
f 688/1296/759 1555/1328/764 1949/1360/841 1592/1329/838
f 1555/1328/764 689/1327/763 1594/1359/842 1949/1360/841
f 1949/1360/841 1594/1359/842 709/1389/843 1595/1390/844
f 1592/1329/838 1949/1360/841 1595/1390/844 708/1361/839
f 689/1327/763 1557/1358/768 1950/1388/845 1594/1359/842
f 1557/1358/768 690/1357/767 1596/1387/846 1950/1388/845
f 1950/1388/845 1596/1387/846 710/1414/847 1597/1415/848
f 1594/1359/842 1950/1388/845 1597/1415/848 709/1389/843
f 690/1357/767 1559/1386/772 1951/1413/849 1596/1387/846
f 1559/1386/772 691/1385/771 1598/1412/850 1951/1413/849
f 1951/1413/849 1598/1412/850 711/1439/851 1599/1440/852
f 1596/1387/846 1951/1413/849 1599/1440/852 710/1414/847
f 691/1385/771 1561/1411/776 1952/1438/853 1598/1412/850
f 1561/1411/776 692/1410/775 1600/1437/854 1952/1438/853
f 1952/1438/853 1600/1437/854 712/1462/855 1601/1463/856
f 1598/1412/850 1952/1438/853 1601/1463/856 711/1439/851
f 692/1410/775 1563/1436/780 1953/1461/857 1600/1437/854
f 1563/1436/780 693/1435/779 1602/1460/858 1953/1461/857
f 1953/504/857 1602/518/858 713/505/859 1603/491/860
f 1600/503/854 1953/504/857 1603/491/860 712/478/855
f 693/1435/779 1565/1459/784 1954/1478/861 1602/1460/858
f 1565/1459/784 694/1458/783 1604/1477/862 1954/1478/861
f 1954/533/861 1604/548/862 714/534/863 1605/519/864
f 1602/518/858 1954/533/861 1605/519/864 713/505/859
f 694/1458/783 1567/1475/788 1955/1487/865 1604/1477/862
f 1567/1475/788 695/1457/787 1606/1476/866 1955/1487/865
f 1955/1487/865 1606/1476/866 715/1488/867 1607/1494/868
f 1604/1477/862 1955/1487/865 1607/1494/868 714/1496/863
f 695/1457/787 1569/1454/792 1956/1473/869 1606/1476/866
f 1569/1454/792 696/1430/791 1608/1455/870 1956/1473/869
f 1956/1473/869 1608/1455/870 716/1474/871 1609/1485/872
f 1606/1476/866 1956/1473/869 1609/1485/872 715/1488/867
f 696/1430/791 1571/1427/796 1957/1452/873 1608/1455/870
f 1571/1427/796 697/1401/795 1610/1428/874 1957/1452/873
f 1957/1452/873 1610/1428/874 717/1453/875 1611/1471/876
f 1608/1455/870 1957/1452/873 1611/1471/876 716/1474/871
f 697/1401/795 1573/1398/800 1958/1425/877 1610/1428/874
f 1573/1398/800 698/1372/799 1612/1399/878 1958/1425/877
f 1958/1425/877 1612/1399/878 718/1426/879 1613/1450/880
f 1610/1428/874 1958/1425/877 1613/1450/880 717/1453/875
f 698/1372/799 1575/1369/804 1959/1396/881 1612/1399/878
f 1575/1369/804 699/1340/803 1614/1370/882 1959/1396/881
f 1959/1396/881 1614/1370/882 719/1397/883 1615/1423/884
f 1612/1399/878 1959/1396/881 1615/1423/884 718/1426/879
f 699/1340/803 1577/1337/808 1960/1367/885 1614/1370/882
f 1577/1337/808 700/1306/807 1616/1338/886 1960/1367/885
f 1960/1367/885 1616/1338/886 720/1368/887 1617/1394/888
f 1614/1370/882 1960/1367/885 1617/1394/888 719/1397/883
f 700/1306/807 1579/1304/812 1961/1336/889 1616/1338/886
f 1579/1304/812 701/1270/811 1618/1303/890 1961/1336/889
f 1961/1336/889 1618/1303/890 721/1335/891 1619/1366/892
f 1616/1338/886 1961/1336/889 1619/1366/892 720/1368/887
f 701/1270/811 1581/1235/816 1962/1269/893 1618/1303/890
f 1581/1235/816 702/1200/815 1620/1234/894 1962/1269/893
f 1962/1269/893 1620/1234/894 722/1301/895 1621/1302/896
f 1618/1303/890 1962/1269/893 1621/1302/896 721/1335/891
f 702/1200/815 1583/1162/820 1963/1199/897 1620/1234/894
f 1583/1162/820 703/1124/819 1622/1161/898 1963/1199/897
f 1963/335/897 1622/320/898 723/307/899 1623/321/900
f 1620/350/894 1963/335/897 1623/321/900 722/336/895
f 703/1124/819 1584/1084/822 1964/1123/901 1622/1161/898
f 1584/1084/822 685/1048/748 1587/1083/824 1964/1123/901
f 1964/305/901 1587/306/824 705/279/828 1624/293/902
f 1622/320/898 1964/305/901 1624/293/902 723/307/899
f 705/279/828 1586/280/827 1965/268/903 1627/267/904
f 1586/1121/827 704/1160/826 1625/1197/905 1965/1198/903
f 1965/268/903 1625/281/905 724/269/906 1626/260/907
f 1627/267/904 1965/268/903 1626/260/907 725/259/908
f 704/1160/826 1589/1196/832 1966/1233/909 1625/1197/905
f 1589/1196/832 706/1232/831 1628/1266/910 1966/1233/909
f 1966/1233/909 1628/1266/910 726/1300/911 1629/1267/912
f 1625/1197/905 1966/1233/909 1629/1267/912 724/1268/906
f 706/1232/831 1591/1265/836 1967/1299/913 1628/1266/910
f 1591/1265/836 707/1298/835 1630/1331/914 1967/1299/913
f 1967/1299/913 1630/1331/914 727/1363/915 1631/1332/916
f 1628/1266/910 1967/1299/913 1631/1332/916 726/1300/911
f 707/1298/835 1593/1330/840 1968/1362/917 1630/1331/914
f 1593/1330/840 708/1361/839 1632/1391/918 1968/1362/917
f 1968/1362/917 1632/1391/918 728/1418/919 1633/1392/920
f 1630/1331/914 1968/1362/917 1633/1392/920 727/1363/915
f 708/1361/839 1595/1390/844 1969/1417/921 1632/1391/918
f 1595/1390/844 709/1389/843 1634/1416/922 1969/1417/921
f 1969/1417/921 1634/1416/922 729/1443/923 1635/1444/924
f 1632/1391/918 1969/1417/921 1635/1444/924 728/1418/919
f 709/1389/843 1597/1415/848 1970/1442/925 1634/1416/922
f 1597/1415/848 710/1414/847 1636/1441/926 1970/1442/925
f 1970/1442/925 1636/1441/926 730/1466/927 1637/1467/928
f 1634/1416/922 1970/1442/925 1637/1467/928 729/1443/923
f 710/1414/847 1599/1440/852 1971/1465/929 1636/1441/926
f 1599/1440/852 711/1439/851 1638/1464/930 1971/1465/929
f 1971/1465/929 1638/1464/930 731/1480/931 1639/1481/932
f 1636/1441/926 1971/1465/929 1639/1481/932 730/1466/927
f 711/1439/851 1601/1463/856 1972/1479/933 1638/1464/930
f 1601/477/856 712/478/855 1640/466/934 1972/465/933
f 1972/465/933 1640/466/934 732/458/935 1641/457/936
f 1638/480/930 1972/465/933 1641/457/936 731/468/931
f 712/478/855 1603/491/860 1973/479/937 1640/466/934
f 1603/491/860 713/505/859 1642/492/938 1973/479/937
f 1973/479/937 1642/492/938 733/481/939 1643/467/940
f 1640/466/934 1973/479/937 1643/467/940 732/458/935
f 713/505/859 1605/519/864 1974/506/941 1642/492/938
f 1605/519/864 714/534/863 1644/520/942 1974/506/941
f 1974/506/941 1644/520/942 734/507/943 1645/493/944
f 1642/492/938 1974/506/941 1645/493/944 733/481/939
f 714/534/863 1607/549/868 1975/535/945 1644/520/942
f 1607/1494/868 715/1488/867 1646/1495/946 1975/1498/945
f 1975/535/945 1646/550/946 735/536/947 1647/521/948
f 1644/520/942 1975/535/945 1647/521/948 734/507/943
f 715/1488/867 1609/1485/872 1976/1492/949 1646/1495/946
f 1609/1485/872 716/1474/871 1648/1486/950 1976/1492/949
f 1976/1492/949 1648/1486/950 736/1493/951 1649/1497/952
f 1646/1495/946 1976/1492/949 1649/1497/952 735/1499/947
f 716/1474/871 1611/1471/876 1977/1483/953 1648/1486/950
f 1611/1471/876 717/1453/875 1650/1472/954 1977/1483/953
f 1977/1483/953 1650/1472/954 737/1484/955 1651/1491/956
f 1648/1486/950 1977/1483/953 1651/1491/956 736/1493/951
f 717/1453/875 1613/1450/880 1978/1469/957 1650/1472/954
f 1613/1450/880 718/1426/879 1652/1451/958 1978/1469/957
f 1978/1469/957 1652/1451/958 738/1470/959 1653/1482/960
f 1650/1472/954 1978/1469/957 1653/1482/960 737/1484/955
f 718/1426/879 1615/1423/884 1979/1448/961 1652/1451/958
f 1615/1423/884 719/1397/883 1654/1424/962 1979/1448/961
f 1979/1448/961 1654/1424/962 739/1449/963 1655/1468/964
f 1652/1451/958 1979/1448/961 1655/1468/964 738/1470/959
f 719/1397/883 1617/1394/888 1980/1421/965 1654/1424/962
f 1617/1394/888 720/1368/887 1656/1395/966 1980/1421/965
f 1980/1421/965 1656/1395/966 740/1422/967 1657/1445/968
f 1654/1424/962 1980/1421/965 1657/1445/968 739/1449/963
f 720/1368/887 1619/1366/892 1981/1393/969 1656/1395/966
f 1619/1366/892 721/1335/891 1658/1365/970 1981/1393/969
f 1981/1393/969 1658/1365/970 741/1419/971 1659/1420/972
f 1656/1395/966 1981/1393/969 1659/1420/972 740/1422/967
f 721/1335/891 1621/1302/896 1982/1364/973 1658/1365/970
f 1621/351/896 722/336/895 1660/322/974 1982/337/973
f 1982/337/973 1660/322/974 742/309/975 1661/323/976
f 1658/352/970 1982/337/973 1661/323/976 741/338/971
f 722/336/895 1623/321/900 1983/308/977 1660/322/974
f 1623/321/900 723/307/899 1662/294/978 1983/308/977
f 1983/308/977 1662/294/978 743/284/979 1663/295/980
f 1660/322/974 1983/308/977 1663/295/980 742/309/975
f 723/307/899 1624/293/902 1984/282/981 1662/294/978
f 1624/293/902 705/279/828 1627/267/904 1984/282/981
f 1984/282/981 1627/267/904 725/259/908 1664/270/982
f 1662/294/978 1984/282/981 1664/270/982 743/284/979
f 725/259/908 1626/260/907 1985/256/983 1667/255/984
f 1626/260/907 724/269/906 1665/261/985 1985/256/983
f 1985/256/983 1665/261/985 744/262/986 1666/257/987
f 1667/255/984 1985/256/983 1666/257/987 745/258/988
f 724/269/906 1629/283/912 1986/271/989 1665/261/985
f 1629/1267/912 726/1300/911 1668/1333/990 1986/1334/989
f 1986/2274/989 1668/2275/990 746/2276/991 1669/2277/992
f 1665/261/985 1986/271/989 1669/272/992 744/262/986
f 726/2282/911 1631/2283/916 1987/2278/993 1668/2275/990
f 1631/2283/916 727/2289/915 1670/2284/994 1987/2278/993
f 1987/2278/993 1670/2284/994 747/2285/995 1671/2279/996
f 1668/2275/990 1987/2278/993 1671/2279/996 746/2276/991
f 727/2289/915 1633/2296/920 1988/2290/997 1670/2284/994
f 1633/2296/920 728/2304/919 1672/2297/998 1988/2290/997
f 1988/2290/997 1672/2297/998 748/2298/999 1673/2291/1000
f 1670/2284/994 1988/2290/997 1673/2291/1000 747/2285/995
f 728/2304/919 1635/2313/924 1989/2305/1001 1672/2297/998
f 1635/2313/924 729/2325/923 1674/2314/1002 1989/2305/1001
f 1989/2305/1001 1674/2314/1002 749/2315/1003 1675/2306/1004
f 1672/2297/998 1989/2305/1001 1675/2306/1004 748/2298/999
f 729/2325/923 1637/2337/928 1990/2326/1005 1674/2314/1002
f 1637/2337/928 730/2350/927 1676/2338/1006 1990/2326/1005
f 1990/2326/1005 1676/2338/1006 750/2339/1007 1677/2327/1008
f 1674/2314/1002 1990/2326/1005 1677/2327/1008 749/2315/1003
f 730/1466/927 1639/1481/932 1991/1489/1009 1676/1490/1006
f 1639/482/932 731/468/931 1678/463/1010 1991/475/1009
f 1991/475/1009 1678/463/1010 751/464/1011 1679/476/1012
f 1676/2338/1006 1991/2351/1009 1679/2352/1012 750/2339/1007
f 731/468/931 1641/457/936 1992/453/1013 1678/463/1010
f 1641/457/936 732/458/935 1680/454/1014 1992/453/1013
f 1992/453/1013 1680/454/1014 752/455/1015 1681/456/1016
f 1678/463/1010 1992/453/1013 1681/456/1016 751/464/1011
f 732/458/935 1643/467/940 1993/459/1017 1680/454/1014
f 1643/467/940 733/481/939 1682/469/1018 1993/459/1017
f 1993/459/1017 1682/469/1018 753/470/1019 1683/460/1020
f 1680/454/1014 1993/459/1017 1683/460/1020 752/455/1015
f 733/481/939 1645/493/944 1994/483/1021 1682/469/1018
f 1645/493/944 734/507/943 1684/494/1022 1994/483/1021
f 1994/483/1021 1684/494/1022 754/495/1023 1685/484/1024
f 1682/469/1018 1994/483/1021 1685/484/1024 753/470/1019
f 734/507/943 1647/521/948 1995/508/1025 1684/494/1022
f 1647/521/948 735/536/947 1686/522/1026 1995/508/1025
f 1995/508/1025 1686/522/1026 755/523/1027 1687/509/1028
f 1684/494/1022 1995/508/1025 1687/509/1028 754/495/1023
f 735/536/947 1649/551/952 1996/537/1029 1686/522/1026
f 1649/1497/952 736/1493/951 1688/1500/1030 1996/1501/1029
f 1996/2496/1029 1688/2497/1030 756/2498/1031 1689/2499/1032
f 1686/522/1026 1996/537/1029 1689/538/1032 755/523/1027
f 736/2504/951 1651/2505/956 1997/2500/1033 1688/2497/1030
f 1651/2505/956 737/2511/955 1690/2506/1034 1997/2500/1033
f 1997/2500/1033 1690/2506/1034 757/2507/1035 1691/2501/1036
f 1688/2497/1030 1997/2500/1033 1691/2501/1036 756/2498/1031
f 737/2511/955 1653/2518/960 1998/2512/1037 1690/2506/1034
f 1653/2518/960 738/2526/959 1692/2519/1038 1998/2512/1037
f 1998/2512/1037 1692/2519/1038 758/2520/1039 1693/2513/1040
f 1690/2506/1034 1998/2512/1037 1693/2513/1040 757/2507/1035
f 738/2526/959 1655/2535/964 1999/2527/1041 1692/2519/1038
f 1655/2535/964 739/2547/963 1694/2536/1042 1999/2527/1041
f 1999/2527/1041 1694/2536/1042 759/2537/1043 1695/2528/1044
f 1692/2519/1038 1999/2527/1041 1695/2528/1044 758/2520/1039
f 739/2547/963 1657/2559/968 2000/2548/1045 1694/2536/1042
f 1657/2559/968 740/2572/967 1696/2560/1046 2000/2548/1045
f 2000/2548/1045 1696/2560/1046 760/2561/1047 1697/2549/1048
f 1694/2536/1042 2000/2548/1045 1697/2549/1048 759/2537/1043
f 740/1422/967 1659/1420/972 2001/1446/1049 1696/1447/1046
f 1659/353/972 741/338/971 1698/333/1050 2001/348/1049
f 2001/348/1049 1698/333/1050 761/334/1051 1699/349/1052
f 1696/2560/1046 2001/2573/1049 1699/2574/1052 760/2561/1047
f 741/338/971 1661/323/976 2002/318/1053 1698/333/1050
f 1661/323/976 742/309/975 1700/303/1054 2002/318/1053
f 2002/318/1053 1700/303/1054 762/304/1055 1701/319/1056
f 1698/333/1050 2002/318/1053 1701/319/1056 761/334/1051
f 742/309/975 1663/295/980 2003/291/1057 1700/303/1054
f 1663/295/980 743/284/979 1702/277/1058 2003/291/1057
f 2003/291/1057 1702/277/1058 763/278/1059 1703/292/1060
f 1700/303/1054 2003/291/1057 1703/292/1060 762/304/1055
f 743/284/979 1664/270/982 2004/265/1061 1702/277/1058
f 1664/270/982 725/259/908 1667/255/984 2004/265/1061
f 2004/265/1061 1667/255/984 745/258/988 1704/266/1062
f 1702/277/1058 2004/265/1061 1704/266/1062 763/278/1059
f 745/258/988 1666/257/987 2005/263/1063 1707/264/1064
f 1666/257/987 744/262/986 1705/273/1065 2005/263/1063
f 2005/263/1063 1705/273/1065 764/286/1066 1706/274/1067
f 1707/264/1064 2005/263/1063 1706/274/1067 765/275/1068
f 744/262/986 1669/272/992 2006/285/1069 1705/273/1065
f 1669/2277/992 746/2276/991 1708/2280/1070 2006/2281/1069
f 2006/2281/1069 1708/2280/1070 766/2287/1071 1709/2288/1072
f 1705/273/1065 2006/285/1069 1709/296/1072 764/286/1066
f 746/2276/991 1671/2279/996 2007/2286/1073 1708/2280/1070
f 1671/2279/996 747/2285/995 1710/2292/1074 2007/2286/1073
f 2007/2286/1073 1710/2292/1074 767/2300/1075 1711/2293/1076
f 1708/2280/1070 2007/2286/1073 1711/2293/1076 766/2287/1071
f 747/2285/995 1673/2291/1000 2008/2299/1077 1710/2292/1074
f 1673/2291/1000 748/2298/999 1712/2307/1078 2008/2299/1077
f 2008/2299/1077 1712/2307/1078 768/2317/1079 1713/2308/1080
f 1710/2292/1074 2008/2299/1077 1713/2308/1080 767/2300/1075
f 748/2298/999 1675/2306/1004 2009/2316/1081 1712/2307/1078
f 1675/2306/1004 749/2315/1003 1714/2328/1082 2009/2316/1081
f 2009/2316/1081 1714/2328/1082 769/2341/1083 1715/2329/1084
f 1712/2307/1078 2009/2316/1081 1715/2329/1084 768/2317/1079
f 749/2315/1003 1677/2327/1008 2010/2340/1085 1714/2328/1082
f 1677/2327/1008 750/2339/1007 1716/2353/1086 2010/2340/1085
f 2010/2340/1085 1716/2353/1086 770/2365/1087 1717/2354/1088
f 1714/2328/1082 2010/2340/1085 1717/2354/1088 769/2341/1083
f 750/2339/1007 1679/2352/1012 2011/2364/1089 1716/2353/1086
f 1679/476/1012 751/464/1011 1718/474/1090 2011/490/1089
f 2011/490/1089 1718/474/1090 771/489/1091 1719/502/1092
f 1716/2353/1086 2011/2364/1089 1719/2376/1092 770/2365/1087
f 751/464/1011 1681/456/1016 2012/462/1093 1718/474/1090
f 1681/456/1016 752/455/1015 1720/461/1094 2012/462/1093
f 2012/462/1093 1720/461/1094 772/472/1095 1721/473/1096
f 1718/474/1090 2012/462/1093 1721/473/1096 771/489/1091
f 752/455/1015 1683/460/1020 2013/471/1097 1720/461/1094
f 1683/460/1020 753/470/1019 1722/485/1098 2013/471/1097
f 2013/471/1097 1722/485/1098 773/497/1099 1723/486/1100
f 1720/461/1094 2013/471/1097 1723/486/1100 772/472/1095
f 753/470/1019 1685/484/1024 2014/496/1101 1722/485/1098
f 1685/484/1024 754/495/1023 1724/510/1102 2014/496/1101
f 2014/496/1101 1724/510/1102 774/525/1103 1725/511/1104
f 1722/485/1098 2014/496/1101 1725/511/1104 773/497/1099
f 754/495/1023 1687/509/1028 2015/524/1105 1724/510/1102
f 1687/509/1028 755/523/1027 1726/539/1106 2015/524/1105
f 2015/524/1105 1726/539/1106 775/553/1107 1727/540/1108
f 1724/510/1102 2015/524/1105 1727/540/1108 774/525/1103
f 755/523/1027 1689/538/1032 2016/552/1109 1726/539/1106
f 1689/2499/1032 756/2498/1031 1728/2502/1110 2016/2503/1109
f 2016/2503/1109 1728/2502/1110 776/2509/1111 1729/2510/1112
f 1726/539/1106 2016/552/1109 1729/562/1112 775/553/1107
f 756/2498/1031 1691/2501/1036 2017/2508/1113 1728/2502/1110
f 1691/2501/1036 757/2507/1035 1730/2514/1114 2017/2508/1113
f 2017/2508/1113 1730/2514/1114 777/2522/1115 1731/2515/1116
f 1728/2502/1110 2017/2508/1113 1731/2515/1116 776/2509/1111
f 757/2507/1035 1693/2513/1040 2018/2521/1117 1730/2514/1114
f 1693/2513/1040 758/2520/1039 1732/2529/1118 2018/2521/1117
f 2018/2521/1117 1732/2529/1118 778/2539/1119 1733/2530/1120
f 1730/2514/1114 2018/2521/1117 1733/2530/1120 777/2522/1115
f 758/2520/1039 1695/2528/1044 2019/2538/1121 1732/2529/1118
f 1695/2528/1044 759/2537/1043 1734/2550/1122 2019/2538/1121
f 2019/2538/1121 1734/2550/1122 779/2563/1123 1735/2551/1124
f 1732/2529/1118 2019/2538/1121 1735/2551/1124 778/2539/1119
f 759/2537/1043 1697/2549/1048 2020/2562/1125 1734/2550/1122
f 1697/2549/1048 760/2561/1047 1736/2575/1126 2020/2562/1125
f 2020/2562/1125 1736/2575/1126 780/2587/1127 1737/2576/1128
f 1734/2550/1122 2020/2562/1125 1737/2576/1128 779/2563/1123
f 760/2561/1047 1699/2574/1052 2021/2586/1129 1736/2575/1126
f 1699/349/1052 761/334/1051 1738/347/1130 2021/363/1129
f 2021/363/1129 1738/347/1130 781/362/1131 1739/373/1132
f 1736/2575/1126 2021/2586/1129 1739/2598/1132 780/2587/1127
f 761/334/1051 1701/319/1056 2022/332/1133 1738/347/1130
f 1701/319/1056 762/304/1055 1740/317/1134 2022/332/1133
f 2022/332/1133 1740/317/1134 782/331/1135 1741/346/1136
f 1738/347/1130 2022/332/1133 1741/346/1136 781/362/1131
f 762/304/1055 1703/292/1060 2023/302/1137 1740/317/1134
f 1703/292/1060 763/278/1059 1742/290/1138 2023/302/1137
f 2023/302/1137 1742/290/1138 783/301/1139 1743/316/1140
f 1740/317/1134 2023/302/1137 1743/316/1140 782/331/1135
f 763/278/1059 1704/266/1062 2024/276/1141 1742/290/1138
f 1704/266/1062 745/258/988 1707/264/1064 2024/276/1141
f 2024/276/1141 1707/264/1064 765/275/1068 1744/289/1142
f 1742/290/1138 2024/276/1141 1744/289/1142 783/301/1139
f 383/396/1143 1745/395/1144 2025/404/1145 1748/405/1146
f 1745/395/1144 384/403/1147 1746/412/1148 2025/404/1145
f 2025/2448/1145 1746/2423/1148 404/2437/1149 1747/2449/1150
f 1748/405/1146 2025/404/1145 1747/413/1150 403/414/1151
f 384/2411/1147 1749/2398/1152 2026/2410/1153 1746/2423/1148
f 1749/2398/1152 385/2397/1154 1750/2409/1155 2026/2410/1153
f 2026/2410/1153 1750/2409/1155 405/2421/1156 1751/2422/1157
f 1746/2423/1148 2026/2410/1153 1751/2422/1157 404/2437/1149
f 385/2397/1154 1752/2408/1158 2027/2420/1159 1750/2409/1155
f 1752/2408/1158 386/2419/1160 1753/2433/1161 2027/2420/1159
f 2027/2420/1159 1753/2433/1161 406/2446/1162 1754/2434/1163
f 1750/2409/1155 2027/2420/1159 1754/2434/1163 405/2421/1156
f 386/2419/1160 1755/2432/1164 2028/2445/1165 1753/2433/1161
f 1755/2432/1164 387/2444/1166 1756/2456/1167 2028/2445/1165
f 2028/2445/1165 1756/2456/1167 407/2465/1168 1757/2457/1169
f 1753/2433/1161 2028/2445/1165 1757/2457/1169 406/2446/1162
f 387/2444/1166 1758/2455/1170 2029/2464/1171 1756/2456/1167
f 1758/2455/1170 388/2463/1172 1759/2471/1173 2029/2464/1171
f 2029/2464/1171 1759/2471/1173 408/2478/1174 1760/2472/1175
f 1756/2456/1167 2029/2464/1171 1760/2472/1175 407/2465/1168
f 388/2463/1172 1761/2470/1176 2030/2477/1177 1759/2471/1173
f 1761/2470/1176 389/2476/1178 1762/2482/1179 2030/2477/1177
f 2030/2477/1177 1762/2482/1179 409/2487/1180 1763/2483/1181
f 1759/2471/1173 2030/2477/1177 1763/2483/1181 408/2478/1174
f 389/2476/1178 1764/2480/1182 2031/2485/1183 1762/2482/1179
f 1764/2480/1182 390/2486/1184 1765/2489/1185 2031/2485/1183
f 2031/2485/1183 1765/2489/1185 410/2492/1186 1766/2490/1187
f 1762/2482/1179 2031/2485/1183 1766/2490/1187 409/2487/1180
f 390/609/1184 1767/599/1188 2032/608/1189 1765/618/1185
f 1767/599/1188 391/598/1190 1768/607/1191 2032/608/1189
f 2032/608/1189 1768/607/1191 411/616/1192 1769/617/1193
f 1765/2489/1185 2032/2494/1189 1769/2495/1193 410/2492/1186
f 391/598/1190 1770/606/1194 2033/615/1195 1768/607/1191
f 1770/606/1194 392/614/1196 1771/623/1197 2033/615/1195
f 2033/615/1195 1771/623/1197 412/631/1198 1772/624/1199
f 1768/607/1191 2033/615/1195 1772/624/1199 411/616/1192
f 392/614/1196 1773/622/1200 2034/630/1201 1771/623/1197
f 1773/622/1200 393/629/1202 1774/635/1203 2034/630/1201
f 2034/630/1201 1774/635/1203 413/642/1204 1775/636/1205
f 1771/623/1197 2034/630/1201 1775/636/1205 412/631/1198
f 393/629/1202 1776/634/1206 2035/641/1207 1774/635/1203
f 1776/634/1206 394/640/1208 1777/645/1209 2035/641/1207
f 2035/2673/1207 1777/2645/1209 414/2659/1210 1778/2674/1211
f 1774/635/1203 2035/641/1207 1778/646/1211 413/642/1204
f 394/2633/1208 1779/2620/1212 2036/2632/1213 1777/2645/1209
f 1779/2620/1212 395/2619/1214 1780/2631/1215 2036/2632/1213
f 2036/2632/1213 1780/2631/1215 415/2643/1216 1781/2644/1217
f 1777/2645/1209 2036/2632/1213 1781/2644/1217 414/2659/1210
f 395/2619/1214 1782/2630/1218 2037/2642/1219 1780/2631/1215
f 1782/2630/1218 396/2641/1220 1783/2655/1221 2037/2642/1219
f 2037/2642/1219 1783/2655/1221 416/2668/1222 1784/2656/1223
f 1780/2631/1215 2037/2642/1219 1784/2656/1223 415/2643/1216
f 396/2641/1220 1785/2654/1224 2038/2667/1225 1783/2655/1221
f 1785/2654/1224 397/2666/1226 1786/2681/1227 2038/2667/1225
f 2038/2667/1225 1786/2681/1227 417/2692/1228 1787/2682/1229
f 1783/2655/1221 2038/2667/1225 1787/2682/1229 416/2668/1222
f 397/2666/1226 1788/2680/1230 2039/2691/1231 1786/2681/1227
f 1788/2680/1230 398/2690/1232 1789/2699/1233 2039/2691/1231
f 2039/2691/1231 1789/2699/1233 418/2707/1234 1790/2700/1235
f 1786/2681/1227 2039/2691/1231 1790/2700/1235 417/2692/1228
f 398/2690/1232 1791/2698/1236 2040/2706/1237 1789/2699/1233
f 1791/2698/1236 399/2705/1238 1792/2712/1239 2040/2706/1237
f 2040/2706/1237 1792/2712/1239 419/2718/1240 1793/2713/1241
f 1789/2699/1233 2040/2706/1237 1793/2713/1241 418/2707/1234
f 399/2705/1238 1794/2710/1242 2041/2716/1243 1792/2712/1239
f 1794/2710/1242 400/2717/1244 1795/2721/1245 2041/2716/1243
f 2041/2716/1243 1795/2721/1245 420/2725/1246 1796/2722/1247
f 1792/2712/1239 2041/2716/1243 1796/2722/1247 419/2718/1240
f 400/446/1244 1797/440/1248 2042/445/1249 1795/450/1245
f 1797/440/1248 401/432/1250 1798/439/1251 2042/445/1249
f 2042/445/1249 1798/439/1251 421/444/1252 1799/449/1253
f 1795/2721/1245 2042/2728/1249 1799/2729/1253 420/2725/1246
f 401/432/1250 1800/425/1254 2043/431/1255 1798/439/1251
f 1800/425/1254 402/416/1256 1801/424/1257 2043/431/1255
f 2043/431/1255 1801/424/1257 422/430/1258 1802/438/1259
f 1798/439/1251 2043/431/1255 1802/438/1259 421/444/1252
f 402/416/1256 1803/406/1260 2044/415/1261 1801/424/1257
f 1803/406/1260 383/396/1143 1748/405/1146 2044/415/1261
f 2044/415/1261 1748/405/1146 403/414/1151 1804/423/1262
f 1801/424/1257 2044/415/1261 1804/423/1262 422/430/1258
f 403/414/1151 1747/413/1150 2045/421/1263 1807/422/1264
f 1747/1523/1150 404/1524/1149 1805/1514/1265 2045/1507/1263
f 2045/1507/1263 1805/1514/1265 424/1508/1266 1806/1503/1267
f 1807/1506/1264 2045/1507/1263 1806/1503/1267 423/1502/1268
f 404/1524/1149 1751/1536/1157 2046/1525/1269 1805/1514/1265
f 1751/2422/1157 405/2421/1156 1808/2435/1270 2046/2436/1269
f 2046/1525/1269 1808/1537/1270 425/1526/1271 1809/1515/1272
f 1805/1514/1265 2046/1525/1269 1809/1515/1272 424/1508/1266
f 405/2421/1156 1754/2434/1163 2047/2447/1273 1808/2435/1270
f 1754/2434/1163 406/2446/1162 1810/2458/1274 2047/2447/1273
f 2047/1550/1273 1810/1565/1274 426/1551/1275 1811/1538/1276
f 1808/1537/1270 2047/1550/1273 1811/1538/1276 425/1526/1271
f 406/2446/1162 1757/2457/1169 2048/2466/1277 1810/2458/1274
f 1757/2457/1169 407/2465/1168 1812/2473/1278 2048/2466/1277
f 2048/1584/1277 1812/1604/1278 427/1585/1279 1813/1566/1280
f 1810/1565/1274 2048/1584/1277 1813/1566/1280 426/1551/1275
f 407/2465/1168 1760/2472/1175 2049/2479/1281 1812/2473/1278
f 1760/2472/1175 408/2478/1174 1814/2484/1282 2049/2479/1281
f 2049/1626/1281 1814/1649/1282 428/1627/1283 1815/1605/1284
f 1812/1604/1278 2049/1626/1281 1815/1605/1284 427/1585/1279
f 408/2478/1174 1763/2483/1181 2050/2488/1285 1814/2484/1282
f 1763/2483/1181 409/2487/1180 1816/2491/1286 2050/2488/1285
f 2050/1674/1285 1816/1701/1286 429/1675/1287 1817/1650/1288
f 1814/1649/1282 2050/1674/1285 1817/1650/1288 428/1627/1283
f 409/2487/1180 1766/2490/1187 2051/2493/1289 1816/2491/1286
f 1766/1794/1187 410/1795/1186 1818/1761/1290 2051/1730/1289
f 2051/1730/1289 1818/1761/1290 430/1731/1291 1819/1702/1292
f 1816/1701/1286 2051/1730/1289 1819/1702/1292 429/1675/1287
f 410/1795/1186 1769/1830/1193 2052/1796/1293 1818/1761/1290
f 1769/617/1193 411/616/1192 1820/625/1294 2052/626/1293
f 2052/1796/1293 1820/1831/1294 431/1797/1295 1821/1762/1296
f 1818/1761/1290 2052/1796/1293 1821/1762/1296 430/1731/1291
f 411/616/1192 1772/624/1199 2053/632/1297 1820/625/1294
f 1772/624/1199 412/631/1198 1822/637/1298 2053/632/1297
f 2053/632/1297 1822/637/1298 432/644/1299 1823/638/1300
f 1820/625/1294 2053/632/1297 1823/638/1300 431/639/1295
f 412/631/1198 1775/636/1205 2054/643/1301 1822/637/1298
f 1775/636/1205 413/642/1204 1824/647/1302 2054/643/1301
f 2054/643/1301 1824/647/1302 433/650/1303 1825/648/1304
f 1822/637/1298 2054/643/1301 1825/648/1304 432/644/1299
f 413/642/1204 1778/646/1211 2055/649/1305 1824/647/1302
f 1778/2674/1211 414/2659/1210 1826/2672/1306 2055/2685/1305
f 2055/2002/1305 1826/1966/1306 434/1931/1307 1827/1968/1308
f 1824/2003/1302 2055/2002/1305 1827/1968/1308 433/1933/1303
f 414/2659/1210 1781/2644/1217 2056/2658/1309 1826/2672/1306
f 1781/2644/1217 415/2643/1216 1828/2657/1310 2056/2658/1309
f 2056/2658/1309 1828/2657/1310 435/2670/1311 1829/2671/1312
f 1826/1966/1306 2056/1967/1309 1829/1897/1312 434/1931/1307
f 415/2643/1216 1784/2656/1223 2057/2669/1313 1828/2657/1310
f 1784/2656/1223 416/2668/1222 1830/2683/1314 2057/2669/1313
f 2057/2669/1313 1830/2683/1314 436/2694/1315 1831/2684/1316
f 1828/2657/1310 2057/2669/1313 1831/2684/1316 435/2670/1311
f 416/2668/1222 1787/2682/1229 2058/2693/1317 1830/2683/1314
f 1787/2682/1229 417/2692/1228 1832/2701/1318 2058/2693/1317
f 2058/2693/1317 1832/2701/1318 437/2709/1319 1833/2702/1320
f 1830/2683/1314 2058/2693/1317 1833/2702/1320 436/2694/1315
f 417/2692/1228 1790/2700/1235 2059/2708/1321 1832/2701/1318
f 1790/2700/1235 418/2707/1234 1834/2714/1322 2059/2708/1321
f 2059/2708/1321 1834/2714/1322 438/2720/1323 1835/2715/1324
f 1832/2701/1318 2059/2708/1321 1835/2715/1324 437/2709/1319
f 418/2707/1234 1793/2713/1241 2060/2719/1325 1834/2714/1322
f 1793/2713/1241 419/2718/1240 1836/2723/1326 2060/2719/1325
f 2060/2719/1325 1836/2723/1326 439/2727/1327 1837/2724/1328
f 1834/2714/1322 2060/2719/1325 1837/2724/1328 438/2720/1323
f 419/2718/1240 1796/2722/1247 2061/2726/1329 1836/2723/1326
f 1796/2722/1247 420/2725/1246 1838/2730/1330 2061/2726/1329
f 2061/1623/1329 1838/1601/1330 440/1582/1331 1839/1602/1332
f 1836/2723/1326 2061/2726/1329 1839/2731/1332 439/2727/1327
f 420/2725/1246 1799/2729/1253 2062/2732/1333 1838/2730/1330
f 1799/449/1253 421/444/1252 1840/448/1334 2062/452/1333
f 2062/1580/1333 1840/1581/1334 441/1548/1335 1841/1563/1336
f 1838/1601/1330 2062/1580/1333 1841/1563/1336 440/1582/1331
f 421/444/1252 1802/438/1259 2063/443/1337 1840/448/1334
f 1802/438/1259 422/430/1258 1842/437/1338 2063/443/1337
f 2063/443/1337 1842/437/1338 442/442/1339 1843/447/1340
f 1840/448/1334 2063/443/1337 1843/447/1340 441/451/1335
f 422/430/1258 1804/423/1262 2064/429/1341 1842/437/1338
f 1804/423/1262 403/414/1151 1807/422/1264 2064/429/1341
f 2064/429/1341 1807/422/1264 423/435/1268 1844/436/1342
f 1842/437/1338 2064/429/1341 1844/436/1342 442/442/1339
f 423/1502/1268 1806/1503/1267 2065/1504/1343 867/1505/1344
f 1806/1503/1267 424/1508/1266 865/1509/1345 2065/1504/1343
f 2065/1504/1343 865/1509/1345 444/1517/1346 866/1510/1347
f 867/1505/1344 2065/1504/1343 866/1510/1347 443/1511/1348
f 424/1508/1266 1809/1515/1272 2066/1516/1349 865/1509/1345
f 1809/1515/1272 425/1526/1271 868/1527/1350 2066/1516/1349
f 2066/1516/1349 868/1527/1350 445/1540/1351 869/1528/1352
f 865/1509/1345 2066/1516/1349 869/1528/1352 444/1517/1346
f 425/1526/1271 1811/1538/1276 2067/1539/1353 868/1527/1350
f 1811/1538/1276 426/1551/1275 870/1552/1354 2067/1539/1353
f 2067/1539/1353 870/1552/1354 446/1568/1355 871/1553/1356
f 868/1527/1350 2067/1539/1353 871/1553/1356 445/1540/1351
f 426/1551/1275 1813/1566/1280 2068/1567/1357 870/1552/1354
f 1813/1566/1280 427/1585/1279 872/1586/1358 2068/1567/1357
f 2068/1567/1357 872/1586/1358 447/1607/1359 873/1587/1360
f 870/1552/1354 2068/1567/1357 873/1587/1360 446/1568/1355
f 427/1585/1279 1815/1605/1284 2069/1606/1361 872/1586/1358
f 1815/1605/1284 428/1627/1283 874/1628/1362 2069/1606/1361
f 2069/1606/1361 874/1628/1362 448/1652/1363 875/1629/1364
f 872/1586/1358 2069/1606/1361 875/1629/1364 447/1607/1359
f 428/1627/1283 1817/1650/1288 2070/1651/1365 874/1628/1362
f 1817/1650/1288 429/1675/1287 876/1676/1366 2070/1651/1365
f 2070/1651/1365 876/1676/1366 449/1704/1367 877/1677/1368
f 874/1628/1362 2070/1651/1365 877/1677/1368 448/1652/1363
f 429/1675/1287 1819/1702/1292 2071/1703/1369 876/1676/1366
f 1819/1702/1292 430/1731/1291 878/1732/1370 2071/1703/1369
f 2071/1703/1369 878/1732/1370 450/1764/1371 879/1733/1372
f 876/1676/1366 2071/1703/1369 879/1733/1372 449/1704/1367
f 430/1731/1291 1821/1762/1296 2072/1763/1373 878/1732/1370
f 1821/1762/1296 431/1797/1295 880/1798/1374 2072/1763/1373
f 2072/1763/1373 880/1798/1374 451/1834/1375 881/1799/1376
f 878/1732/1370 2072/1763/1373 881/1799/1376 450/1764/1371
f 431/1797/1295 1823/1832/1300 2073/1833/1377 880/1798/1374
f 1823/1832/1300 432/1865/1299 882/1866/1378 2073/1833/1377
f 2073/1833/1377 882/1866/1378 452/1901/1379 883/1867/1380
f 880/1798/1374 2073/1833/1377 883/1867/1380 451/1834/1375
f 432/1865/1299 1825/1899/1304 2074/1900/1381 882/1866/1378
f 1825/1899/1304 433/1933/1303 884/1934/1382 2074/1900/1381
f 2074/1900/1381 884/1934/1382 453/1970/1383 885/1935/1384
f 882/1866/1378 2074/1900/1381 885/1935/1384 452/1901/1379
f 433/1933/1303 1827/1968/1308 2075/1969/1385 884/1934/1382
f 1827/1968/1308 434/1931/1307 886/1932/1386 2075/1969/1385
f 2075/1969/1385 886/1932/1386 454/1965/1387 887/2001/1388
f 884/1934/1382 2075/1969/1385 887/2001/1388 453/1970/1383
f 434/1931/1307 1829/1897/1312 2076/1898/1389 886/1932/1386
f 1829/1897/1312 435/1863/1311 888/1864/1390 2076/1898/1389
f 2076/1898/1389 888/1864/1390 455/1896/1391 889/1930/1392
f 886/1932/1386 2076/1898/1389 889/1930/1392 454/1965/1387
f 435/1863/1311 1831/1828/1316 2077/1829/1393 888/1864/1390
f 1831/1828/1316 436/1792/1315 890/1793/1394 2077/1829/1393
f 2077/1829/1393 890/1793/1394 456/1827/1395 891/1862/1396
f 888/1864/1390 2077/1829/1393 891/1862/1396 455/1896/1391
f 436/1792/1315 1833/1759/1320 2078/1760/1397 890/1793/1394
f 1833/1759/1320 437/1728/1319 892/1729/1398 2078/1760/1397
f 2078/1760/1397 892/1729/1398 457/1758/1399 893/1791/1400
f 890/1793/1394 2078/1760/1397 893/1791/1400 456/1827/1395
f 437/1728/1319 1835/1699/1324 2079/1700/1401 892/1729/1398
f 1835/1699/1324 438/1672/1323 894/1673/1402 2079/1700/1401
f 2079/1700/1401 894/1673/1402 458/1698/1403 895/1727/1404
f 892/1729/1398 2079/1700/1401 895/1727/1404 457/1758/1399
f 438/1672/1323 1837/1647/1328 2080/1648/1405 894/1673/1402
f 1837/1647/1328 439/1624/1327 896/1625/1406 2080/1648/1405
f 2080/1648/1405 896/1625/1406 459/1646/1407 897/1671/1408
f 894/1673/1402 2080/1648/1405 897/1671/1408 458/1698/1403
f 439/1624/1327 1839/1602/1332 2081/1603/1409 896/1625/1406
f 1839/1602/1332 440/1582/1331 898/1583/1410 2081/1603/1409
f 2081/1603/1409 898/1583/1410 460/1600/1411 899/1622/1412
f 896/1625/1406 2081/1603/1409 899/1622/1412 459/1646/1407
f 440/1582/1331 1841/1563/1336 2082/1564/1413 898/1583/1410
f 1841/1563/1336 441/1548/1335 900/1549/1414 2082/1564/1413
f 2082/1564/1413 900/1549/1414 461/1562/1415 901/1579/1416
f 898/1583/1410 2082/1564/1413 901/1579/1416 460/1600/1411
f 441/1548/1335 1843/1534/1340 2083/1535/1417 900/1549/1414
f 1843/1534/1340 442/1521/1339 902/1522/1418 2083/1535/1417
f 2083/1535/1417 902/1522/1418 462/1533/1419 903/1547/1420
f 900/1549/1414 2083/1535/1417 903/1547/1420 461/1562/1415
f 442/1521/1339 1844/1512/1342 2084/1513/1421 902/1522/1418
f 1844/1512/1342 423/1502/1268 867/1505/1344 2084/1513/1421
f 2084/1513/1421 867/1505/1344 443/1511/1348 904/1520/1422
f 902/1522/1418 2084/1513/1421 904/1520/1422 462/1533/1419
f 443/1511/1348 866/1510/1347 2085/1518/1423 907/1519/1424
f 866/1510/1347 444/1517/1346 905/1529/1425 2085/1518/1423
f 2085/1518/1423 905/1529/1425 464/1542/1426 906/1530/1427
f 907/1519/1424 2085/1518/1423 906/1530/1427 463/1531/1428
f 444/1517/1346 869/1528/1352 2086/1541/1429 905/1529/1425
f 869/1528/1352 445/1540/1351 908/1554/1430 2086/1541/1429
f 2086/1541/1429 908/1554/1430 465/1570/1431 909/1555/1432
f 905/1529/1425 2086/1541/1429 909/1555/1432 464/1542/1426
f 445/1540/1351 871/1553/1356 2087/1569/1433 908/1554/1430
f 871/1553/1356 446/1568/1355 910/1588/1434 2087/1569/1433
f 2087/1569/1433 910/1588/1434 466/1609/1435 911/1589/1436
f 908/1554/1430 2087/1569/1433 911/1589/1436 465/1570/1431
f 446/1568/1355 873/1587/1360 2088/1608/1437 910/1588/1434
f 873/1587/1360 447/1607/1359 912/1630/1438 2088/1608/1437
f 2088/1608/1437 912/1630/1438 467/1654/1439 913/1631/1440
f 910/1588/1434 2088/1608/1437 913/1631/1440 466/1609/1435
f 447/1607/1359 875/1629/1364 2089/1653/1441 912/1630/1438
f 875/1629/1364 448/1652/1363 914/1678/1442 2089/1653/1441
f 2089/1653/1441 914/1678/1442 468/1706/1443 915/1679/1444
f 912/1630/1438 2089/1653/1441 915/1679/1444 467/1654/1439
f 448/1652/1363 877/1677/1368 2090/1705/1445 914/1678/1442
f 877/1677/1368 449/1704/1367 916/1734/1446 2090/1705/1445
f 2090/1705/1445 916/1734/1446 469/1766/1447 917/1735/1448
f 914/1678/1442 2090/1705/1445 917/1735/1448 468/1706/1443
f 449/1704/1367 879/1733/1372 2091/1765/1449 916/1734/1446
f 879/1733/1372 450/1764/1371 918/1800/1450 2091/1765/1449
f 2091/1765/1449 918/1800/1450 470/1836/1451 919/1801/1452
f 916/1734/1446 2091/1765/1449 919/1801/1452 469/1766/1447
f 450/1764/1371 881/1799/1376 2092/1835/1453 918/1800/1450
f 881/1799/1376 451/1834/1375 920/1868/1454 2092/1835/1453
f 2092/1835/1453 920/1868/1454 471/1903/1455 921/1869/1456
f 918/1800/1450 2092/1835/1453 921/1869/1456 470/1836/1451
f 451/1834/1375 883/1867/1380 2093/1902/1457 920/1868/1454
f 883/1867/1380 452/1901/1379 922/1936/1458 2093/1902/1457
f 2093/1902/1457 922/1936/1458 472/1972/1459 923/1937/1460
f 920/1868/1454 2093/1902/1457 923/1937/1460 471/1903/1455
f 452/1901/1379 885/1935/1384 2094/1971/1461 922/1936/1458
f 885/1935/1384 453/1970/1383 924/2004/1462 2094/1971/1461
f 2094/1971/1461 924/2004/1462 473/2034/1463 925/2005/1464
f 922/1936/1458 2094/1971/1461 925/2005/1464 472/1972/1459
f 453/1970/1383 887/2001/1388 2095/2033/1465 924/2004/1462
f 887/2001/1388 454/1965/1387 926/2000/1466 2095/2033/1465
f 2095/2033/1465 926/2000/1466 474/2032/1467 927/2062/1468
f 924/2004/1462 2095/2033/1465 927/2062/1468 473/2034/1463
f 454/1965/1387 889/1930/1392 2096/1964/1469 926/2000/1466
f 889/1930/1392 455/1896/1391 928/1929/1470 2096/1964/1469
f 2096/1964/1469 928/1929/1470 475/1963/1471 929/1999/1472
f 926/2000/1466 2096/1964/1469 929/1999/1472 474/2032/1467
f 455/1896/1391 891/1862/1396 2097/1895/1473 928/1929/1470
f 891/1862/1396 456/1827/1395 930/1861/1474 2097/1895/1473
f 2097/1895/1473 930/1861/1474 476/1894/1475 931/1928/1476
f 928/1929/1470 2097/1895/1473 931/1928/1476 475/1963/1471
f 456/1827/1395 893/1791/1400 2098/1826/1477 930/1861/1474
f 893/1791/1400 457/1758/1399 932/1790/1478 2098/1826/1477
f 2098/1826/1477 932/1790/1478 477/1825/1479 933/1860/1480
f 930/1861/1474 2098/1826/1477 933/1860/1480 476/1894/1475
f 457/1758/1399 895/1727/1404 2099/1757/1481 932/1790/1478
f 895/1727/1404 458/1698/1403 934/1726/1482 2099/1757/1481
f 2099/1757/1481 934/1726/1482 478/1756/1483 935/1789/1484
f 932/1790/1478 2099/1757/1481 935/1789/1484 477/1825/1479
f 458/1698/1403 897/1671/1408 2100/1697/1485 934/1726/1482
f 897/1671/1408 459/1646/1407 936/1670/1486 2100/1697/1485
f 2100/1697/1485 936/1670/1486 479/1696/1487 937/1725/1488
f 934/1726/1482 2100/1697/1485 937/1725/1488 478/1756/1483
f 459/1646/1407 899/1622/1412 2101/1645/1489 936/1670/1486
f 899/1622/1412 460/1600/1411 938/1621/1490 2101/1645/1489
f 2101/1645/1489 938/1621/1490 480/1644/1491 939/1669/1492
f 936/1670/1486 2101/1645/1489 939/1669/1492 479/1696/1487
f 460/1600/1411 901/1579/1416 2102/1599/1493 938/1621/1490
f 901/1579/1416 461/1562/1415 940/1578/1494 2102/1599/1493
f 2102/1599/1493 940/1578/1494 481/1598/1495 941/1620/1496
f 938/1621/1490 2102/1599/1493 941/1620/1496 480/1644/1491
f 461/1562/1415 903/1547/1420 2103/1561/1497 940/1578/1494
f 903/1547/1420 462/1533/1419 942/1546/1498 2103/1561/1497
f 2103/1561/1497 942/1546/1498 482/1560/1499 943/1577/1500
f 940/1578/1494 2103/1561/1497 943/1577/1500 481/1598/1495
f 462/1533/1419 904/1520/1422 2104/1532/1501 942/1546/1498
f 904/1520/1422 443/1511/1348 907/1519/1424 2104/1532/1501
f 2104/1532/1501 907/1519/1424 463/1531/1428 944/1545/1502
f 942/1546/1498 2104/1532/1501 944/1545/1502 482/1560/1499
f 463/1531/1428 906/1530/1427 2105/1543/1503 947/1544/1504
f 906/1530/1427 464/1542/1426 945/1556/1505 2105/1543/1503
f 2105/1543/1503 945/1556/1505 484/1572/1506 946/1557/1507
f 947/1544/1504 2105/1543/1503 946/1557/1507 483/1558/1508
f 464/1542/1426 909/1555/1432 2106/1571/1509 945/1556/1505
f 909/1555/1432 465/1570/1431 948/1590/1510 2106/1571/1509
f 2106/1571/1509 948/1590/1510 485/1611/1511 949/1591/1512
f 945/1556/1505 2106/1571/1509 949/1591/1512 484/1572/1506
f 465/1570/1431 911/1589/1436 2107/1610/1513 948/1590/1510
f 911/1589/1436 466/1609/1435 950/1632/1514 2107/1610/1513
f 2107/1610/1513 950/1632/1514 486/1656/1515 951/1633/1516
f 948/1590/1510 2107/1610/1513 951/1633/1516 485/1611/1511
f 466/1609/1435 913/1631/1440 2108/1655/1517 950/1632/1514
f 913/1631/1440 467/1654/1439 952/1680/1518 2108/1655/1517
f 2108/1655/1517 952/1680/1518 487/1708/1519 953/1681/1520
f 950/1632/1514 2108/1655/1517 953/1681/1520 486/1656/1515
f 467/1654/1439 915/1679/1444 2109/1707/1521 952/1680/1518
f 915/1679/1444 468/1706/1443 954/1736/1522 2109/1707/1521
f 2109/1707/1521 954/1736/1522 488/1768/1523 955/1737/1524
f 952/1680/1518 2109/1707/1521 955/1737/1524 487/1708/1519
f 468/1706/1443 917/1735/1448 2110/1767/1525 954/1736/1522
f 917/1735/1448 469/1766/1447 956/1802/1526 2110/1767/1525
f 2110/1767/1525 956/1802/1526 489/1838/1527 957/1803/1528
f 954/1736/1522 2110/1767/1525 957/1803/1528 488/1768/1523
f 469/1766/1447 919/1801/1452 2111/1837/1529 956/1802/1526
f 919/1801/1452 470/1836/1451 958/1870/1530 2111/1837/1529
f 2111/1837/1529 958/1870/1530 490/1905/1531 959/1871/1532
f 956/1802/1526 2111/1837/1529 959/1871/1532 489/1838/1527
f 470/1836/1451 921/1869/1456 2112/1904/1533 958/1870/1530
f 921/1869/1456 471/1903/1455 960/1938/1534 2112/1904/1533
f 2112/1904/1533 960/1938/1534 491/1974/1535 961/1939/1536
f 958/1870/1530 2112/1904/1533 961/1939/1536 490/1905/1531
f 471/1903/1455 923/1937/1460 2113/1973/1537 960/1938/1534
f 923/1937/1460 472/1972/1459 962/2006/1538 2113/1973/1537
f 2113/1973/1537 962/2006/1538 492/2036/1539 963/2007/1540
f 960/1938/1534 2113/1973/1537 963/2007/1540 491/1974/1535
f 472/1972/1459 925/2005/1464 2114/2035/1541 962/2006/1538
f 925/2005/1464 473/2034/1463 964/2063/1542 2114/2035/1541
f 2114/2035/1541 964/2063/1542 493/2091/1543 965/2064/1544
f 962/2006/1538 2114/2035/1541 965/2064/1544 492/2036/1539
f 473/2034/1463 927/2062/1468 2115/2090/1545 964/2063/1542
f 927/2062/1468 474/2032/1467 966/2061/1546 2115/2090/1545
f 2115/2090/1545 966/2061/1546 494/2089/1547 967/2116/1548
f 964/2063/1542 2115/2090/1545 967/2116/1548 493/2091/1543
f 474/2032/1467 929/1999/1472 2116/2031/1549 966/2061/1546
f 929/1999/1472 475/1963/1471 968/1998/1550 2116/2031/1549
f 2116/2031/1549 968/1998/1550 495/2030/1551 969/2060/1552
f 966/2061/1546 2116/2031/1549 969/2060/1552 494/2089/1547
f 475/1963/1471 931/1928/1476 2117/1962/1553 968/1998/1550
f 931/1928/1476 476/1894/1475 970/1927/1554 2117/1962/1553
f 2117/1962/1553 970/1927/1554 496/1961/1555 971/1997/1556
f 968/1998/1550 2117/1962/1553 971/1997/1556 495/2030/1551
f 476/1894/1475 933/1860/1480 2118/1893/1557 970/1927/1554
f 933/1860/1480 477/1825/1479 972/1859/1558 2118/1893/1557
f 2118/1893/1557 972/1859/1558 497/1892/1559 973/1926/1560
f 970/1927/1554 2118/1893/1557 973/1926/1560 496/1961/1555
f 477/1825/1479 935/1789/1484 2119/1824/1561 972/1859/1558
f 935/1789/1484 478/1756/1483 974/1788/1562 2119/1824/1561
f 2119/1824/1561 974/1788/1562 498/1823/1563 975/1858/1564
f 972/1859/1558 2119/1824/1561 975/1858/1564 497/1892/1559
f 478/1756/1483 937/1725/1488 2120/1755/1565 974/1788/1562
f 937/1725/1488 479/1696/1487 976/1724/1566 2120/1755/1565
f 2120/1755/1565 976/1724/1566 499/1754/1567 977/1787/1568
f 974/1788/1562 2120/1755/1565 977/1787/1568 498/1823/1563
f 479/1696/1487 939/1669/1492 2121/1695/1569 976/1724/1566
f 939/1669/1492 480/1644/1491 978/1668/1570 2121/1695/1569
f 2121/1695/1569 978/1668/1570 500/1694/1571 979/1723/1572
f 976/1724/1566 2121/1695/1569 979/1723/1572 499/1754/1567
f 480/1644/1491 941/1620/1496 2122/1643/1573 978/1668/1570
f 941/1620/1496 481/1598/1495 980/1619/1574 2122/1643/1573
f 2122/1643/1573 980/1619/1574 501/1642/1575 981/1667/1576
f 978/1668/1570 2122/1643/1573 981/1667/1576 500/1694/1571
f 481/1598/1495 943/1577/1500 2123/1597/1577 980/1619/1574
f 943/1577/1500 482/1560/1499 982/1576/1578 2123/1597/1577
f 2123/1597/1577 982/1576/1578 502/1596/1579 983/1618/1580
f 980/1619/1574 2123/1597/1577 983/1618/1580 501/1642/1575
f 482/1560/1499 944/1545/1502 2124/1559/1581 982/1576/1578
f 944/1545/1502 463/1531/1428 947/1544/1504 2124/1559/1581
f 2124/1559/1581 947/1544/1504 483/1558/1508 984/1575/1582
f 982/1576/1578 2124/1559/1581 984/1575/1582 502/1596/1579
f 483/1558/1508 946/1557/1507 2125/1573/1583 987/1574/1584
f 946/1557/1507 484/1572/1506 985/1592/1585 2125/1573/1583
f 2125/1573/1583 985/1592/1585 504/1613/1586 986/1593/1587
f 987/1574/1584 2125/1573/1583 986/1593/1587 503/1594/1588
f 484/1572/1506 949/1591/1512 2126/1612/1589 985/1592/1585
f 949/1591/1512 485/1611/1511 988/1634/1590 2126/1612/1589
f 2126/1612/1589 988/1634/1590 505/1658/1591 989/1635/1592
f 985/1592/1585 2126/1612/1589 989/1635/1592 504/1613/1586
f 485/1611/1511 951/1633/1516 2127/1657/1593 988/1634/1590
f 951/1633/1516 486/1656/1515 990/1682/1594 2127/1657/1593
f 2127/1657/1593 990/1682/1594 506/1710/1595 991/1683/1596
f 988/1634/1590 2127/1657/1593 991/1683/1596 505/1658/1591
f 486/1656/1515 953/1681/1520 2128/1709/1597 990/1682/1594
f 953/1681/1520 487/1708/1519 992/1738/1598 2128/1709/1597
f 2128/1709/1597 992/1738/1598 507/1770/1599 993/1739/1600
f 990/1682/1594 2128/1709/1597 993/1739/1600 506/1710/1595
f 487/1708/1519 955/1737/1524 2129/1769/1601 992/1738/1598
f 955/1737/1524 488/1768/1523 994/1804/1602 2129/1769/1601
f 2129/1769/1601 994/1804/1602 508/1840/1603 995/1805/1604
f 992/1738/1598 2129/1769/1601 995/1805/1604 507/1770/1599
f 488/1768/1523 957/1803/1528 2130/1839/1605 994/1804/1602
f 957/1803/1528 489/1838/1527 996/1872/1606 2130/1839/1605
f 2130/1839/1605 996/1872/1606 509/1907/1607 997/1873/1608
f 994/1804/1602 2130/1839/1605 997/1873/1608 508/1840/1603
f 489/1838/1527 959/1871/1532 2131/1906/1609 996/1872/1606
f 959/1871/1532 490/1905/1531 998/1940/1610 2131/1906/1609
f 2131/1906/1609 998/1940/1610 510/1976/1611 999/1941/1612
f 996/1872/1606 2131/1906/1609 999/1941/1612 509/1907/1607
f 490/1905/1531 961/1939/1536 2132/1975/1613 998/1940/1610
f 961/1939/1536 491/1974/1535 1000/2008/1614 2132/1975/1613
f 2132/1975/1613 1000/2008/1614 511/2038/1615 1001/2009/1616
f 998/1940/1610 2132/1975/1613 1001/2009/1616 510/1976/1611
f 491/1974/1535 963/2007/1540 2133/2037/1617 1000/2008/1614
f 963/2007/1540 492/2036/1539 1002/2065/1618 2133/2037/1617
f 2133/2037/1617 1002/2065/1618 512/2093/1619 1003/2066/1620
f 1000/2008/1614 2133/2037/1617 1003/2066/1620 511/2038/1615
f 492/2036/1539 965/2064/1544 2134/2092/1621 1002/2065/1618
f 965/2064/1544 493/2091/1543 1004/2117/1622 2134/2092/1621
f 2134/2092/1621 1004/2117/1622 513/2139/1623 1005/2118/1624
f 1002/2065/1618 2134/2092/1621 1005/2118/1624 512/2093/1619
f 493/2091/1543 967/2116/1548 2135/2138/1625 1004/2117/1622
f 967/2116/1548 494/2089/1547 1006/2115/1626 2135/2138/1625
f 2135/2138/1625 1006/2115/1626 514/2137/1627 1007/2155/1628
f 1004/2117/1622 2135/2138/1625 1007/2155/1628 513/2139/1623
f 494/2089/1547 969/2060/1552 2136/2088/1629 1006/2115/1626
f 969/2060/1552 495/2030/1551 1008/2059/1630 2136/2088/1629
f 2136/2088/1629 1008/2059/1630 515/2087/1631 1009/2114/1632
f 1006/2115/1626 2136/2088/1629 1009/2114/1632 514/2137/1627
f 495/2030/1551 971/1997/1556 2137/2029/1633 1008/2059/1630
f 971/1997/1556 496/1961/1555 1010/1996/1634 2137/2029/1633
f 2137/2029/1633 1010/1996/1634 516/2028/1635 1011/2058/1636
f 1008/2059/1630 2137/2029/1633 1011/2058/1636 515/2087/1631
f 496/1961/1555 973/1926/1560 2138/1960/1637 1010/1996/1634
f 973/1926/1560 497/1892/1559 1012/1925/1638 2138/1960/1637
f 2138/1960/1637 1012/1925/1638 517/1959/1639 1013/1995/1640
f 1010/1996/1634 2138/1960/1637 1013/1995/1640 516/2028/1635
f 497/1892/1559 975/1858/1564 2139/1891/1641 1012/1925/1638
f 975/1858/1564 498/1823/1563 1014/1857/1642 2139/1891/1641
f 2139/1891/1641 1014/1857/1642 518/1890/1643 1015/1924/1644
f 1012/1925/1638 2139/1891/1641 1015/1924/1644 517/1959/1639
f 498/1823/1563 977/1787/1568 2140/1822/1645 1014/1857/1642
f 977/1787/1568 499/1754/1567 1016/1786/1646 2140/1822/1645
f 2140/1822/1645 1016/1786/1646 519/1821/1647 1017/1856/1648
f 1014/1857/1642 2140/1822/1645 1017/1856/1648 518/1890/1643
f 499/1754/1567 979/1723/1572 2141/1753/1649 1016/1786/1646
f 979/1723/1572 500/1694/1571 1018/1722/1650 2141/1753/1649
f 2141/1753/1649 1018/1722/1650 520/1752/1651 1019/1785/1652
f 1016/1786/1646 2141/1753/1649 1019/1785/1652 519/1821/1647
f 500/1694/1571 981/1667/1576 2142/1693/1653 1018/1722/1650
f 981/1667/1576 501/1642/1575 1020/1666/1654 2142/1693/1653
f 2142/1693/1653 1020/1666/1654 521/1692/1655 1021/1721/1656
f 1018/1722/1650 2142/1693/1653 1021/1721/1656 520/1752/1651
f 501/1642/1575 983/1618/1580 2143/1641/1657 1020/1666/1654
f 983/1618/1580 502/1596/1579 1022/1617/1658 2143/1641/1657
f 2143/1641/1657 1022/1617/1658 522/1640/1659 1023/1665/1660
f 1020/1666/1654 2143/1641/1657 1023/1665/1660 521/1692/1655
f 502/1596/1579 984/1575/1582 2144/1595/1661 1022/1617/1658
f 984/1575/1582 483/1558/1508 987/1574/1584 2144/1595/1661
f 2144/1595/1661 987/1574/1584 503/1594/1588 1024/1616/1662
f 1022/1617/1658 2144/1595/1661 1024/1616/1662 522/1640/1659
f 503/1594/1588 986/1593/1587 2145/1614/1663 1027/1615/1664
f 986/1593/1587 504/1613/1586 1025/1636/1665 2145/1614/1663
f 2145/1614/1663 1025/1636/1665 524/1660/1666 1026/1637/1667
f 1027/1615/1664 2145/1614/1663 1026/1637/1667 523/1638/1668
f 504/1613/1586 989/1635/1592 2146/1659/1669 1025/1636/1665
f 989/1635/1592 505/1658/1591 1028/1684/1670 2146/1659/1669
f 2146/1659/1669 1028/1684/1670 525/1712/1671 1029/1685/1672
f 1025/1636/1665 2146/1659/1669 1029/1685/1672 524/1660/1666
f 505/1658/1591 991/1683/1596 2147/1711/1673 1028/1684/1670
f 991/1683/1596 506/1710/1595 1030/1740/1674 2147/1711/1673
f 2147/1711/1673 1030/1740/1674 526/1772/1675 1031/1741/1676
f 1028/1684/1670 2147/1711/1673 1031/1741/1676 525/1712/1671
f 506/1710/1595 993/1739/1600 2148/1771/1677 1030/1740/1674
f 993/1739/1600 507/1770/1599 1032/1806/1678 2148/1771/1677
f 2148/1771/1677 1032/1806/1678 527/1842/1679 1033/1807/1680
f 1030/1740/1674 2148/1771/1677 1033/1807/1680 526/1772/1675
f 507/1770/1599 995/1805/1604 2149/1841/1681 1032/1806/1678
f 995/1805/1604 508/1840/1603 1034/1874/1682 2149/1841/1681
f 2149/1841/1681 1034/1874/1682 528/1909/1683 1035/1875/1684
f 1032/1806/1678 2149/1841/1681 1035/1875/1684 527/1842/1679
f 508/1840/1603 997/1873/1608 2150/1908/1685 1034/1874/1682
f 997/1873/1608 509/1907/1607 1036/1942/1686 2150/1908/1685
f 2150/1908/1685 1036/1942/1686 529/1978/1687 1037/1943/1688
f 1034/1874/1682 2150/1908/1685 1037/1943/1688 528/1909/1683
f 509/1907/1607 999/1941/1612 2151/1977/1689 1036/1942/1686
f 999/1941/1612 510/1976/1611 1038/2010/1690 2151/1977/1689
f 2151/1977/1689 1038/2010/1690 530/2040/1691 1039/2011/1692
f 1036/1942/1686 2151/1977/1689 1039/2011/1692 529/1978/1687
f 510/1976/1611 1001/2009/1616 2152/2039/1693 1038/2010/1690
f 1001/2009/1616 511/2038/1615 1040/2067/1694 2152/2039/1693
f 2152/2039/1693 1040/2067/1694 531/2095/1695 1041/2068/1696
f 1038/2010/1690 2152/2039/1693 1041/2068/1696 530/2040/1691
f 511/2038/1615 1003/2066/1620 2153/2094/1697 1040/2067/1694
f 1003/2066/1620 512/2093/1619 1042/2119/1698 2153/2094/1697
f 2153/2094/1697 1042/2119/1698 532/2141/1699 1043/2120/1700
f 1040/2067/1694 2153/2094/1697 1043/2120/1700 531/2095/1695
f 512/2093/1619 1005/2118/1624 2154/2140/1701 1042/2119/1698
f 1005/2118/1624 513/2139/1623 1044/2156/1702 2154/2140/1701
f 2154/2140/1701 1044/2156/1702 533/2167/1703 1045/2157/1704
f 1042/2119/1698 2154/2140/1701 1045/2157/1704 532/2141/1699
f 513/2139/1623 1007/2155/1628 2155/2166/1705 1044/2156/1702
f 1007/2155/1628 514/2137/1627 1046/2154/1706 2155/2166/1705
f 2155/2166/1705 1046/2154/1706 534/2165/1707 1047/2172/1708
f 1044/2156/1702 2155/2166/1705 1047/2172/1708 533/2167/1703
f 514/2137/1627 1009/2114/1632 2156/2136/1709 1046/2154/1706
f 1009/2114/1632 515/2087/1631 1048/2113/1710 2156/2136/1709
f 2156/2136/1709 1048/2113/1710 535/2135/1711 1049/2153/1712
f 1046/2154/1706 2156/2136/1709 1049/2153/1712 534/2165/1707
f 515/2087/1631 1011/2058/1636 2157/2086/1713 1048/2113/1710
f 1011/2058/1636 516/2028/1635 1050/2057/1714 2157/2086/1713
f 2157/2086/1713 1050/2057/1714 536/2085/1715 1051/2112/1716
f 1048/2113/1710 2157/2086/1713 1051/2112/1716 535/2135/1711
f 516/2028/1635 1013/1995/1640 2158/2027/1717 1050/2057/1714
f 1013/1995/1640 517/1959/1639 1052/1994/1718 2158/2027/1717
f 2158/2027/1717 1052/1994/1718 537/2026/1719 1053/2056/1720
f 1050/2057/1714 2158/2027/1717 1053/2056/1720 536/2085/1715
f 517/1959/1639 1015/1924/1644 2159/1958/1721 1052/1994/1718
f 1015/1924/1644 518/1890/1643 1054/1923/1722 2159/1958/1721
f 2159/1958/1721 1054/1923/1722 538/1957/1723 1055/1993/1724
f 1052/1994/1718 2159/1958/1721 1055/1993/1724 537/2026/1719
f 518/1890/1643 1017/1856/1648 2160/1889/1725 1054/1923/1722
f 1017/1856/1648 519/1821/1647 1056/1855/1726 2160/1889/1725
f 2160/1889/1725 1056/1855/1726 539/1888/1727 1057/1922/1728
f 1054/1923/1722 2160/1889/1725 1057/1922/1728 538/1957/1723
f 519/1821/1647 1019/1785/1652 2161/1820/1729 1056/1855/1726
f 1019/1785/1652 520/1752/1651 1058/1784/1730 2161/1820/1729
f 2161/1820/1729 1058/1784/1730 540/1819/1731 1059/1854/1732
f 1056/1855/1726 2161/1820/1729 1059/1854/1732 539/1888/1727
f 520/1752/1651 1021/1721/1656 2162/1751/1733 1058/1784/1730
f 1021/1721/1656 521/1692/1655 1060/1720/1734 2162/1751/1733
f 2162/1751/1733 1060/1720/1734 541/1750/1735 1061/1783/1736
f 1058/1784/1730 2162/1751/1733 1061/1783/1736 540/1819/1731
f 521/1692/1655 1023/1665/1660 2163/1691/1737 1060/1720/1734
f 1023/1665/1660 522/1640/1659 1062/1664/1738 2163/1691/1737
f 2163/1691/1737 1062/1664/1738 542/1690/1739 1063/1719/1740
f 1060/1720/1734 2163/1691/1737 1063/1719/1740 541/1750/1735
f 522/1640/1659 1024/1616/1662 2164/1639/1741 1062/1664/1738
f 1024/1616/1662 503/1594/1588 1027/1615/1664 2164/1639/1741
f 2164/1639/1741 1027/1615/1664 523/1638/1668 1064/1663/1742
f 1062/1664/1738 2164/1639/1741 1064/1663/1742 542/1690/1739
f 523/1638/1668 1026/1637/1667 2165/1661/1743 1067/1662/1744
f 1026/1637/1667 524/1660/1666 1065/1686/1745 2165/1661/1743
f 2165/1661/1743 1065/1686/1745 544/1714/1746 1066/1687/1747
f 1067/1662/1744 2165/1661/1743 1066/1687/1747 543/1688/1748
f 524/1660/1666 1029/1685/1672 2166/1713/1749 1065/1686/1745
f 1029/1685/1672 525/1712/1671 1068/1742/1750 2166/1713/1749
f 2166/1713/1749 1068/1742/1750 545/1774/1751 1069/1743/1752
f 1065/1686/1745 2166/1713/1749 1069/1743/1752 544/1714/1746
f 525/1712/1671 1031/1741/1676 2167/1773/1753 1068/1742/1750
f 1031/1741/1676 526/1772/1675 1070/1808/1754 2167/1773/1753
f 2167/1773/1753 1070/1808/1754 546/1844/1755 1071/1809/1756
f 1068/1742/1750 2167/1773/1753 1071/1809/1756 545/1774/1751
f 526/1772/1675 1033/1807/1680 2168/1843/1757 1070/1808/1754
f 1033/1807/1680 527/1842/1679 1072/1876/1758 2168/1843/1757
f 2168/1843/1757 1072/1876/1758 547/1911/1759 1073/1877/1760
f 1070/1808/1754 2168/1843/1757 1073/1877/1760 546/1844/1755
f 527/1842/1679 1035/1875/1684 2169/1910/1761 1072/1876/1758
f 1035/1875/1684 528/1909/1683 1074/1944/1762 2169/1910/1761
f 2169/1910/1761 1074/1944/1762 548/1980/1763 1075/1945/1764
f 1072/1876/1758 2169/1910/1761 1075/1945/1764 547/1911/1759
f 528/1909/1683 1037/1943/1688 2170/1979/1765 1074/1944/1762
f 1037/1943/1688 529/1978/1687 1076/2012/1766 2170/1979/1765
f 2170/1979/1765 1076/2012/1766 549/2042/1767 1077/2013/1768
f 1074/1944/1762 2170/1979/1765 1077/2013/1768 548/1980/1763
f 529/1978/1687 1039/2011/1692 2171/2041/1769 1076/2012/1766
f 1039/2011/1692 530/2040/1691 1078/2069/1770 2171/2041/1769
f 2171/2041/1769 1078/2069/1770 550/2097/1771 1079/2070/1772
f 1076/2012/1766 2171/2041/1769 1079/2070/1772 549/2042/1767
f 530/2040/1691 1041/2068/1696 2172/2096/1773 1078/2069/1770
f 1041/2068/1696 531/2095/1695 1080/2121/1774 2172/2096/1773
f 2172/2096/1773 1080/2121/1774 551/2130/1775 1081/2122/1776
f 1078/2069/1770 2172/2096/1773 1081/2122/1776 550/2097/1771
f 531/2095/1695 1043/2120/1700 2173/2142/1777 1080/2121/1774
f 1043/2120/1700 532/2141/1699 1082/2158/1778 2173/2142/1777
f 2173/2142/1777 1082/2158/1778 552/2150/1779 1083/2148/1780
f 1080/2121/1774 2173/2142/1777 1083/2148/1780 551/2130/1775
f 532/2141/1699 1045/2157/1704 2174/2168/1781 1082/2158/1778
f 1045/2157/1704 533/2167/1703 1084/2171/1782 2174/2168/1781
f 2174/2168/1781 1084/2171/1782 553/2163/1783 1085/2162/1784
f 1082/2158/1778 2174/2168/1781 1085/2162/1784 552/2150/1779
f 533/2167/1703 1047/2172/1708 2175/2173/1785 1084/2171/1782
f 1047/2172/1708 534/2165/1707 1086/2170/1786 2175/2173/1785
f 2175/2173/1785 1086/2170/1786 554/2160/1787 1087/2169/1788
f 1084/2171/1782 2175/2173/1785 1087/2169/1788 553/2163/1783
f 534/2165/1707 1049/2153/1712 2176/2164/1789 1086/2170/1786
f 1049/2153/1712 535/2135/1711 1088/2152/1790 2176/2164/1789
f 2176/2164/1789 1088/2152/1790 555/2146/1791 1089/2161/1792
f 1086/2170/1786 2176/2164/1789 1089/2161/1792 554/2160/1787
f 535/2135/1711 1051/2112/1716 2177/2134/1793 1088/2152/1790
f 1051/2112/1716 536/2085/1715 1090/2111/1794 2177/2134/1793
f 2177/2134/1793 1090/2111/1794 556/2128/1795 1091/2147/1796
f 1088/2152/1790 2177/2134/1793 1091/2147/1796 555/2146/1791
f 536/2085/1715 1053/2056/1720 2178/2084/1797 1090/2111/1794
f 1053/2056/1720 537/2026/1719 1092/2055/1798 2178/2084/1797
f 2178/2084/1797 1092/2055/1798 557/2083/1799 1093/2110/1800
f 1090/2111/1794 2178/2084/1797 1093/2110/1800 556/2128/1795
f 537/2026/1719 1055/1993/1724 2179/2025/1801 1092/2055/1798
f 1055/1993/1724 538/1957/1723 1094/1992/1802 2179/2025/1801
f 2179/2025/1801 1094/1992/1802 558/2024/1803 1095/2054/1804
f 1092/2055/1798 2179/2025/1801 1095/2054/1804 557/2083/1799
f 538/1957/1723 1057/1922/1728 2180/1956/1805 1094/1992/1802
f 1057/1922/1728 539/1888/1727 1096/1921/1806 2180/1956/1805
f 2180/1956/1805 1096/1921/1806 559/1955/1807 1097/1991/1808
f 1094/1992/1802 2180/1956/1805 1097/1991/1808 558/2024/1803
f 539/1888/1727 1059/1854/1732 2181/1887/1809 1096/1921/1806
f 1059/1854/1732 540/1819/1731 1098/1853/1810 2181/1887/1809
f 2181/1887/1809 1098/1853/1810 560/1886/1811 1099/1920/1812
f 1096/1921/1806 2181/1887/1809 1099/1920/1812 559/1955/1807
f 540/1819/1731 1061/1783/1736 2182/1818/1813 1098/1853/1810
f 1061/1783/1736 541/1750/1735 1100/1782/1814 2182/1818/1813
f 2182/1818/1813 1100/1782/1814 561/1817/1815 1101/1852/1816
f 1098/1853/1810 2182/1818/1813 1101/1852/1816 560/1886/1811
f 541/1750/1735 1063/1719/1740 2183/1749/1817 1100/1782/1814
f 1063/1719/1740 542/1690/1739 1102/1718/1818 2183/1749/1817
f 2183/1749/1817 1102/1718/1818 562/1748/1819 1103/1781/1820
f 1100/1782/1814 2183/1749/1817 1103/1781/1820 561/1817/1815
f 542/1690/1739 1064/1663/1742 2184/1689/1821 1102/1718/1818
f 1064/1663/1742 523/1638/1668 1067/1662/1744 2184/1689/1821
f 2184/1689/1821 1067/1662/1744 543/1688/1748 1104/1717/1822
f 1102/1718/1818 2184/1689/1821 1104/1717/1822 562/1748/1819
f 543/1688/1748 1066/1687/1747 2185/1715/1823 1107/1716/1824
f 1066/1687/1747 544/1714/1746 1105/1744/1825 2185/1715/1823
f 2185/1715/1823 1105/1744/1825 564/1776/1826 1106/1745/1827
f 1107/1716/1824 2185/1715/1823 1106/1745/1827 563/1746/1828
f 544/1714/1746 1069/1743/1752 2186/1775/1829 1105/1744/1825
f 1069/1743/1752 545/1774/1751 1108/1810/1830 2186/1775/1829
f 2186/1775/1829 1108/1810/1830 565/1846/1831 1109/1811/1832
f 1105/1744/1825 2186/1775/1829 1109/1811/1832 564/1776/1826
f 545/1774/1751 1071/1809/1756 2187/1845/1833 1108/1810/1830
f 1071/1809/1756 546/1844/1755 1110/1878/1834 2187/1845/1833
f 2187/1845/1833 1110/1878/1834 566/1913/1835 1111/1879/1836
f 1108/1810/1830 2187/1845/1833 1111/1879/1836 565/1846/1831
f 546/1844/1755 1073/1877/1760 2188/1912/1837 1110/1878/1834
f 1073/1877/1760 547/1911/1759 1112/1946/1838 2188/1912/1837
f 2188/1912/1837 1112/1946/1838 567/1951/1839 1113/1947/1840
f 1110/1878/1834 2188/1912/1837 1113/1947/1840 566/1913/1835
f 547/1911/1759 1075/1945/1764 2189/1981/1841 1112/1946/1838
f 1075/1945/1764 548/1980/1763 1114/2014/1842 2189/1981/1841
f 2189/1981/1841 1114/2014/1842 568/1987/1843 1115/1986/1844
f 1112/1946/1838 2189/1981/1841 1115/1986/1844 567/1951/1839
f 548/1980/1763 1077/2013/1768 2190/2043/1845 1114/2014/1842
f 1077/2013/1768 549/2042/1767 1116/2050/1846 2190/2043/1845
f 2190/2043/1845 1116/2050/1846 569/2020/1847 1117/2019/1848
f 1114/2014/1842 2190/2043/1845 1117/2019/1848 568/1987/1843
f 549/2042/1767 1079/2070/1772 2191/2077/1849 1116/2050/1846
f 1079/2070/1772 550/2097/1771 1118/2079/1850 2191/2077/1849
f 2191/2077/1849 1118/2079/1850 570/2051/1851 1119/2049/1852
f 1116/2050/1846 2191/2077/1849 1119/2049/1852 569/2020/1847
f 550/2097/1771 1081/2122/1776 2192/2104/1853 1118/2079/1850
f 1081/2122/1776 551/2130/1775 1120/2106/1854 2192/2104/1853
f 2192/2104/1853 1120/2106/1854 571/2080/1855 1121/2078/1856
f 1118/2079/1850 2192/2104/1853 1121/2078/1856 570/2051/1851
f 551/2130/1775 1083/2148/1780 2193/2129/1857 1120/2106/1854
f 1083/2148/1780 552/2150/1779 1122/2132/1858 2193/2129/1857
f 2193/2129/1857 1122/2132/1858 572/2107/1859 1123/2105/1860
f 1120/2106/1854 2193/2129/1857 1123/2105/1860 571/2080/1855
f 552/2150/1779 1085/2162/1784 2194/2149/1861 1122/2132/1858
f 1085/2162/1784 553/2163/1783 1124/2151/1862 2194/2149/1861
f 2194/2149/1861 1124/2151/1862 573/2133/1863 1125/2131/1864
f 1122/2132/1858 2194/2149/1861 1125/2131/1864 572/2107/1859
f 553/2163/1783 1087/2169/1788 2195/2159/1865 1124/2151/1862
f 1087/2169/1788 554/2160/1787 1126/2144/1866 2195/2159/1865
f 2195/2159/1865 1126/2144/1866 574/2124/1867 1127/2143/1868
f 1124/2151/1862 2195/2159/1865 1127/2143/1868 573/2133/1863
f 554/2160/1787 1089/2161/1792 2196/2145/1869 1126/2144/1866
f 1089/2161/1792 555/2146/1791 1128/2126/1870 2196/2145/1869
f 2196/2145/1869 1128/2126/1870 575/2100/1871 1129/2125/1872
f 1126/2144/1866 2196/2145/1869 1129/2125/1872 574/2124/1867
f 555/2146/1791 1091/2147/1796 2197/2127/1873 1128/2126/1870
f 1091/2147/1796 556/2128/1795 1130/2102/1874 2197/2127/1873
f 2197/2127/1873 1130/2102/1874 576/2073/1875 1131/2101/1876
f 1128/2126/1870 2197/2127/1873 1131/2101/1876 575/2100/1871
f 556/2128/1795 1093/2110/1800 2198/2103/1877 1130/2102/1874
f 1093/2110/1800 557/2083/1799 1132/2075/1878 2198/2103/1877
f 2198/2103/1877 1132/2075/1878 577/2046/1879 1133/2074/1880
f 1130/2102/1874 2198/2103/1877 1133/2074/1880 576/2073/1875
f 557/2083/1799 1095/2054/1804 2199/2076/1881 1132/2075/1878
f 1095/2054/1804 558/2024/1803 1134/2048/1882 2199/2076/1881
f 2199/2076/1881 1134/2048/1882 578/2017/1883 1135/2047/1884
f 1132/2075/1878 2199/2076/1881 1135/2047/1884 577/2046/1879
f 558/2024/1803 1097/1991/1808 2200/2023/1885 1134/2048/1882
f 1097/1991/1808 559/1955/1807 1136/1990/1886 2200/2023/1885
f 2200/2023/1885 1136/1990/1886 579/1984/1887 1137/2018/1888
f 1134/2048/1882 2200/2023/1885 1137/2018/1888 578/2017/1883
f 559/1955/1807 1099/1920/1812 2201/1954/1889 1136/1990/1886
f 1099/1920/1812 560/1886/1811 1138/1919/1890 2201/1954/1889
f 2201/1954/1889 1138/1919/1890 580/1950/1891 1139/1985/1892
f 1136/1990/1886 2201/1954/1889 1139/1985/1892 579/1984/1887
f 560/1886/1811 1101/1852/1816 2202/1885/1893 1138/1919/1890
f 1101/1852/1816 561/1817/1815 1140/1851/1894 2202/1885/1893
f 2202/1885/1893 1140/1851/1894 581/1884/1895 1141/1918/1896
f 1138/1919/1890 2202/1885/1893 1141/1918/1896 580/1950/1891
f 561/1817/1815 1103/1781/1820 2203/1816/1897 1140/1851/1894
f 1103/1781/1820 562/1748/1819 1142/1780/1898 2203/1816/1897
f 2203/1816/1897 1142/1780/1898 582/1815/1899 1143/1850/1900
f 1140/1851/1894 2203/1816/1897 1143/1850/1900 581/1884/1895
f 562/1748/1819 1104/1717/1822 2204/1747/1901 1142/1780/1898
f 1104/1717/1822 543/1688/1748 1107/1716/1824 2204/1747/1901
f 2204/1747/1901 1107/1716/1824 563/1746/1828 1144/1779/1902
f 1142/1780/1898 2204/1747/1901 1144/1779/1902 582/1815/1899
f 585/889/387 1365/884/384 2205/888/1903 1146/897/1904
f 584/883/383 1145/887/1905 2205/888/1903 1365/884/384
f 784/896/1906 1146/897/1904 2205/888/1903 1145/887/1905
f 588/909/394 1369/898/392 2206/908/1907 1147/907/1908
f 585/889/387 1146/897/1904 2206/908/1907 1369/898/392
f 784/896/1906 1147/907/1908 2206/908/1907 1146/897/1904
f 590/939/400 1372/923/398 2207/922/1909 1148/921/1910
f 588/909/394 1147/907/1908 2207/922/1909 1372/923/398
f 784/896/1906 1148/921/1910 2207/922/1909 1147/907/1908
f 592/958/406 1375/959/404 2208/938/1911 1149/937/1912
f 590/939/400 1148/921/1910 2208/938/1911 1375/959/404
f 784/896/1906 1149/937/1912 2208/938/1911 1148/921/1910
f 594/980/412 1378/981/410 2209/957/1913 1150/956/1914
f 592/958/406 1149/937/1912 2209/957/1913 1378/981/410
f 784/896/1906 1150/956/1914 2209/957/1913 1149/937/1912
f 596/1005/418 1381/1006/416 2210/979/1915 1151/978/1916
f 594/980/412 1150/956/1914 2210/979/1915 1381/1006/416
f 784/896/1906 1151/978/1916 2210/979/1915 1150/956/1914
f 598/1034/424 1384/1035/422 2211/1004/1917 1152/1003/1918
f 596/1005/418 1151/978/1916 2211/1004/1917 1384/1035/422
f 784/896/1906 1152/1003/1918 2211/1004/1917 1151/978/1916
f 600/1067/430 1387/1068/428 2212/1033/1919 1153/1032/1920
f 598/1034/424 1152/1003/1918 2212/1033/1919 1387/1068/428
f 784/896/1906 1153/1032/1920 2212/1033/1919 1152/1003/1918
f 602/1104/436 1390/1105/434 2213/1066/1921 1154/1065/1922
f 600/1067/430 1153/1032/1920 2213/1066/1921 1390/1105/434
f 784/896/1906 1154/1065/1922 2213/1066/1921 1153/1032/1920
f 604/1142/442 1393/1143/440 2214/1103/1923 1155/1102/1924
f 602/1104/436 1154/1065/1922 2214/1103/1923 1393/1143/440
f 784/896/1906 1155/1102/1924 2214/1103/1923 1154/1065/1922
f 606/1140/448 1396/1177/446 2215/1141/1925 1156/1101/1926
f 604/1142/442 1155/1102/1924 2215/1141/1925 1396/1177/446
f 784/896/1906 1156/1101/1926 2215/1141/1925 1155/1102/1924
f 608/1099/454 1399/1138/452 2216/1100/1927 1157/1064/1928
f 606/1140/448 1156/1101/1926 2216/1100/1927 1399/1138/452
f 784/896/1906 1157/1064/1928 2216/1100/1927 1156/1101/1926
f 610/1062/460 1402/1097/458 2217/1063/1929 1158/1031/1930
f 608/1099/454 1157/1064/1928 2217/1063/1929 1402/1097/458
f 784/896/1906 1158/1031/1930 2217/1063/1929 1157/1064/1928
f 612/1029/466 1405/1060/464 2218/1030/1931 1159/1002/1932
f 610/1062/460 1158/1031/1930 2218/1030/1931 1405/1060/464
f 784/896/1906 1159/1002/1932 2218/1030/1931 1158/1031/1930
f 614/1000/472 1408/1027/470 2219/1001/1933 1160/977/1934
f 612/1029/466 1159/1002/1932 2219/1001/1933 1408/1027/470
f 784/896/1906 1160/977/1934 2219/1001/1933 1159/1002/1932
f 616/975/478 1411/998/476 2220/976/1935 1161/955/1936
f 614/1000/472 1160/977/1934 2220/976/1935 1411/998/476
f 784/896/1906 1161/955/1936 2220/976/1935 1160/977/1934
f 618/953/484 1414/974/482 2221/954/1937 1162/936/1938
f 616/975/478 1161/955/1936 2221/954/1937 1414/974/482
f 784/896/1906 1162/936/1938 2221/954/1937 1161/955/1936
f 620/933/490 1417/951/488 2222/935/1939 1163/920/1940
f 618/953/484 1162/936/1938 2222/935/1939 1417/951/488
f 784/896/1906 1163/920/1940 2222/935/1939 1162/936/1938
f 622/904/496 1420/917/494 2223/919/1941 1164/906/1942
f 620/933/490 1163/920/1940 2223/919/1941 1420/917/494
f 784/896/1906 1164/906/1942 2223/919/1941 1163/920/1940
f 584/883/383 1423/893/500 2224/895/1943 1145/887/1905
f 622/904/496 1164/906/1942 2224/895/1943 1423/893/500
f 784/896/1906 1145/887/1905 2224/895/1943 1164/906/1942
f 563/1746/1828 1106/1745/1827 2225/1777/1944 1166/1778/1945
f 564/1776/1826 1165/1812/1946 2225/1777/1944 1106/1745/1827
f 583/1813/1947 1166/1778/1945 2225/1777/1944 1165/1812/1946
f 564/1776/1826 1109/1811/1832 2226/1847/1948 1165/1812/1946
f 565/1846/1831 1167/1849/1949 2226/1847/1948 1109/1811/1832
f 583/1813/1947 1165/1812/1946 2226/1847/1948 1167/1849/1949
f 565/1846/1831 1111/1879/1836 2227/1882/1950 1167/1849/1949
f 566/1913/1835 1168/1883/1951 2227/1882/1950 1111/1879/1836
f 583/1813/1947 1167/1849/1949 2227/1882/1950 1168/1883/1951
f 566/1913/1835 1113/1947/1840 2228/1916/1952 1168/1883/1951
f 567/1951/1839 1169/1917/1953 2228/1916/1952 1113/1947/1840
f 583/1813/1947 1168/1883/1951 2228/1916/1952 1169/1917/1953
f 567/1951/1839 1115/1986/1844 2229/1952/1954 1169/1917/1953
f 568/1987/1843 1170/1953/1955 2229/1952/1954 1115/1986/1844
f 583/1813/1947 1169/1917/1953 2229/1952/1954 1170/1953/1955
f 568/1987/1843 1117/2019/1848 2230/1988/1956 1170/1953/1955
f 569/2020/1847 1171/1989/1957 2230/1988/1956 1117/2019/1848
f 583/1813/1947 1170/1953/1955 2230/1988/1956 1171/1989/1957
f 569/2020/1847 1119/2049/1852 2231/2021/1958 1171/1989/1957
f 570/2051/1851 1172/2022/1959 2231/2021/1958 1119/2049/1852
f 583/1813/1947 1171/1989/1957 2231/2021/1958 1172/2022/1959
f 570/2051/1851 1121/2078/1856 2232/2052/1960 1172/2022/1959
f 571/2080/1855 1173/2053/1961 2232/2052/1960 1121/2078/1856
f 583/1813/1947 1172/2022/1959 2232/2052/1960 1173/2053/1961
f 571/2080/1855 1123/2105/1860 2233/2081/1962 1173/2053/1961
f 572/2107/1859 1174/2082/1963 2233/2081/1962 1123/2105/1860
f 583/1813/1947 1173/2053/1961 2233/2081/1962 1174/2082/1963
f 572/2107/1859 1125/2131/1864 2234/2108/1964 1174/2082/1963
f 573/2133/1863 1175/2109/1965 2234/2108/1964 1125/2131/1864
f 583/1813/1947 1174/2082/1963 2234/2108/1964 1175/2109/1965
f 573/2133/1863 1127/2143/1868 2235/2123/1966 1175/2109/1965
f 574/2124/1867 1176/2098/1967 2235/2123/1966 1127/2143/1868
f 583/1813/1947 1175/2109/1965 2235/2123/1966 1176/2098/1967
f 574/2124/1867 1129/2125/1872 2236/2099/1968 1176/2098/1967
f 575/2100/1871 1177/2071/1969 2236/2099/1968 1129/2125/1872
f 583/1813/1947 1176/2098/1967 2236/2099/1968 1177/2071/1969
f 575/2100/1871 1131/2101/1876 2237/2072/1970 1177/2071/1969
f 576/2073/1875 1178/2044/1971 2237/2072/1970 1131/2101/1876
f 583/1813/1947 1177/2071/1969 2237/2072/1970 1178/2044/1971
f 576/2073/1875 1133/2074/1880 2238/2045/1972 1178/2044/1971
f 577/2046/1879 1179/2015/1973 2238/2045/1972 1133/2074/1880
f 583/1813/1947 1178/2044/1971 2238/2045/1972 1179/2015/1973
f 577/2046/1879 1135/2047/1884 2239/2016/1974 1179/2015/1973
f 578/2017/1883 1180/1982/1975 2239/2016/1974 1135/2047/1884
f 583/1813/1947 1179/2015/1973 2239/2016/1974 1180/1982/1975
f 578/2017/1883 1137/2018/1888 2240/1983/1976 1180/1982/1975
f 579/1984/1887 1181/1948/1977 2240/1983/1976 1137/2018/1888
f 583/1813/1947 1180/1982/1975 2240/1983/1976 1181/1948/1977
f 579/1984/1887 1139/1985/1892 2241/1949/1978 1181/1948/1977
f 580/1950/1891 1182/1914/1979 2241/1949/1978 1139/1985/1892
f 583/1813/1947 1181/1948/1977 2241/1949/1978 1182/1914/1979
f 580/1950/1891 1141/1918/1896 2242/1915/1980 1182/1914/1979
f 581/1884/1895 1183/1880/1981 2242/1915/1980 1141/1918/1896
f 583/1813/1947 1182/1914/1979 2242/1915/1980 1183/1880/1981
f 581/1884/1895 1143/1850/1900 2243/1881/1982 1183/1880/1981
f 582/1815/1899 1184/1848/1983 2243/1881/1982 1143/1850/1900
f 583/1813/1947 1183/1880/1981 2243/1881/1982 1184/1848/1983
f 582/1815/1899 1144/1779/1902 2244/1814/1984 1184/1848/1983
f 563/1746/1828 1166/1778/1945 2244/1814/1984 1144/1779/1902
f 583/1813/1947 1184/1848/1983 2244/1814/1984 1166/1778/1945
f 384/403/1147 1745/395/1144 2245/385/1985 1187/394/1986
f 1745/395/1144 383/396/1143 1185/386/1987 2245/385/1985
f 2245/385/1985 1185/386/1987 795/376/1988 1186/375/1989
f 1187/394/1986 2245/385/1985 1186/375/1989 796/384/1990
f 385/2397/1154 1749/2398/1152 2246/2386/1991 1189/2385/1992
f 1749/2398/1152 384/2411/1147 1187/2399/1986 2246/2386/1991
f 2246/2386/1991 1187/2399/1986 796/2387/1990 1188/2374/1993
f 1189/2385/1992 2246/2386/1991 1188/2374/1993 797/2373/1994
f 386/2419/1160 1752/2408/1158 2247/2396/1995 1191/2407/1996
f 1752/2408/1158 385/2397/1154 1189/2385/1992 2247/2396/1995
f 2247/2396/1995 1189/2385/1992 797/2373/1994 1190/2384/1997
f 1191/2407/1996 2247/2396/1995 1190/2384/1997 798/2395/1998
f 387/2444/1166 1755/2432/1164 2248/2418/1999 1193/2431/2000
f 1755/2432/1164 386/2419/1160 1191/2407/1996 2248/2418/1999
f 2248/2418/1999 1191/2407/1996 798/2395/1998 1192/2406/2001
f 1193/2431/2000 2248/2418/1999 1192/2406/2001 799/2417/2002
f 388/2463/1172 1758/2455/1170 2249/2443/2003 1195/2454/2004
f 1758/2455/1170 387/2444/1166 1193/2431/2000 2249/2443/2003
f 2249/2443/2003 1193/2431/2000 799/2417/2002 1194/2430/2005
f 1195/2454/2004 2249/2443/2003 1194/2430/2005 800/2442/2006
f 389/2476/1178 1761/2470/1176 2250/2462/2007 1197/2469/2008
f 1761/2470/1176 388/2463/1172 1195/2454/2004 2250/2462/2007
f 2250/2462/2007 1195/2454/2004 800/2442/2006 1196/2453/2009
f 1197/2469/2008 2250/2462/2007 1196/2453/2009 801/2461/2010
f 390/2486/1184 1764/2480/1182 2251/2474/2011 1199/2481/2012
f 1764/2480/1182 389/2476/1178 1197/2469/2008 2251/2474/2011
f 2251/2474/2011 1197/2469/2008 801/2461/2010 1198/2467/2013
f 1199/2481/2012 2251/2474/2011 1198/2467/2013 802/2475/2014
f 391/598/1190 1767/599/1188 2252/590/2015 1201/589/2016
f 1767/599/1188 390/609/1184 1199/600/2012 2252/590/2015
f 2252/590/2015 1199/600/2012 802/591/2014 1200/580/2017
f 1201/589/2016 2252/590/2015 1200/580/2017 803/579/2018
f 392/614/1196 1770/606/1194 2253/597/2019 1203/605/2020
f 1770/606/1194 391/598/1190 1201/589/2016 2253/597/2019
f 2253/597/2019 1201/589/2016 803/579/2018 1202/588/2021
f 1203/605/2020 2253/597/2019 1202/588/2021 804/596/2022
f 393/629/1202 1773/622/1200 2254/613/2023 1205/621/2024
f 1773/622/1200 392/614/1196 1203/605/2020 2254/613/2023
f 2254/613/2023 1203/605/2020 804/596/2022 1204/604/2025
f 1205/621/2024 2254/613/2023 1204/604/2025 785/612/2026
f 394/640/1208 1776/634/1206 2255/628/2027 1207/633/2028
f 1776/634/1206 393/629/1202 1205/621/2024 2255/628/2027
f 2255/628/2027 1205/621/2024 785/612/2026 1206/620/2029
f 1207/633/2028 2255/628/2027 1206/620/2029 786/627/2030
f 395/2619/1214 1779/2620/1212 2256/2608/2031 1209/2607/2032
f 1779/2620/1212 394/2633/1208 1207/2621/2028 2256/2608/2031
f 2256/2608/2031 1207/2621/2028 786/2609/2030 1208/2596/2033
f 1209/2607/2032 2256/2608/2031 1208/2596/2033 787/2595/2034
f 396/2641/1220 1782/2630/1218 2257/2618/2035 1211/2629/2036
f 1782/2630/1218 395/2619/1214 1209/2607/2032 2257/2618/2035
f 2257/2618/2035 1209/2607/2032 787/2595/2034 1210/2606/2037
f 1211/2629/2036 2257/2618/2035 1210/2606/2037 788/2617/2038
f 397/2666/1226 1785/2654/1224 2258/2640/2039 1213/2653/2040
f 1785/2654/1224 396/2641/1220 1211/2629/2036 2258/2640/2039
f 2258/2640/2039 1211/2629/2036 788/2617/2038 1212/2628/2041
f 1213/2653/2040 2258/2640/2039 1212/2628/2041 789/2639/2042
f 398/2690/1232 1788/2680/1230 2259/2665/2043 1215/2679/2044
f 1788/2680/1230 397/2666/1226 1213/2653/2040 2259/2665/2043
f 2259/2665/2043 1213/2653/2040 789/2639/2042 1214/2652/2045
f 1215/2679/2044 2259/2665/2043 1214/2652/2045 790/2664/2046
f 399/2705/1238 1791/2698/1236 2260/2689/2047 1217/2697/2048
f 1791/2698/1236 398/2690/1232 1215/2679/2044 2260/2689/2047
f 2260/2689/2047 1215/2679/2044 790/2664/2046 1216/2678/2049
f 1217/2697/2048 2260/2689/2047 1216/2678/2049 791/2688/2050
f 400/2717/1244 1794/2710/1242 2261/2703/2051 1219/2711/2052
f 1794/2710/1242 399/2705/1238 1217/2697/2048 2261/2703/2051
f 2261/2703/2051 1217/2697/2048 791/2688/2050 1218/2695/2053
f 1219/2711/2052 2261/2703/2051 1218/2695/2053 792/2704/2054
f 401/432/1250 1797/440/1248 2262/433/2055 1221/426/2056
f 1797/440/1248 400/446/1244 1219/441/2052 2262/433/2055
f 2262/433/2055 1219/441/2052 792/434/2054 1220/427/2057
f 1221/426/2056 2262/433/2055 1220/427/2057 793/418/2058
f 402/416/1256 1800/425/1254 2263/417/2059 1223/407/2060
f 1800/425/1254 401/432/1250 1221/426/2056 2263/417/2059
f 2263/417/2059 1221/426/2056 793/418/2058 1222/408/2061
f 1223/407/2060 2263/417/2059 1222/408/2061 794/398/2062
f 383/396/1143 1803/406/1260 2264/397/2063 1185/386/1987
f 1803/406/1260 402/416/1256 1223/407/2060 2264/397/2063
f 2264/397/2063 1223/407/2060 794/398/2062 1224/387/2064
f 1185/386/1987 2264/397/2063 1224/387/2064 795/376/1988
f 786/627/2030 1206/620/2029 2265/611/2065 1227/619/2066
f 1206/620/2029 785/612/2026 1225/603/2067 2265/611/2065
f 2265/611/2065 1225/603/2067 826/594/2068 1226/602/2069
f 1227/619/2066 2265/611/2065 1226/602/2069 827/610/2070
f 787/2595/2034 1208/2596/2033 2266/2584/2071 1229/2583/2072
f 1208/2596/2033 786/2609/2030 1227/2597/2066 2266/2584/2071
f 2266/2584/2071 1227/2597/2066 827/2585/2070 1228/2570/2073
f 1229/2583/2072 2266/2584/2071 1228/2570/2073 828/2569/2074
f 788/2617/2038 1210/2606/2037 2267/2594/2075 1231/2605/2076
f 1210/2606/2037 787/2595/2034 1229/2583/2072 2267/2594/2075
f 2267/2594/2075 1229/2583/2072 828/2569/2074 1230/2582/2077
f 1231/2605/2076 2267/2594/2075 1230/2582/2077 829/2593/2078
f 789/2639/2042 1212/2628/2041 2268/2616/2079 1233/2627/2080
f 1212/2628/2041 788/2617/2038 1231/2605/2076 2268/2616/2079
f 2268/2616/2079 1231/2605/2076 829/2593/2078 1232/2604/2081
f 1233/2627/2080 2268/2616/2079 1232/2604/2081 830/2615/2082
f 790/2664/2046 1214/2652/2045 2269/2638/2083 1235/2651/2084
f 1214/2652/2045 789/2639/2042 1233/2627/2080 2269/2638/2083
f 2269/2638/2083 1233/2627/2080 830/2615/2082 1234/2626/2085
f 1235/2651/2084 2269/2638/2083 1234/2626/2085 831/2637/2086
f 791/2688/2050 1216/2678/2049 2270/2663/2087 1237/2677/2088
f 1216/2678/2049 790/2664/2046 1235/2651/2084 2270/2663/2087
f 2270/2663/2087 1235/2651/2084 831/2637/2086 1236/2650/2089
f 1237/2677/2088 2270/2663/2087 1236/2650/2089 832/2662/2090
f 792/2704/2054 1218/2695/2053 2271/2686/2091 1239/2696/2092
f 1218/2695/2053 791/2688/2050 1237/2677/2088 2271/2686/2091
f 2271/2686/2091 1237/2677/2088 832/2662/2090 1238/2675/2093
f 1239/2696/2092 2271/2686/2091 1238/2675/2093 833/2687/2094
f 793/418/2058 1220/427/2057 2272/419/2095 1241/409/2096
f 1220/427/2057 792/434/2054 1239/428/2092 2272/419/2095
f 2272/419/2095 1239/428/2092 833/420/2094 1240/410/2097
f 1241/409/2096 2272/419/2095 1240/410/2097 834/400/2098
f 794/398/2062 1222/408/2061 2273/399/2099 1243/388/2100
f 1222/408/2061 793/418/2058 1241/409/2096 2273/399/2099
f 2273/399/2099 1241/409/2096 834/400/2098 1242/389/2101
f 1243/388/2100 2273/399/2099 1242/389/2101 835/378/2102
f 795/376/1988 1224/387/2064 2274/377/2103 1245/366/2104
f 1224/387/2064 794/398/2062 1243/388/2100 2274/377/2103
f 2274/377/2103 1243/388/2100 835/378/2102 1244/367/2105
f 1245/366/2104 2274/377/2103 1244/367/2105 836/356/2106
f 796/384/1990 1186/375/1989 2275/365/2107 1247/374/2108
f 1186/375/1989 795/376/1988 1245/366/2104 2275/365/2107
f 2275/365/2107 1245/366/2104 836/356/2106 1246/355/2109
f 1247/374/2108 2275/365/2107 1246/355/2109 837/364/2110
f 797/2373/1994 1188/2374/1993 2276/2362/2111 1249/2361/2112
f 1188/2374/1993 796/2387/1990 1247/2375/2108 2276/2362/2111
f 2276/2362/2111 1247/2375/2108 837/2363/2110 1248/2348/2113
f 1249/2361/2112 2276/2362/2111 1248/2348/2113 838/2347/2114
f 798/2395/1998 1190/2384/1997 2277/2372/2115 1251/2383/2116
f 1190/2384/1997 797/2373/1994 1249/2361/2112 2277/2372/2115
f 2277/2372/2115 1249/2361/2112 838/2347/2114 1250/2360/2117
f 1251/2383/2116 2277/2372/2115 1250/2360/2117 839/2371/2118
f 799/2417/2002 1192/2406/2001 2278/2394/2119 1253/2405/2120
f 1192/2406/2001 798/2395/1998 1251/2383/2116 2278/2394/2119
f 2278/2394/2119 1251/2383/2116 839/2371/2118 1252/2382/2121
f 1253/2405/2120 2278/2394/2119 1252/2382/2121 840/2393/2122
f 800/2442/2006 1194/2430/2005 2279/2416/2123 1255/2429/2124
f 1194/2430/2005 799/2417/2002 1253/2405/2120 2279/2416/2123
f 2279/2416/2123 1253/2405/2120 840/2393/2122 1254/2404/2125
f 1255/2429/2124 2279/2416/2123 1254/2404/2125 841/2415/2126
f 801/2461/2010 1196/2453/2009 2280/2441/2127 1257/2452/2128
f 1196/2453/2009 800/2442/2006 1255/2429/2124 2280/2441/2127
f 2280/2441/2127 1255/2429/2124 841/2415/2126 1256/2428/2129
f 1257/2452/2128 2280/2441/2127 1256/2428/2129 842/2440/2130
f 802/2475/2014 1198/2467/2013 2281/2459/2131 1259/2468/2132
f 1198/2467/2013 801/2461/2010 1257/2452/2128 2281/2459/2131
f 2281/2459/2131 1257/2452/2128 842/2440/2130 1258/2450/2133
f 1259/2468/2132 2281/2459/2131 1258/2450/2133 843/2460/2134
f 803/579/2018 1200/580/2017 2282/570/2135 1261/569/2136
f 1200/580/2017 802/591/2014 1259/581/2132 2282/570/2135
f 2282/570/2135 1259/581/2132 843/571/2134 1260/560/2137
f 1261/569/2136 2282/570/2135 1260/560/2137 844/559/2138
f 804/596/2022 1202/588/2021 2283/578/2139 1263/587/2140
f 1202/588/2021 803/579/2018 1261/569/2136 2283/578/2139
f 2283/578/2139 1261/569/2136 844/559/2138 1262/568/2141
f 1263/587/2140 2283/578/2139 1262/568/2141 825/577/2142
f 785/612/2026 1204/604/2025 2284/595/2143 1225/603/2067
f 1204/604/2025 804/596/2022 1263/587/2140 2284/595/2143
f 2284/595/2143 1263/587/2140 825/577/2142 1264/586/2144
f 1225/603/2067 2284/595/2143 1264/586/2144 826/594/2068
f 806/2321/2145 1265/2322/2146 2285/2312/2147 1268/2311/2148
f 1265/2322/2146 805/2336/2149 1266/2323/2150 2285/2312/2147
f 2285/2312/2147 1266/2323/2150 857/2324/2151 1267/2303/2152
f 1268/2311/2148 2285/2312/2147 1267/2303/2152 858/2302/2153
f 807/2345/2154 1269/2333/2155 2286/2320/2156 1271/2332/2157
f 1269/2333/2155 806/2321/2145 1268/2311/2148 2286/2320/2156
f 2286/2320/2156 1268/2311/2148 858/2302/2153 1270/2310/2158
f 1271/2332/2157 2286/2320/2156 1270/2310/2158 859/2319/2159
f 808/2369/2160 1272/2358/2161 2287/2344/2162 1274/2357/2163
f 1272/2358/2161 807/2345/2154 1271/2332/2157 2287/2344/2162
f 2287/2344/2162 1271/2332/2157 859/2319/2159 1273/2331/2164
f 1274/2357/2163 2287/2344/2162 1273/2331/2164 860/2343/2165
f 809/2391/2166 1275/2380/2167 2288/2368/2168 1277/2379/2169
f 1275/2380/2167 808/2369/2160 1274/2357/2163 2288/2368/2168
f 2288/2368/2168 1274/2357/2163 860/2343/2165 1276/2356/2170
f 1277/2379/2169 2288/2368/2168 1276/2356/2170 861/2367/2171
f 810/2413/2172 1278/2402/2173 2289/2390/2174 1280/2401/2175
f 1278/2402/2173 809/2391/2166 1277/2379/2169 2289/2390/2174
f 2289/2390/2174 1277/2379/2169 861/2367/2171 1279/2378/2176
f 1280/2401/2175 2289/2390/2174 1279/2378/2176 862/2389/2177
f 811/2439/2178 1281/2424/2179 2290/2412/2180 1283/2425/2181
f 1281/2424/2179 810/2413/2172 1280/2401/2175 2290/2412/2180
f 2290/2412/2180 1280/2401/2175 862/2389/2177 1282/2400/2182
f 1283/2425/2181 2290/2412/2180 1282/2400/2182 863/2426/2183
f 812/529/2184 1284/530/2185 2291/515/2186 1286/514/2187
f 1284/530/2185 811/547/2178 1283/531/2181 2291/515/2186
f 2291/515/2186 1283/531/2181 863/516/2183 1285/500/2188
f 1286/514/2187 2291/515/2186 1285/500/2188 864/499/2189
f 813/557/2190 1287/544/2191 2292/528/2192 1289/543/2193
f 1287/544/2191 812/529/2184 1286/514/2187 2292/528/2192
f 2292/528/2192 1286/514/2187 864/499/2189 1288/513/2194
f 1289/543/2193 2292/528/2192 1288/513/2194 845/527/2195
f 814/575/2196 1290/566/2197 2293/556/2198 1292/565/2199
f 1290/566/2197 813/557/2190 1289/543/2193 2293/556/2198
f 2293/556/2198 1289/543/2193 845/527/2195 1291/542/2200
f 1292/565/2199 2293/556/2198 1291/542/2200 846/555/2201
f 815/592/2202 1293/584/2203 2294/574/2204 1295/583/2205
f 1293/584/2203 814/575/2196 1292/565/2199 2294/574/2204
f 2294/574/2204 1292/565/2199 846/555/2201 1294/564/2206
f 1295/583/2205 2294/574/2204 1294/564/2206 847/573/2207
f 816/2543/2208 1296/2544/2209 2295/2534/2210 1298/2533/2211
f 1296/2544/2209 815/2558/2202 1295/2545/2205 2295/2534/2210
f 2295/2534/2210 1295/2545/2205 847/2546/2207 1297/2525/2212
f 1298/2533/2211 2295/2534/2210 1297/2525/2212 848/2524/2213
f 817/2567/2214 1299/2555/2215 2296/2542/2216 1301/2554/2217
f 1299/2555/2215 816/2543/2208 1298/2533/2211 2296/2542/2216
f 2296/2542/2216 1298/2533/2211 848/2524/2213 1300/2532/2218
f 1301/2554/2217 2296/2542/2216 1300/2532/2218 849/2541/2219
f 818/2591/2220 1302/2580/2221 2297/2566/2222 1304/2579/2223
f 1302/2580/2221 817/2567/2214 1301/2554/2217 2297/2566/2222
f 2297/2566/2222 1301/2554/2217 849/2541/2219 1303/2553/2224
f 1304/2579/2223 2297/2566/2222 1303/2553/2224 850/2565/2225
f 819/2613/2226 1305/2602/2227 2298/2590/2228 1307/2601/2229
f 1305/2602/2227 818/2591/2220 1304/2579/2223 2298/2590/2228
f 2298/2590/2228 1304/2579/2223 850/2565/2225 1306/2578/2230
f 1307/2601/2229 2298/2590/2228 1306/2578/2230 851/2589/2231
f 820/2635/2232 1308/2624/2233 2299/2612/2234 1310/2623/2235
f 1308/2624/2233 819/2613/2226 1307/2601/2229 2299/2612/2234
f 2299/2612/2234 1307/2601/2229 851/2589/2231 1309/2600/2236
f 1310/2623/2235 2299/2612/2234 1309/2600/2236 852/2611/2237
f 821/2661/2238 1311/2646/2239 2300/2634/2240 1313/2647/2241
f 1311/2646/2239 820/2635/2232 1310/2623/2235 2300/2634/2240
f 2300/2634/2240 1310/2623/2235 852/2611/2237 1312/2622/2242
f 1313/2647/2241 2300/2634/2240 1312/2622/2242 853/2648/2243
f 822/380/2244 1314/391/2245 2301/381/2246 1316/370/2247
f 1314/391/2245 821/402/2238 1313/392/2241 2301/381/2246
f 2301/381/2246 1313/392/2241 853/382/2243 1315/371/2248
f 1316/370/2247 2301/381/2246 1315/371/2248 854/360/2249
f 823/358/2250 1317/369/2251 2302/359/2252 1319/343/2253
f 1317/369/2251 822/380/2244 1316/370/2247 2302/359/2252
f 2302/359/2252 1316/370/2247 854/360/2249 1318/344/2254
f 1319/343/2253 2302/359/2252 1318/344/2254 855/329/2255
f 824/327/2256 1320/342/2257 2303/328/2258 1322/313/2259
f 1320/342/2257 823/358/2250 1319/343/2253 2303/328/2258
f 2303/328/2258 1319/343/2253 855/329/2255 1321/314/2260
f 1322/313/2259 2303/328/2258 1321/314/2260 856/299/2261
f 805/339/2149 1323/326/2262 2304/312/2263 1266/325/2150
f 1323/326/2262 824/327/2256 1322/313/2259 2304/312/2263
f 2304/312/2263 1322/313/2259 856/299/2261 1324/298/2264
f 1266/325/2150 2304/312/2263 1324/298/2264 857/311/2151
f 826/594/2068 1264/586/2144 2305/576/2265 1326/585/2266
f 1264/586/2144 825/577/2142 1325/567/2267 2305/576/2265
f 2305/576/2265 1325/567/2267 813/557/2190 1290/566/2197
f 1326/585/2266 2305/576/2265 1290/566/2197 814/575/2196
f 827/610/2070 1226/602/2069 2306/593/2268 1327/601/2269
f 1226/602/2069 826/594/2068 1326/585/2266 2306/593/2268
f 2306/593/2268 1326/585/2266 814/575/2196 1293/584/2203
f 1327/601/2269 2306/593/2268 1293/584/2203 815/592/2202
f 828/2569/2074 1228/2570/2073 2307/2557/2270 1328/2556/2271
f 1228/2570/2073 827/2585/2070 1327/2571/2269 2307/2557/2270
f 2307/2557/2270 1327/2571/2269 815/2558/2202 1296/2544/2209
f 1328/2556/2271 2307/2557/2270 1296/2544/2209 816/2543/2208
f 829/2593/2078 1230/2582/2077 2308/2568/2272 1329/2581/2273
f 1230/2582/2077 828/2569/2074 1328/2556/2271 2308/2568/2272
f 2308/2568/2272 1328/2556/2271 816/2543/2208 1299/2555/2215
f 1329/2581/2273 2308/2568/2272 1299/2555/2215 817/2567/2214
f 830/2615/2082 1232/2604/2081 2309/2592/2274 1330/2603/2275
f 1232/2604/2081 829/2593/2078 1329/2581/2273 2309/2592/2274
f 2309/2592/2274 1329/2581/2273 817/2567/2214 1302/2580/2221
f 1330/2603/2275 2309/2592/2274 1302/2580/2221 818/2591/2220
f 831/2637/2086 1234/2626/2085 2310/2614/2276 1331/2625/2277
f 1234/2626/2085 830/2615/2082 1330/2603/2275 2310/2614/2276
f 2310/2614/2276 1330/2603/2275 818/2591/2220 1305/2602/2227
f 1331/2625/2277 2310/2614/2276 1305/2602/2227 819/2613/2226
f 832/2662/2090 1236/2650/2089 2311/2636/2278 1332/2649/2279
f 1236/2650/2089 831/2637/2086 1331/2625/2277 2311/2636/2278
f 2311/2636/2278 1331/2625/2277 819/2613/2226 1308/2624/2233
f 1332/2649/2279 2311/2636/2278 1308/2624/2233 820/2635/2232
f 833/2687/2094 1238/2675/2093 2312/2660/2280 1333/2676/2281
f 1238/2675/2093 832/2662/2090 1332/2649/2279 2312/2660/2280
f 2312/2660/2280 1332/2649/2279 820/2635/2232 1311/2646/2239
f 1333/2676/2281 2312/2660/2280 1311/2646/2239 821/2661/2238
f 834/400/2098 1240/410/2097 2313/401/2282 1334/390/2283
f 1240/410/2097 833/420/2094 1333/411/2281 2313/401/2282
f 2313/401/2282 1333/411/2281 821/402/2238 1314/391/2245
f 1334/390/2283 2313/401/2282 1314/391/2245 822/380/2244
f 835/378/2102 1242/389/2101 2314/379/2284 1335/368/2285
f 1242/389/2101 834/400/2098 1334/390/2283 2314/379/2284
f 2314/379/2284 1334/390/2283 822/380/2244 1317/369/2251
f 1335/368/2285 2314/379/2284 1317/369/2251 823/358/2250
f 836/356/2106 1244/367/2105 2315/357/2286 1336/341/2287
f 1244/367/2105 835/378/2102 1335/368/2285 2315/357/2286
f 2315/357/2286 1335/368/2285 823/358/2250 1320/342/2257
f 1336/341/2287 2315/357/2286 1320/342/2257 824/327/2256
f 837/364/2110 1246/355/2109 2316/340/2288 1337/354/2289
f 1246/355/2109 836/356/2106 1336/341/2287 2316/340/2288
f 2316/340/2288 1336/341/2287 824/327/2256 1323/326/2262
f 1337/354/2289 2316/340/2288 1323/326/2262 805/339/2149
f 838/2347/2114 1248/2348/2113 2317/2335/2290 1338/2334/2291
f 1248/2348/2113 837/2363/2110 1337/2349/2289 2317/2335/2290
f 2317/2335/2290 1337/2349/2289 805/2336/2149 1265/2322/2146
f 1338/2334/2291 2317/2335/2290 1265/2322/2146 806/2321/2145
f 839/2371/2118 1250/2360/2117 2318/2346/2292 1339/2359/2293
f 1250/2360/2117 838/2347/2114 1338/2334/2291 2318/2346/2292
f 2318/2346/2292 1338/2334/2291 806/2321/2145 1269/2333/2155
f 1339/2359/2293 2318/2346/2292 1269/2333/2155 807/2345/2154
f 840/2393/2122 1252/2382/2121 2319/2370/2294 1340/2381/2295
f 1252/2382/2121 839/2371/2118 1339/2359/2293 2319/2370/2294
f 2319/2370/2294 1339/2359/2293 807/2345/2154 1272/2358/2161
f 1340/2381/2295 2319/2370/2294 1272/2358/2161 808/2369/2160
f 841/2415/2126 1254/2404/2125 2320/2392/2296 1341/2403/2297
f 1254/2404/2125 840/2393/2122 1340/2381/2295 2320/2392/2296
f 2320/2392/2296 1340/2381/2295 808/2369/2160 1275/2380/2167
f 1341/2403/2297 2320/2392/2296 1275/2380/2167 809/2391/2166
f 842/2440/2130 1256/2428/2129 2321/2414/2298 1342/2427/2299
f 1256/2428/2129 841/2415/2126 1341/2403/2297 2321/2414/2298
f 2321/2414/2298 1341/2403/2297 809/2391/2166 1278/2402/2173
f 1342/2427/2299 2321/2414/2298 1278/2402/2173 810/2413/2172
f 843/2460/2134 1258/2450/2133 2322/2438/2300 1343/2451/2301
f 1258/2450/2133 842/2440/2130 1342/2427/2299 2322/2438/2300
f 2322/2438/2300 1342/2427/2299 810/2413/2172 1281/2424/2179
f 1343/2451/2301 2322/2438/2300 1281/2424/2179 811/2439/2178
f 844/559/2138 1260/560/2137 2323/546/2302 1344/545/2303
f 1260/560/2137 843/571/2134 1343/561/2301 2323/546/2302
f 2323/546/2302 1343/561/2301 811/547/2178 1284/530/2185
f 1344/545/2303 2323/546/2302 1284/530/2185 812/529/2184
f 825/577/2142 1262/568/2141 2324/558/2304 1325/567/2267
f 1262/568/2141 844/559/2138 1344/545/2303 2324/558/2304
f 2324/558/2304 1344/545/2303 812/529/2184 1287/544/2191
f 1325/567/2267 2324/558/2304 1287/544/2191 813/557/2190
f 846/555/2201 1291/542/2200 2325/526/2305 1346/541/2306
f 1291/542/2200 845/527/2195 1345/512/2307 2325/526/2305
f 2325/526/2305 1345/512/2307 773/497/1099 1725/511/1104
f 1346/541/2306 2325/526/2305 1725/511/1104 774/525/1103
f 847/573/2207 1294/564/2206 2326/554/2308 1347/563/2309
f 1294/564/2206 846/555/2201 1346/541/2306 2326/554/2308
f 2326/554/2308 1346/541/2306 774/525/1103 1727/540/1108
f 1347/563/2309 2326/554/2308 1727/540/1108 775/553/1107
f 848/2524/2213 1297/2525/2212 2327/2517/2310 1348/2516/2311
f 1297/582/2212 847/573/2207 1347/563/2309 2327/572/2310
f 2327/572/2310 1347/563/2309 775/553/1107 1729/562/1112
f 1348/2516/2311 2327/2517/2310 1729/2510/1112 776/2509/1111
f 849/2541/2219 1300/2532/2218 2328/2523/2312 1349/2531/2313
f 1300/2532/2218 848/2524/2213 1348/2516/2311 2328/2523/2312
f 2328/2523/2312 1348/2516/2311 776/2509/1111 1731/2515/1116
f 1349/2531/2313 2328/2523/2312 1731/2515/1116 777/2522/1115
f 850/2565/2225 1303/2553/2224 2329/2540/2314 1350/2552/2315
f 1303/2553/2224 849/2541/2219 1349/2531/2313 2329/2540/2314
f 2329/2540/2314 1349/2531/2313 777/2522/1115 1733/2530/1120
f 1350/2552/2315 2329/2540/2314 1733/2530/1120 778/2539/1119
f 851/2589/2231 1306/2578/2230 2330/2564/2316 1351/2577/2317
f 1306/2578/2230 850/2565/2225 1350/2552/2315 2330/2564/2316
f 2330/2564/2316 1350/2552/2315 778/2539/1119 1735/2551/1124
f 1351/2577/2317 2330/2564/2316 1735/2551/1124 779/2563/1123
f 852/2611/2237 1309/2600/2236 2331/2588/2318 1352/2599/2319
f 1309/2600/2236 851/2589/2231 1351/2577/2317 2331/2588/2318
f 2331/2588/2318 1351/2577/2317 779/2563/1123 1737/2576/1128
f 1352/2599/2319 2331/2588/2318 1737/2576/1128 780/2587/1127
f 853/382/2243 1312/393/2242 2332/383/2320 1353/372/2321
f 1312/2622/2242 852/2611/2237 1352/2599/2319 2332/2610/2320
f 2332/2610/2320 1352/2599/2319 780/2587/1127 1739/2598/1132
f 1353/372/2321 2332/383/2320 1739/373/1132 781/362/1131
f 854/360/2249 1315/371/2248 2333/361/2322 1354/345/2323
f 1315/371/2248 853/382/2243 1353/372/2321 2333/361/2322
f 2333/361/2322 1353/372/2321 781/362/1131 1741/346/1136
f 1354/345/2323 2333/361/2322 1741/346/1136 782/331/1135
f 783/301/1139 1355/315/2324 2334/330/2325 1743/316/1140
f 1355/315/2324 855/329/2255 1318/344/2254 2334/330/2325
f 2334/330/2325 1318/344/2254 854/360/2249 1354/345/2323
f 1743/316/1140 2334/330/2325 1354/345/2323 782/331/1135
f 856/299/2261 1321/314/2260 2335/300/2326 1356/288/2327
f 1321/314/2260 855/329/2255 1355/315/2324 2335/300/2326
f 2335/300/2326 1355/315/2324 783/301/1139 1744/289/1142
f 1356/288/2327 2335/300/2326 1744/289/1142 765/275/1068
f 857/311/2151 1324/298/2264 2336/287/2328 1357/297/2329
f 1324/298/2264 856/299/2261 1356/288/2327 2336/287/2328
f 2336/287/2328 1356/288/2327 765/275/1068 1706/274/1067
f 1357/297/2329 2336/287/2328 1706/274/1067 764/286/1066
f 858/2302/2153 1267/2303/2152 2337/2295/2330 1358/2294/2331
f 1267/324/2152 857/311/2151 1357/297/2329 2337/310/2330
f 2337/310/2330 1357/297/2329 764/286/1066 1709/296/1072
f 1358/2294/2331 2337/2295/2330 1709/2288/1072 766/2287/1071
f 859/2319/2159 1270/2310/2158 2338/2301/2332 1359/2309/2333
f 1270/2310/2158 858/2302/2153 1358/2294/2331 2338/2301/2332
f 2338/2301/2332 1358/2294/2331 766/2287/1071 1711/2293/1076
f 1359/2309/2333 2338/2301/2332 1711/2293/1076 767/2300/1075
f 860/2343/2165 1273/2331/2164 2339/2318/2334 1360/2330/2335
f 1273/2331/2164 859/2319/2159 1359/2309/2333 2339/2318/2334
f 2339/2318/2334 1359/2309/2333 767/2300/1075 1713/2308/1080
f 1360/2330/2335 2339/2318/2334 1713/2308/1080 768/2317/1079
f 861/2367/2171 1276/2356/2170 2340/2342/2336 1361/2355/2337
f 1276/2356/2170 860/2343/2165 1360/2330/2335 2340/2342/2336
f 2340/2342/2336 1360/2330/2335 768/2317/1079 1715/2329/1084
f 1361/2355/2337 2340/2342/2336 1715/2329/1084 769/2341/1083
f 862/2389/2177 1279/2378/2176 2341/2366/2338 1362/2377/2339
f 1279/2378/2176 861/2367/2171 1361/2355/2337 2341/2366/2338
f 2341/2366/2338 1361/2355/2337 769/2341/1083 1717/2354/1088
f 1362/2377/2339 2341/2366/2338 1717/2354/1088 770/2365/1087
f 863/516/2183 1282/532/2182 2342/517/2340 1363/501/2341
f 1282/2400/2182 862/2389/2177 1362/2377/2339 2342/2388/2340
f 2342/2388/2340 1362/2377/2339 770/2365/1087 1719/2376/1092
f 1363/501/2341 2342/517/2340 1719/502/1092 771/489/1091
f 864/499/2189 1285/500/2188 2343/488/2342 1364/487/2343
f 1285/500/2188 863/516/2183 1363/501/2341 2343/488/2342
f 2343/488/2342 1363/501/2341 771/489/1091 1721/473/1096
f 1364/487/2343 2343/488/2342 1721/473/1096 772/472/1095
f 845/527/2195 1288/513/2194 2344/498/2344 1345/512/2307
f 1288/513/2194 864/499/2189 1364/487/2343 2344/498/2344
f 2344/498/2344 1364/487/2343 772/472/1095 1723/486/1100
f 1345/512/2307 2344/498/2344 1723/486/1100 773/497/1099
s 23
f 2345/651/2345 2346/652/2346 2426/653/2347 2407/654/2348
f 2346/652/2346 2347/655/2349 2425/656/2350 2426/653/2347
f 2347/2733/2349 2348/2734/2351 2424/2735/2352 2425/2736/2350
f 2348/2734/2351 2349/2737/2353 2423/2738/2354 2424/2735/2352
f 2349/2737/2353 2350/2741/2355 2422/2742/2356 2423/2738/2354
f 2350/2741/2355 2351/2746/2357 2421/2747/2358 2422/2742/2356
f 2351/687/2357 2352/679/2359 2420/682/2360 2421/688/2358
f 2352/679/2359 2353/680/2361 2419/681/2362 2420/682/2360
f 2353/680/2361 2354/683/2363 2418/684/2364 2419/681/2362
f 2354/683/2363 2355/689/2365 2417/690/2366 2418/684/2364
f 2355/689/2365 2356/695/2367 2416/696/2368 2417/690/2366
f 2356/695/2367 2357/700/2369 2415/701/2370 2416/696/2368
f 2357/2753/2369 2358/2754/2371 2414/2755/2372 2415/2756/2370
f 2358/2754/2371 2359/2757/2373 2413/2758/2374 2414/2755/2372
f 2359/2757/2373 2360/2761/2375 2412/2762/2376 2413/2758/2374
f 2360/2761/2375 2361/2766/2377 2411/2767/2378 2412/2762/2376
f 2361/674/2377 2362/670/2379 2410/671/2380 2411/675/2378
f 2362/670/2379 2363/665/2381 2409/666/2382 2410/671/2380
f 2363/665/2381 2364/659/2383 2408/660/2384 2409/666/2382
f 2364/659/2383 2345/651/2345 2407/654/2348 2408/660/2384
s 24
f 2346/2174/2385 2345/2175/2386 2385/2176/2387
f 2347/2178/2388 2346/2174/2385 2385/2176/2387
f 2348/2180/2389 2347/2178/2388 2385/2176/2387
f 2349/2182/2390 2348/2180/2389 2385/2176/2387
f 2350/2184/2391 2349/2182/2390 2385/2176/2387
f 2351/2186/2392 2350/2184/2391 2385/2176/2387
f 2352/2188/2393 2351/2186/2392 2385/2176/2387
f 2353/2190/2394 2352/2188/2393 2385/2176/2387
f 2354/2192/2395 2353/2190/2394 2385/2176/2387
f 2355/2194/2396 2354/2192/2395 2385/2176/2387
f 2356/2193/2397 2355/2194/2396 2385/2176/2387
f 2357/2191/2398 2356/2193/2397 2385/2176/2387
f 2358/2189/2399 2357/2191/2398 2385/2176/2387
f 2359/2187/2400 2358/2189/2399 2385/2176/2387
f 2360/2185/2401 2359/2187/2400 2385/2176/2387
f 2361/2183/2402 2360/2185/2401 2385/2176/2387
f 2362/2181/2403 2361/2183/2402 2385/2176/2387
f 2363/2179/2404 2362/2181/2403 2385/2176/2387
f 2364/2177/2405 2363/2179/2404 2385/2176/2387
f 2345/2175/2386 2364/2177/2405 2385/2176/2387
s 25
f 2365/2195/2406 2366/2196/2407 2386/2197/2408
f 2366/2196/2407 2367/2198/2409 2386/2197/2408
f 2367/2198/2409 2368/2200/2410 2386/2197/2408
f 2368/2200/2410 2369/2202/2411 2386/2197/2408
f 2369/2202/2411 2370/2204/2412 2386/2197/2408
f 2370/2204/2412 2371/2206/2413 2386/2197/2408
f 2371/2206/2413 2372/2208/2414 2386/2197/2408
f 2372/2208/2414 2373/2210/2415 2386/2197/2408
f 2373/2210/2415 2374/2212/2416 2386/2197/2408
f 2374/2212/2416 2375/2214/2417 2386/2197/2408
f 2375/2214/2417 2376/2215/2418 2386/2197/2408
f 2376/2215/2418 2377/2213/2419 2386/2197/2408
f 2377/2213/2419 2378/2211/2420 2386/2197/2408
f 2378/2211/2420 2379/2209/2421 2386/2197/2408
f 2379/2209/2421 2380/2207/2422 2386/2197/2408
f 2380/2207/2422 2381/2205/2423 2386/2197/2408
f 2381/2205/2423 2382/2203/2424 2386/2197/2408
f 2382/2203/2424 2383/2201/2425 2386/2197/2408
f 2383/2201/2425 2384/2199/2426 2386/2197/2408
f 2384/2199/2426 2365/2195/2406 2386/2197/2408
s 23
f 2388/664/2427 2387/658/2428 2365/663/2429 2384/668/2430
f 2389/669/2431 2388/664/2427 2384/668/2430 2383/672/2432
f 2390/673/2433 2389/669/2431 2383/672/2432 2382/676/2434
f 2391/677/2435 2390/673/2433 2382/676/2434 2381/678/2436
f 2392/2768/2437 2391/2770/2435 2381/2772/2436 2380/2771/2438
f 2393/2763/2439 2392/2768/2437 2380/2771/2438 2379/2769/2440
f 2394/2759/2441 2393/2763/2439 2379/2769/2440 2378/2764/2442
f 2395/2760/2443 2394/2759/2441 2378/2764/2442 2377/2765/2444
f 2396/702/2445 2395/704/2443 2377/706/2444 2376/705/2446
f 2397/697/2447 2396/702/2445 2376/705/2446 2375/703/2448
f 2398/691/2449 2397/697/2447 2375/703/2448 2374/698/2450
f 2399/685/2451 2398/691/2449 2374/698/2450 2373/692/2452
f 2400/686/2453 2399/685/2451 2373/692/2452 2372/693/2454
f 2401/694/2455 2400/686/2453 2372/693/2454 2371/699/2456
f 2402/2748/2457 2401/2750/2455 2371/2752/2456 2370/2751/2458
f 2403/2743/2459 2402/2748/2457 2370/2751/2458 2369/2749/2460
f 2404/2739/2461 2403/2743/2459 2369/2749/2460 2368/2744/2462
f 2405/2740/2463 2404/2739/2461 2368/2744/2462 2367/2745/2464
f 2406/657/2465 2405/661/2463 2367/667/2464 2366/662/2466
f 2387/658/2428 2406/657/2465 2366/662/2466 2365/663/2429
f 2408/660/2384 2407/654/2348 2387/658/2428 2388/664/2427
f 2409/666/2382 2408/660/2384 2388/664/2427 2389/669/2431
f 2410/671/2380 2409/666/2382 2389/669/2431 2390/673/2433
f 2411/675/2378 2410/671/2380 2390/673/2433 2391/677/2435
f 2412/2762/2376 2411/2767/2378 2391/2770/2435 2392/2768/2437
f 2413/2758/2374 2412/2762/2376 2392/2768/2437 2393/2763/2439
f 2414/2755/2372 2413/2758/2374 2393/2763/2439 2394/2759/2441
f 2415/2756/2370 2414/2755/2372 2394/2759/2441 2395/2760/2443
f 2416/696/2368 2415/701/2370 2395/704/2443 2396/702/2445
f 2417/690/2366 2416/696/2368 2396/702/2445 2397/697/2447
f 2418/684/2364 2417/690/2366 2397/697/2447 2398/691/2449
f 2419/681/2362 2418/684/2364 2398/691/2449 2399/685/2451
f 2420/682/2360 2419/681/2362 2399/685/2451 2400/686/2453
f 2421/688/2358 2420/682/2360 2400/686/2453 2401/694/2455
f 2422/2742/2356 2421/2747/2358 2401/2750/2455 2402/2748/2457
f 2423/2738/2354 2422/2742/2356 2402/2748/2457 2403/2743/2459
f 2424/2735/2352 2423/2738/2354 2403/2743/2459 2404/2739/2461
f 2425/2736/2350 2424/2735/2352 2404/2739/2461 2405/2740/2463
f 2426/653/2347 2425/656/2350 2405/661/2463 2406/657/2465
f 2407/654/2348 2426/653/2347 2406/657/2465 2387/658/2428
